business_name,email,phone,website,city,state
KPM CPAs & Advisors,info@kpmcpa.com,+14178824300,http://kpmcpa.com/,Springfield,MO
"Braj Aggarwal, CPA, P.C. - CPA and Accountant of NYC",baggarwal@aggarwalcpa.com,+17184264661,https://www.aggarwalcpa.com/,New York,NY
"SC Audit & Accounting Solutions, LLC - CPA",info@scaasolutions.com,+14809483090,http://scaasolutions.com/,Scottsdale,AZ
HIGHBORN CPA,clients@highborncpa.com,+16319740361,http://highborncpa.com/,Citrus Hills,FL
"YWRD, P.C. CPA",contact@ywrd.cpa,+19728782220,https://ywrd.cpa/,Waxahachie,TX
Accounting-in-a-Box,info@accountinginabox.com,+17133802248,https://accountinginabox.com/,Houston,TX
"Gary Mehta, CPA, EA: Accountant of East Brunswick",G.Mehta@fourbrothersfinancial.com,+17328296395,https://fourbrothersfinancial.com/,East Brunswick,NJ
"YWRD, P.C. CPA",contact@ywrd.cpa,+19728782220,http://ywrd.cpa/,Ennis,TX
BDG-CPAs,info@bdgcpa.com,+12016524040,http://bdgcpa.com/,Charleston,SC
Rea,contactus@reacpa.com,+13303396651,https://www.reacpa.com/,Millersburg,OH
Rea,contactus@reacpa.com,+13303396651,https://www.reacpa.com/,Wooster,OH
Rea,contactus@reacpa.com,+13303396651,https://www.reacpa.com/,Medina,OH
Rea,contactus@reacpa.com,+13303396651,https://www.reacpa.com/,Lima,OH
Rea & Associates CPA Firm,contactus@reacpa.com,+13303396651,https://www.reacpa.com/,New Philadelphia,OH
Rea,contactus@reacpa.com,+13303396651,https://www.reacpa.com/,Independence,OH
Rea,contactus@reacpa.com,+13303396651,https://www.reacpa.com/,Mentor,OH
"Sanzone Tax and Accounting, LLC",scott@sanzoneaccounting.com,+14103029899,https://sanzoneaccounting.com/,Glyndon,MD
Houston Skyline Financial CPA,zahra@skylinefinancialcpa.com,+17138971727,https://www.skylinefinancialcpa.com/,Houston,TX
Jina Accounting Services Inc,info@jinaaccounting.com,+18475980817,https://www.jinaaccounting.com/,Schaumburg,IL
Premium Consulting and Tax Services,frontdesk@premiumtaxusa.com,+13212360200,https://premiumtaxusa.com/,Orlando,FL
"J&K Associates, LLC",katy@jkcontractinggroup.com,+17205453682,https://jkassociatesconsulting.com,Denver,CO
Ahad&Co CPA,info@ahadandco.com,+16469045485,https://ahadandco.com/,Forest Hills,NY
"Alexa CPA Group Inc - Accounting, Tax, Audit and Consulting Services for Businesses and Individuals",info@alexacpagroup.com,+13127927920,https://www.alexacpagroup.com/,Buffalo Grove,IL
"Gary Mehta, CPA, EA : Accountant of Delaware",questions@cpadelaware.net,+17328296395,https://cpadelaware.net/,Wilmington,DE
"Gary Mehta, CPA, EA",G.Mehta@fourbrothersfinancial.com,+17328296395,https://fourbrothersfinancial.com/,Red Bank,NJ
HFA,info@hfacpas.com,+17327971333,https://www.hfacpas.com/,Lakewood,NJ
"Gary Mehta, CPA, EA: Accounting Firm of NJ",G.Mehta@fourbrothersfinancial.com,+17328296395,https://fourbrothersfinancial.com/,Totowa,NJ
"BHATIA & CO, INC, CPAs",info@bhatiaco.com,+14083510700,http://bhatiaco.com/,Santa Clara,CA
"BHATIA & CO, INC, CPAs",bhatia@bhatiaco.com,+14083510700,http://bhatiaco.com/,Santa Clara,CA
KBF CPAs LLP,rwang@kbfcpa.com,+8613802441914,http://kbfcpa.com/,Seattle,WA
KBF CPAs LLP,anelson@kbfcpa.com,+8613802441914,http://kbfcpa.com/,Seattle,WA
KBF CPAs LLP,ealulod@kbfcpa.com,+8613802441914,http://kbfcpa.com/,Seattle,WA
"Gary Mehta, CPA, EA",G.Mehta@fourbrothersfinancial.com,+17328296395,https://fourbrothersfinancial.com/,Princeton,NJ
Fuoco Group and TFG Related Entities,cpa@fuoco.com,+15616260400,https://www.fuoco.cpa/,South Miami,FL
"KMG CPA, LLC",info@kmgcpafl.com,+13213376767,https://www.kmgcpafl.com/,Kissimmee,FL
Sensiba LLP,info@sensiba.com,+15594370700,https://sensiba.com/,San Mateo,CA
"Gary Mehta, CPA, EA",G.Mehta@fourbrothersfinancial.com,+17328296395,https://fourbrothersfinancial.com/,Jersey City,NJ
"Gary Mehta, CPA, EA",G.Mehta@fourbrothersfinancial.com,+17328296395,https://fourbrothersfinancial.com/,Newark,NJ
PE CPA,hello@pe-cpa.com,+12818264272,https://pe-cpa.com/,Magnolia,TX
"Bette Hochberger, CPA, CGMA",bette@bettehochberger.com,+19546394060,https://bettehochberger.com/,Hollywood,FL
F. J. Pompo & Co. Certified Public Accountants,correspondence@fjpompo.com,+13154727263,https://www.fjpompo.com/,Syracuse,NY
"Paracha Accounting and Tax Solutions, CPA, PLLC",contact@paracha-accounting.com,+12816370023,https://www.paracha-accounting.com/,Richmond,TX
Lutz Tax Services,info@tax-prep-services.com,+12132554322,https://www.tax-prep-services.com/,Albany,NY
"Quetell & Company, LLP",info@quetell.com,+18774560960,http://quetell.com/,New York,NY
"Tompkins & Peters CPAs, P.C.",info@tpcpas.com,+18885674272,https://www.tpcpas.com/,Helena,MT
"AJE Associates, PC",CAS@lucida.com,+14143515511,https://www.lucida.com/aje-redirect/,Crystal Lake,IL
"AJE Associates, PC",TAX@lucida.com,+14143515511,https://www.lucida.com/aje-redirect/,Crystal Lake,IL
"AJE Associates, PC",support@lucida.com,+14143515511,https://www.lucida.com/aje-redirect/,Crystal Lake,IL
Smith Schafer,info@smithschafer.com,+16513882858,https://www.smithschafer.com/,Red Wing,MN
JTC CPAs,cpa@jtcllp.com,+15203278706,https://jtcllp.com/,Boise,ID
"Greene Finney Cauley, LLP",info@gfc.cpa,+18642258713,http://greenefinneycauley.cpa/,Mauldin,SC
"Campos & Associates, PLLC",frank@frankcamposcpa.com,+19037231040,https://www.frankcamposcpa.com/,Palestine,TX
Windham Brannon,info@windhambrannon.com,+14237083423,https://windhambrannon.com/,Atlanta,GA
San Diego CPA A Professional Tax & Accountancy Corporation,info@sandiegocpas.com,+18588003888,http://sandiegocpas.com/,San Diego,CA
Smith Schafer,info@smithschafer.com,+16513882858,https://www.smithschafer.com/,Rochester,MN
"San Diego, CPA A Professional Tax & Accountancy Corporation",info@sandiegocpas.com,+18588003888,http://sandiegocpas.com/,San Diego,CA
Bumgardner Morrison & Co LLP,bmc@bmccpa.com,+13615750271,https://bmccpa.com/,Victoria,TX
"Tompkins & Peters CPAs, P.C.",info@tpcpas.com,+18885674272,https://www.tpcpas.com/,Las Vegas,NV
"HAAS CPA, PLLC",kelly@haascpas.com,+12067187291,http://haascpas.com/,Seattle,WA
CMP: St George,info@cmp.cpa,+18017428119,https://cmp.cpa/,St. George,UT
"Tompkins & Peters CPAs, P.C.",info@tpcpas.com,+18885674272,https://www.tpcpas.com/,Hamilton,MT
CPA Clinics,info@cpaclinics.com,+12014014805,https://www.cpaclinics.com/,Westbury,NY
Smith Schafer,info@smithschafer.com,+16513882858,https://www.smithschafer.com/,Minneapolis,MN
Rudd & Company PLLC:,info@ruddco.com,+14065491399,http://ruddco.com/,Rexburg,ID
Rudd & Company PLLC:,awainwright@ruddco.com,+14065491399,http://ruddco.com/,Rexburg,ID
Muñoz CPA LLC,fmunoz@franciscomunozcpa.com,+19562193693,https://fmunozcpa.com/,Edinburg,TX
Orbit Accountants,info@orbitaccountants.com,+18446542889,https://orbitaccountants.us/,San Francisco,CA
Orbit Accountants,info@orbitaccountants.ca,+18446542889,https://orbitaccountants.us/,San Francisco,CA
Orbit Accountants,info@orbitaccountants.com,+18446542889,https://orbitaccountants.us/,Chicago,IL
Orbit Accountants,info@orbitaccountants.ca,+18446542889,https://orbitaccountants.us/,Chicago,IL
Empire Tax Preparation & Accounting Astoria,support@empiretaxusa.com,+12123005776,https://www.empiretaxusa.com/,Rego Park,NY
Empire Tax Preparation & Accounting Astoria,accounting@empiretaxusa.com,+12123005776,https://www.empiretaxusa.com/,Rego Park,NY
Bill Torres & Company Inc.,info@btcocpa.com,+13238908180,https://btcocpa.com/,Cerritos,CA
"Daniel Bengio, CPA, PA",anat@bengio.tax,+19546212221,https://bengio.tax/,Hollywood,FL
"Daniel Bengio, CPA, PA",daniel@bengio.tax,+19546212221,https://bengio.tax/,Hollywood,FL
CMP: Salt Lake City,info@cmp.cpa,+18017428119,https://cmp.cpa/,Salt Lake City,UT
Bennett & Company PC,inquiries@bennettcpamn.com,+16516888604,https://www.bennettcpamn.com/,Eagan,MN
"Trudy A. Taylor, CPA",trutaycpa@gmail.com,+17278678632,https://trudytaylorcpa.com/,St. Petersburg,FL
"Trudy A. Taylor, CPA",trudy@trudytaylorcpa.com,+17278678632,https://trudytaylorcpa.com/,St. Petersburg,FL
BJM Peachtree City,info@bjmgroup.com,+16785511019,https://bjmgroup.com/,Peachtree City,GA
The Morrison Firm CPA's and Advisors,admin@cpamorrison.com,+19032515100,https://cpamorrison.com/,Tyler,TX
Kelling CPA Ltd,mail@kellingcpa.com,+17637575116,https://www.kellingcpa.com/,Minneapolis,MN
Petway Mills & Pearson PA,info@pmpcpa.com,+19192697405,http://pmpcpa.com/,Zebulon,NC
Solopreneur Sherpa Tax,info@solosherpa.com,+16572388466,https://solosherpatax.com/,Coeur d'Alene,ID
"Alexa CPA Group Inc - Accounting, Tax, Audit and Consulting Services for Businesses and Individuals",info@alexacpagroup.com,+13127927920,https://www.alexacpagroup.com/,Chicago,IL
Louis Plung & Company LLP,info@louisplung.com,+14122818771,https://louisplung.com/,Pittsburgh,PA
The Curchin Group Certified Public Accountants,info@curchin.com,+17327470500,http://curchin.com/,Red Bank,NJ
NW Premier Accounting,info@nwpremieraccounting.com,+15034007862,https://nwpremieraccounting.com/,Salem,OR
"Lear & Pannepacker, LLP",info@lp-cpa.com,+16098072200,https://lp-cpa.com/,Princeton,NJ
MCP & Associates - Accounting & Tax Firm,accounting@mcpatlanta.com,+16786161363,http://mcpatlanta.com/,Kennesaw,GA
MCP & Associates - Accounting & Tax Firm,info@mcpatlanta.com,+16786161363,http://mcpatlanta.com/,Kennesaw,GA
"Gary Mehta, CPA, EA : Accountant of New York and Beyond",g.mehta@fourbrothersfinancial.com,+13476181018,https://nyaccountingfirm.com/,New York,NY
"Shikha Varshney, CPA PC",info@svcpaus.com,+19084630997,https://svcpaus.com/,Katy,TX
"Shikha Varshney, CPA PC",shikha@svcpaus.com,+19084630997,https://svcpaus.com/,Katy,TX
"Ncrease Financial Services, LLC",info@ncreasefinancialservices.com,+16145271040,https://www.ncreasefinancialservices.com/,Hilliard,OH
Averkamp CPA Group LLC,info@averkampcpa.com,+18886428523,https://www.averkampcpa.com/,Lake Worth Corridor,FL
"Emelia Mensa, CPA",em@emensacpa.com,+14807044294,https://waterbury-cpa.com/,Waterbury,CT
"Marchionda & Ferrer, P.A.",cpa@marchiondaferrer.com,+19737734111,https://www.marchiondaferrer.com/,Clifton,NJ
"SMB CPA Group, PC",contact@smbcpagroup.com,+13235681623,https://www.smbcpagroup.com/,Glendale,CA
VG CPA PC,vikas@vgcpapc.com,+17038808412,https://www.vgcpapc.com/,Ashburn,VA
VG CPA PC,info@vgcpainc.com,+17038808412,https://www.vgcpapc.com/,Ashburn,VA
"SC Audit & Accounting Solutions, LLC",info@scaasolutions.com,+14809483090,http://scaasolutions.com/,Prescott,AZ
Bible Harris Smith PC,mccammon@bhspc.com,+18655462300,http://bhspc.com/,Knoxville,TN
GALVAN CPA & Associates,info@galvancpa.com,+17542452119,http://galvancpa.com/,Lauderhill,FL
"Matthews & Nulty, Inc.",info@matthewsandnulty.com,+17322578604,https://matthewsandnulty.com/,East Brunswick,NJ
REI Bookkeeper,info@reibookkeeper.com,+17133041710,https://reibookkeeper.com/,Houston,TX
PaulHood,human.resources@hoodcpas.com,+19183367600,https://hoodcpas.com/,Tulsa,OK
PaulHood,accounts.receivable@hoodcpas.com,+19183367600,https://hoodcpas.com/,Tulsa,OK
PaulHood,accounts.payable@hoodcpas.com,+19183367600,https://hoodcpas.com/,Tulsa,OK
PaulHood,info@hoodcpas.com,+19183367600,https://hoodcpas.com/,Tulsa,OK
PaulHood,portal.questions@hoodcpas.com,+19183367600,https://hoodcpas.com/,Tulsa,OK
"Burton McCumber & Longoria, LLP | CPA Firm in Brownsville",info@bmltexas.com,+528688121214,https://bmltexas.com/,Brownsville,TX
J D JEUNE CPA PC,info@jdjeunecpapc.com,+12018806444,https://jdjeunecpapc.com/,River Edge,NJ
PaulHood,human.resources@hoodcpas.com,+19183367600,https://hoodcpas.com/,Claremore,OK
PaulHood,accounts.receivable@hoodcpas.com,+19183367600,https://hoodcpas.com/,Claremore,OK
PaulHood,accounts.payable@hoodcpas.com,+19183367600,https://hoodcpas.com/,Claremore,OK
PaulHood,info@hoodcpas.com,+19183367600,https://hoodcpas.com/,Claremore,OK
PaulHood,portal.questions@hoodcpas.com,+19183367600,https://hoodcpas.com/,Claremore,OK
"CPA, IRS Tax Resolution Expert, QBO ProAdvisor - Metro Accounting and Tax Services Atlanta",clientservice@metroaccountingandtaxes.com,+14049903365,https://metroaccountingandtaxes.com/,Atlanta,GA
AJOY - Accounting and Bookkeeping services for Small Businesses,info@ajoymgmt.com,+16465352459,http://ajoymanagement.com/,New York,NY
Ivy Tax and Accounting Services - NYC CPA and Tax Preparer,info@healthytaxes.com,+12122799000,https://www.healthytaxes.com/,New York,NY
Dillard & Associates Accounting & Tax Services,info@dillard-associates.com,+14233398771,https://www.dillard-associates.com/,Cleveland,TN
Dillard & Associates,info@dillard-associates.com,+14233398771,https://www.dillard-associates.com/,Chattanooga,TN
Ahad&Co CPA,info@ahadandco.com,+16469045485,https://ahadandco.com/,Bronx,NY
Finalert - Accounting | Consulting | Technology,info@finalert.net,+13475354499,https://www.finalert.net/,New York,NY
Abacus!,info@abacuspro.com,+14178237171,https://abacuspro.com/,Springfield,MO
Abacus!,info@abacus.cpa,+14178237171,https://abacus.cpa/,Lee's Summit,MO
"L2G, Inc.",info@l2gcpa.com,+15404222002,https://www.l2gcpa.com/,Warrenton,VA
Abacus!,info@abacuspro.com,+14178237171,https://abacuspro.com/,Harrison,AR
"Mehdi CPA, PLLC",info@asmcpa.com,+19195592227,https://www.asmcpa.com/,Raleigh,NC
KM Accountants LLC,info@yourcpaservices.com,+18775326953,https://yourcpaservices.com/,Grapevine,TX
CFO Strategies,info@cfostrategiesllc.com,+18557327861,https://www.cfostrategiesllc.com/,Las Vegas,NV
"心安注册会计师事务所 Xin An Tax & Accounting 美国会计师／纽约华人会计师 法拉盛报税 纽约报税 留学生报税 个人税号(ITIN)申请授权代理机构 CPA, Tax Preparer, Tax Service",Xinantax.bk@gmail.com,+17188880016,https://xinantax.com/index.html,Flushing,NY
"心安注册会计师事务所 Xin An Tax & Accounting 美国会计师／纽约华人会计师 法拉盛报税 纽约报税 留学生报税 个人税号(ITIN)申请授权代理机构 CPA, Tax Preparer, Tax Service",Xinantax@gmail.com,+17188880016,https://xinantax.com/index.html,Flushing,NY
"心安注册会计师事务所 Xin An Tax & Accounting 美国会计师／纽约华人会计师 法拉盛报税 纽约报税 留学生报税 个人税号(ITIN)申请授权代理机构 CPA, Tax Preparer, Tax Service",Xinantax.elm@gmail.com,+17188880016,https://xinantax.com/index.html,Flushing,NY
心安会计 Xin An Tax & Accounting,Xinantax.bk@gmail.com,+17188880016,https://xinantax.com/index.html,Elmhurst,NY
心安会计 Xin An Tax & Accounting,Xinantax@gmail.com,+17188880016,https://xinantax.com/index.html,Elmhurst,NY
心安会计 Xin An Tax & Accounting,Xinantax.elm@gmail.com,+17188880016,https://xinantax.com/index.html,Elmhurst,NY
Altman Rogers & Co,contact@altrogco.com,+19075863993,https://altrogco.com/,Anchorage,AK
Rea,contactus@reacpa.com,+13303396651,https://www.reacpa.com/,Marietta,OH
"Blum and Blum, Certified Public Accountants and Advisors",info@blumandblum.com,+19547529995,http://blumandblum.com/,Coral Springs,FL
Bonus Accounting,Kenny@bonusaccounting.com,+17242827557,https://www.bonusaccounting.com/,Butler,PA
Bonus Accounting,Aaron@bonusaccounting.com,+17242827557,https://www.bonusaccounting.com/,Butler,PA
"Millan & Co., CPAs",info@millancpa.com,+15124796819,https://millancpa.com/,Austin,TX
TFG Accounting and Tax,cpa@fuoco.com,+15616260400,https://www.fuoco.cpa/,Margate,FL
"Ferguson, Sizemore & Associates",mferguson@fsacpa.com,+13347921180,http://fsacpa.com/,Dothan,AL
MSH CPAs,info@orlando-accounting.com,+14072280700,http://orlando-accounting.com/,Orlando,FL
"Bredernitz, Wagner & Co., P.C.",gclum@bwcpa.com,+15175462130,https://bwcpa.com/,Howell,MI
Anjay Accountax,info@anjayaccountax.com,+12016562000,https://www.anjayaccountax.com/,Jersey City,NJ
Herman P Ortiz CPA P.C.,info@hpocpa.com,+16314866855,https://www.hpocpa.com/,Melville,NY
"Precision Accounting Intl LLC | Amr M. Ibrahim CPA, CGMA | Cpapai.com",info@cpapai.com,+19739561040,https://cpapai.com/,Clifton,NJ
"J. Zollo & Associates, Inc.",info@jzolloinc.com,+15619697088,https://www.jzolloinc.com/,West Palm Beach,FL
Bookmindr | CPAs,info@bookmindr.com,+19786639358,https://bookmindr.com/,Boston,MA
Adi & Associates Inc. CPA,saleh@adicpa.com,+17146300829,https://adicpa.com/,Anaheim,CA
"Barbich Hooper King Dill Hoffman, LLP",contact@bhkcpas.com,+16616311171,http://bhkcpas.com/,Bakersfield,CA
"Gary Mehta, CPA, EA",G.Mehta@fourbrothersfinancial.com,+17328296395,https://fourbrothersfinancial.com/,Hackensack,NJ
CS&L CPAs,info@cslcpa.com,+19419544040,http://cslcpa.com/,Sarasota,FL
"Sherman, Barber & Mullikin, CPAs",cpas4u@sbmcpas.com,+18122655312,https://sbmcpas.com/,Madison,IN
"Arkin & Associates, PC",info@arkincpas.com,+19123569222,https://www.arkincpas.com/,Savannah,GA
Armanino LLP - Dallas,info@armanino.com,+19159423300,https://www.armanino.com/,Dallas,TX
RJI International CPAs,info@rjicpas.com,+19498521600,https://rjicpas.com/,Irvine,CA
"Gary Mehta, CPA, EA: Accountant of Parsippany",G.Mehta@fourbrothersfinancial.com,+17328296395,https://fourbrothersfinancial.com/,Parsippany,NJ
"Wallace, Plese + Dreher - CPAs Accountants Business Consultants",info@wpdcpa.com,+14803450500,http://wpdcpa.com/,Scottsdale,AZ
Dean Dorton,info@deandorton.com,+18593313300,https://deandorton.com/,Fort Wright,KY
Rakesh Agarwal CPA LLM,info@cparakesh.com,+12122440499,https://cparakesh.com/,New York,NY
"TRUST Management Inc. Aaron, THE Accountant",info@accountantonthecloud.com,+18665468660,http://accountantonthecloud.com/,Westlake Village,CA
"Financial Solutions Inc- Bookkeeping, CPA Tax, Financial Planning and Investment Management Firm",cpa@amazingfinancialsolutions.com,+17738873272,https://amazingfinancialsolutions.com/,Lihue,HI
"Accountant on Call Dba Perez Accounting, & Tax Services, LLC",pereztaxservicesflorida@gmail.com,+14076668820,https://pereznotarytaxservicesflorida.com/,Sanford,FL
Ardath Waller Bookkeeping,ardath@ardathwaller.com,+13179089674,https://ardathwallerbkkg.com/,Greenwood,IN
"A+ Tax Experts, LLC",info@philadelphiataxes.com,+12159146929,https://philadelphiataxes.com/,Southampton,PA
Neppalli Financial Accountants & Tax Advisors,contact@neppallifinancial.com,+17328462400,http://neppallifinancial.com/,East Brunswick,NJ
"Focus CPA Group, Inc - Best CPA Firm in California | Accounting Services | Family Office | CFO & Bookkeeping Services",info@focuscpa.com,+15622811040,https://focuscpa.com/,Brea,CA
Rea,contactus@reacpa.com,+13303396651,https://www.reacpa.com/,Zanesville,OH
BRD Valdosta,info@bjmgroup.com,+16785511019,https://bjmgroup.com/,Valdosta,GA
TFG Accounting and Tax,cpa@fuoco.com,+15616260400,https://www.fuoco.cpa/,North Palm Beach,FL
Perelson Weiner LLP,info@pwcpa.com,+12126053100,http://pwcpa.com/,New York,NY
"BHATIA & CO, INC, CPAs",info@bhatiaco.com,+14083510700,http://bhatiaco.com/,Pleasanton,CA
"BHATIA & CO, INC, CPAs",bhatia@bhatiaco.com,+14083510700,http://bhatiaco.com/,Pleasanton,CA
BiggsKofford Certified Public Accountants,info@biggskofford.com,+17195799090,https://www.biggskofford.com/,Colorado Springs,CO
ABAPC INC.- Accountancy & Advisors,sgreen@abapc.com,+12034837333,https://abapc.com/,Wallingford,CT
"Poulos CPAs / Sitka CPA - Tax Preparation & Planning, Accounting & Financial Statements, Real Estate Consulting (WA)",Gary@pouloscpas.com,+19077388262,http://sitkacpas.com/,Sitka,AK
"Parlade Schaefer Schortz, CPA, PA",info@psscpas.com,+19416291197,https://www.psscpas.com/,Punta Gorda,FL
Donovan CPAs,CPA@cpadonovan.com,+13178448300,http://cpadonovan.com/,Indianapolis,IN
Rea,contactus@reacpa.com,+13303396651,https://www.reacpa.com/,Newark,OH
Brown Accounting and Tax Services dba A Navet PLLC,tina@tmlcpa.biz,+12706815829,https://www.brownaccountingandtax.com,Benton,KY
Fliegmans Accounting Firm,3791510@gmail.com,+18453791510,http://fliegmansaccounting.com/,Chestnut Ridge,NY
Desroches Partners LLP,DP@dpllp.cpa,+17133600800,http://dpllp.cpa/,Houston,TX
Sensiba LLP,info@sensiba.com,+15594370700,https://sensiba.com/,Pleasanton,CA
VaughnCPA,charles@vaughncpa.com,+15058280900,https://www.vaughncpa.com/,Loveland,CO
VaughnCPA,riya@vaughncpa.com,+15058280900,https://www.vaughncpa.com/,Loveland,CO
VaughnCPA,kathy@vaughncpa.com,+15058280900,https://www.vaughncpa.com/,Loveland,CO
VaughnCPA,ron@vaughncpa.com,+15058280900,https://www.vaughncpa.com/,Loveland,CO
VaughnCPA,brittanyc@vaughncpa.com,+15058280900,https://www.vaughncpa.com/,Loveland,CO
VaughnCPA,john.stevenson@vaughncpa.com,+15058280900,https://www.vaughncpa.com/,Loveland,CO
VaughnCPA,jem@vaughncpa.com,+15058280900,https://www.vaughncpa.com/,Loveland,CO
VaughnCPA,devyn@vaughncpa.com,+15058280900,https://www.vaughncpa.com/,Loveland,CO
VaughnCPA,jenn@vaughncpa.com,+15058280900,https://www.vaughncpa.com/,Loveland,CO
Waldron H. Rand & Co.,info@waldronrand.com,+17814495825,https://waldronrand.com/,Dedham,MA
"George J. Smith, P.C. Certified Public Accountant",info@gjspc.net,+16093919522,http://gjspc.net/,Ocean City,NJ
Patrick & Raines CPAs,Office@cpasite.com,+19043965400,https://cpasite.cpa/,Jacksonville,FL
"Roberts Group, CPAs",careers@rtaxes.com,+15208817211,http://robertsalexonisgroup.com/,Tucson,AZ
Armanino LLP,info@armanino.com,+19159423300,https://www.armanino.com/,San Ramon,CA
Rea & Associates CPA Firm,contactus@reacpa.com,+13303396651,https://www.reacpa.com/,Avon,OH
Genesis Certified Public Accounting,info@genesisaccountingpllc.com,+12088568222,https://www.genesisaccountingpllc.com/,Hayden,ID
Deters Accounting and Tax Service,tyler@deterstax.com,+13204054741,https://www.deterstax.com/,St Joseph,MN
"Hope E Hartman, CPA PLLC",admin@hopehartmancpa.com,+12813248702,http://hopehartmancpa.com/,Crosby,TX
Guidance Accounting LLC,Nels@guidanceaccounting.com,+16126185299,http://guidanceaccounting.com/,St Paul,MN
"Kelly Grimes, CPA",info@kellygrimescpa.com,+19038138290,http://kellygrimescpa.com/,Whitesboro,TX
"Mason CPA, P.C.",derrek@masoncpapc.com,+14067921982,https://masoncpapc.com/,Billings,MT
Suan and Company P.C. - CPA,info@suancpa.net,+17345132731,http://suancpa.net/,Troy,MI
Polston Tax Resolution & Accounting,info@polstontax.com,+14056021818,https://polstontax.com/,Tulsa,OK
MBS Accountancy Corporation - CPA Firm - Local CPAs,info@mbsaccountancy.com,+15594217033,https://mbs.cpa/,Fresno,CA
Travieso Advisory CPA Corp.,info@ta-cpa.com,+17862207635,http://ta-cpa.com/,Miami,FL
"Walker Advisory, LLC | CPA: Certified Accountant – Bookkeeper – Business Consulting Firm",dwalker@walker-advisory.com,+18608064257,https://walker-advisory.com/,Sandy Hook,CT
"Scott Hukriede, CPA",tax@scott.cpa,+17146272525,http://scott.cpa/,Anaheim,CA
Bookkeeping and Accounting of Florida Inc.,jmoody@banda-cpa.com,+19043331041,https://www.bookkeepingandaccountinginc.com/,Jacksonville,FL
"Lucky L Leong, LLC - Certified Public Accountants",info@luckyleongcpa.com,+13148940080,https://www.luckyleongcpa.com/,St. Louis,MO
CHULA VISTA CPA | TAX CPA,alfredo@chulavistataxcpa.com,+16195052149,https://chulavistataxcpa.com/,Chula Vista,CA
CHULA VISTA CPA | TAX CPA,alvaro@chulavistataxcpa.com,+16195052149,https://chulavistataxcpa.com/,Chula Vista,CA
TriStar Tax and Business Solutions Hendersonville,info@tristarteam.tax,+16155370314,https://tristarteam.tax/,Hendersonville,TN
"Hojjati CPA, APC",darren@hojjaticpa.com,+18182565185,http://hojjaticpa.com/,Burbank,CA
"Hojjati CPA, APC",reina@hojjaticpa.com,+18182565185,http://hojjaticpa.com/,Burbank,CA
MK TAX SERVICES -CPA,info@mktaxservices.com,+18652823091,https://www.mktaxcpa.com/,Knoxville,TN
"Weinberg & Company, P.A.",brucew@cpaweinberg.com,+15614875765,http://weinbergwpb.com/,West Palm Beach,FL
Hayes & Associates LLC,info@hayes.cpa,+14023902480,http://hayes-cpa.com/,Omaha,NE
Raulerson Castillo & Company,april@rcwcpas.com,+18136899297,https://rcwcpas.com/,Plant City,FL
Raulerson Castillo & Company,info@rcwcpas.com,+18136899297,https://rcwcpas.com/,Plant City,FL
Raulerson Castillo & Company,mary@rcwcpas.com,+18136899297,https://rcwcpas.com/,Plant City,FL
Raulerson Castillo & Company,irene@rcwcpas.com,+18136899297,https://rcwcpas.com/,Plant City,FL
Jordan CPA Services,hello@jordancpaservices.com,+18775150595,https://www.jordancpaservices.com/,Carthage,MO
CPAs for Hire LLC,info@cpasforhire.com,+13149858110,http://cpasforhire.com/,Chesterfield,MO
CPAs for Hire LLC,info@cpasforhire.com,+13149858110,http://cpasforhire.com/,Chesterfield,MO
"Ann M. Hartz, CPA & Associates",info@cpadesmoines.com,+15152597779,https://cpadesmoines.com/,Urbandale,IA
"LattaHarris, LLP",LHwebmail@lattaharris.com,+15638862187,https://www.lattaharris.com/,Cedar Rapids,IA
Online Seller CPA,info@theonlinesellercpa.com,+13057677408,http://theonlinesellercpa.com/,Aventura,FL
House of Accounting,info@houseofaccounting.com,+19135305609,http://houseofaccounting.com/,Lenexa,KS
Elliott Davis,info@elliottdavis.com,+18436451234,https://www.elliottdavis.com/,Chattanooga,TN
Elliott Davis,support@elliottdavis.com,+18436451234,https://www.elliottdavis.com/,Chattanooga,TN
Elliott Davis,contact@elliottdavis.com,+18436451234,https://www.elliottdavis.com/,Chattanooga,TN
Polston Tax Resolution & Accounting,info@polstontax.com,+14056021818,https://polstontax.com/,Wichita,KS
"Ferrer Tax & Accounting, PC",allen@ajfcpatax.com,+16283130986,http://ajfcpatax.com/,Sausalito,CA
Kelly King & Co.,louisem@kingcpa.net,+15022415656,https://www.kingcpa.net/,Crestwood,KY
VB&T Certified Public Accountants,info@getcpa.com,+12124480010,https://www.getcpa.com/,New York,NY
Hirlinger PLC,chuck@hirlinger.com,+16028610033,http://hirlinger.com/,Phoenix,AZ
Bardaglio Hart & Shuman CPA's,drenouf@cpabhs.com,+18606279001,https://cpabhs.cpa/,Windsor Locks,CT
McCusker Associates,admin@mccuskercpa.com,+12156430100,https://mccuskercpa.com/,Ambler,PA
The Neal Group LLC,jon@nealgroup.net,+14143252047,https://nealgroup.net/,Greenfield,WI
"Fraim, Cawley & Company, CPAs",info@fraimcpa.com,+15403140345,https://www.fraimcpa.com/,Roanoke,VA
Trent Accounting,office@trent-cpa.com,+12087225210,http://canyoncountycpa.com/,Parma,ID
Dikesh B Patel CPA,dpatel@sankhyallc.com,+19732760071,https://www.sankhyallc.com/,Parsippany,NJ
"Welch CPA, PLLC",contact@kenwelchcpa.com,+19802975305,https://kenwelchcpa.com/,Mint Hill,NC
"Welch CPA, PLLC",info@kenwelchcpa.com,+19802975305,https://kenwelchcpa.com/,Mint Hill,NC
"Kammerer, Burkhart & Company, CPA's",info@kammcocpa.com,+15614179111,https://kammcocpa.com/,Boca Raton,FL
"JV Tax & Accounting Services, LLC",jvtaxinfo@jvtax.net,+12408936916,http://jvtax.net/,Wheaton,MD
IRS PAYMENT PLAN HELP,stephanie@taxproblem.org,+17137744467,https://www.taxproblem.org/,Houston,TX
"Tzinberg & Associates, P.C.",info@tzinberg.com,+16182888989,https://www.tzinberg.com/,Glen Carbon,IL
SquareUp CPA,admin@squareupcpa.com,+12069283901,http://squareupcpa.com/,Normandy Park,WA
Fincadia Tax Services,hvsbs@aol.com,+18452364434,http://hvsbs.acctingoffice.com/,Newburgh,NY
"J A Rodriguez CPA, LLC",info@jarcpa.com,+13055951783,https://www.jarcpa.com/,Miami,FL
"Davis, Brown & Company, PLLC",info@davisbrowncpas.com,+16153254394,https://www.davisbrowncpas.com/,Hendersonville,TN
TKCPA,info@tkcpa.com,+15095290941,https://www.tkcpa.com/,Walla Walla,WA
Tax Problem Solutions By Carlos Ramirez EA,cramirez@audit1040.com,+17723377442,https://audit1040.com/,Port St. Lucie,FL
TriStar Tax and Business Solutions Nashville,info@tristarteam.tax,+16155370314,https://tristarteam.tax/,Nashville,TN
"J.R. Helms & Associates, P.C.",JR@helmscpa.com,+13173372980,https://www.helmscpa.com/,Indianapolis,IN
"Miod and Company, LLP",contact@miod-cpa.com,+18188989911,http://miod-cpa.com/,Valencia,CA
Prestige Accounting & Consulting,jayden@prestigeaccountants.com,+17703725110,https://accounting-atlanta.com/,Atlanta,GA
Prestige Accounting & Consulting,support@prestigeaccountants.com,+17703725110,https://accounting-atlanta.com/,Atlanta,GA
AGT CPAs and Advisors,info@agtcpa.com,+15309263881,https://www.agtcpa.com/,Redding,CA
"Cieslik & Glenn, Certified Public Accountants, Inc.",info@segcpa.com,+19517371731,https://segcpa.com/,Corona,CA
McMillion & Grove CPAs,info@mcmilliongrovecpa.com,+12148622377,https://mcmilliongrovecpa.com/,Argyle,TX
Kohari Gonzalez Oneyear & Brown PLLC,connect@kg.cpa,+17045993355,http://carolinas.tax/,Charlotte,NC
Toran Accounting,artem@toranaccounting.com,+13072011474,https://toranaccounting.com/,Jackson,WY
Viking Tax & Accounting Services,vikingcpa1@gmail.com,+17089960365,https://vikingtaxaccounting.com/,Justice,IL
AGT CPAs and Advisors,info@agtcpa.com,+15309263881,https://www.agtcpa.com/,Mt Shasta,CA
Tri State CPAs,daggarwal@tristateaccounting.com,+19377489771,https://tri-statecpas.com/,Springboro,OH
Regal Group CPA,info@regalgroupcpa.com,+16198613063,http://regalgroupcpa.com/,San Diego,CA
"Larson & Company, Certified Public Accountants",mandersen@larsco.com,+18015551234,https://larsco.com/,Spanish Fork,UT
The Pulice Group,contact@thepulicegroup.com,+17034678170,https://www.thepulicegroup.com/,Herndon,VA
IRS OFFER IN COMPROMISE HELP,stephanie@taxproblem.org,+17137744467,https://www.taxproblem.org/,Houston,TX
Unchained Financial Services,info@unchainedfs.com,+18442229653,https://unchainedfs.com/,Seattle,WA
Agile Income Tax LLC,info@agileincometax.com,+19365821092,https://agiletaxresolution.com/,Montgomery,TX
Lewis G. Cox & Associates LLC,info@lewisgcoxassociates.com,+14043075967,https://www.lewisgcox.com/,Powder Springs,GA
Lewis G. Cox & Associates LLC,lewis@lewisgcox.com,+14043075967,https://www.lewisgcox.com/,Powder Springs,GA
"Tax & Financial, Inc.",info@taxnfinancial.biz,+16194221044,https://www.taxandfinancialinc.com/,Chula Vista,CA
"Rafe Sanders, CPA PLLC",rafe@rafesanderscpa.com,+17178182150,https://rafesanderscpa.com/,Hanover,PA
Gamel Accounting & Tax Resolutions,contact@gameltaxes.com,+17709495150,https://gameltaxes.com/,Douglasville,GA
"Eric Sheldon CPA, PC",eric@ericsheldoncpa.com,+14158883317,http://ericsheldoncpa.com/,Tiburon,CA
"McCartney & Baber Inc., CPA",admin@mccartneycpa.com,+18175637717,http://mccartneycpa.com/,Arlington,TX
R.J. Walters and Associates,info@rjwalterstax.com,+17707775115,https://www.rjwalterstax.com/,Alpharetta,GA
White Spruce Accounting Inc,info@whitespruceaccounting.com,+15702099385,https://whitespruceaccounting.com/,Shohola,PA
"Jason Alan Harvill, CPA",jason.harvill@jaharvillcpa.com,+19012908333,https://jaharvillcpa.com/,Germantown,TN
Lauderbaugh Tax CPA,Jon@latscpa.com,+13606352552,https://www.latscpa.com/,Portland,OR
"Boehm & Boehm, CPA",info@boehmandboehm.com,+12108249691,https://www.boehmandboehm.com/,San Antonio,TX
ABA Tax Accounting,amare@abataxaccounting.com,+16513004777,https://www.abataxaccounting.com/,Maple Grove,MN
Mitten & Winters CPAs,info@mitten-winters.com,+13027366100,https://www.mittenwinters.com/,Dover,DE
BLUEZONE CPA,office@bluezonecpa.com,+15512216669,https://bluezonecpa.com/,The Villages,FL
ToledoCPAs.com,info@toledocpas.com,+14195399590,http://toledocpas.com/,Toledo,OH
SJ Accounting Consulting CPA CFP,info@sj-acct.com,+14084307326,http://sj-acct.com/,Milpitas,CA
JC Castle Accounting and Tax,info@jccastleaccounting.com,+12397666110,https://jccastleaccounting.com/,Fort Myers,FL
"ClearView Bookkeeping, LLC",hello@clearviewbookkeepers.com,+12108889800,https://clearviewbookkeepers.com/,Boerne,TX
Ballard & Company,info@ballardcpa.com,+18709942812,http://ballardcpa.com/,Ash Flat,AR
AB CPA Tax & Advisory,info@abcpatax.com,+17134893484,https://abcpatax.com/,Houston,TX
"Yates & Company, CPAs",elisa@yatescpa.com,+17705918887,https://www.yatescpa.com/,Woodstock,GA
"Ronnie L. Darden, CPA",ronnie@rldardencpa.com,+12814679454,https://www.rldardencpa.com/,The Woodlands,TX
"Jones, Little & Co., CPA's, LLP",info@jonesandlittle.com,+16314739500,http://jonesandlittle.com/,Hampton Bays,NY
Unchained Financial Services,info@unchainedfs.com,+18442229653,http://unchainedfinancialservices.com/,San Jose,CA
Phillip & Associates LLC,info@phillipcpa.com,+18443060381,http://phillipcpa.com/,Brooklyn,NY
Cade CPA Firm PLLC,info@cadecpafirm.com,+16628670215,https://cadecpafirm.com/,Southaven,MS
Cade CPA Firm PLLC,casey.cade@cadecpafirm.com,+16628670215,https://cadecpafirm.com/,Southaven,MS
"KRS CPAs, LLC",info@krscpas.com,+12016557411,http://krscpas.com/,Paramus,NJ
Essick Tax Services Inc,mike@essicktax.com,+12107454641,https://sanantoniotaxservices.com/,Boerne,TX
"Auxilia Accounting, Inc",christa@auxiliaaccounting.com,+17187958984,http://auxiliaaccounting.com/,Brooklyn,NY
"Leon Nazarian, CPA",info@tax-cpa-911.com,+13237977691,https://tax-cpa-911.com/,Santa Monica,CA
BORISMTAX,accounting@borismtax.com,+12124306881,https://www.borismtax.com/,Forest Hills,NY
H&S Accounting & Tax Services,hppaul@handsaccounting.com,+19546137240,https://handsaccounting.com/,Hollywood,FL
"M. Sexton, CPA PC",michael.sexton@buxmontcpa.com,+12159978270,http://buxmontcpa.com/,Montgomeryville,PA
"My CPA, PA",info@my.cpa,+13055347160,https://my.cpa/,Pembroke Pines,FL
Polaris Tax & Accounting,info@polaristaxandaccounting.com,+17049473178,https://polaristaxandaccounting.com/,Plantation,FL
IAM Accounting LLC,support@iamacct.com,+13302125721,https://iamaccountingllc.com/,Akron,OH
"Cullen & Company, CPAs",caitlinc@cullencpas.com,+12018580989,https://www.cullencpas.com/,Bayonne,NJ
"Schmedes McAllister & Associates, CPA",CMCA@smacpafirm.com,+15613707430,https://www.smacpafirm.com/,Palm Beach Gardens,FL
"Patrick J. Murphy, P.C.",info@murphycpa.com,+17195480244,https://www.murphycpa.com/,Colorado Springs,CO
"Hamed Doust, CPA",info@bestlacpa.com,+18187663374,https://bestlacpa.com/,North Hollywood,CA
"Weintraub, Traub, Tracy & Virk CPAs LLP",info@wttvcpa.com,+15169223040,http://tax1040.com/,Oyster Bay,NY
"Broesch & Co., S.C.",contact@broeschcpa.com,+12625420852,https://broeschcpa.com/,Waukesha,WI
"Steensma Accounting & Consulting, PLLC",aaron@steensmaaccounting.com,+16165300466,https://steensmaaccounting.com/,Grandville,MI
Revo Accounting,bj@revo.tax,+18598810300,https://revo.tax/,Nicholasville,KY
Mueller & Company CPA,admin@muellerpc.com,+12485246000,http://muellerpc.com/,Troy,MI
Mueller & Company CPA,info@muellerpc.com,+12485246000,http://muellerpc.com/,Troy,MI
SK Financial CPA LLC,sk@skfinancial.com,+18133223936,https://skfinancial.com/,Wesley Chapel,FL
Robert W Luscinski CPA,bob@topcpas.biz,+19788872388,http://topsfieldcpas.com/,Topsfield,MA
Mannia & Company LLC,kathy@manniaco.com,+12604321504,https://www.manniaco.com/,Fort Wayne,IN
Robert Ricco CPA,hello@riccocpa.com,+13107293705,https://riccocpa.com/,Manhattan Beach,CA
ABS CPAs - A Better Solution,Michelle@abs-cpa.com,+16148618128,https://abs-cpa.com/,Pickerington,OH
Xponent Group,info@xponentgroup.com,+17083527377,https://www.xponentgroup.com/,Westchester,IL
AKIF CPA,info@akifcpa.com,+17134519700,https://akifcpa.com/,Houston,TX
Evans Sternau CPA,info@es.cpa,+18324824240,https://es.cpa/,Corpus Christi,TX
Aguirre & Co,info@aguirreandco.com,+15622329553,http://agcocpa.com/,La Habra,CA
"Mary G. Stewart, CPA, PA",Mary@ptcharlottecpa.com,+19412583191,https://ptcharlottecpa.com/,Port Charlotte,FL
"Ed Lloyd & Associates, PLLC",success@elcpa.com,+17044208812,https://elcpa.com/,Waxhaw,NC
Pro-Fi 20/20 Dental CPAs,info@profi2020.com,+14044954895,https://www.profi2020.com/,Suwanee,GA
"Demian and Company, LLC",info@taxprocpa.com,+19088367276,https://taxprocpa.com/,East Brunswick,NJ
JCaldwell Consulting PLLC,jcaldwellconsulting@gmail.com,+12317140658,https://www.jcaldwellconsulting.com/,Traverse City,MI
Accelerated Accounting,info@acceleratedaccountants.com,+12513809429,https://acceleratedaccounting.tax/,Saraland,AL
Polston Tax Resolution & Accounting,info@polstontax.com,+14056021818,https://polstontax.com/,Las Vegas,NV
"Evans Sternau CPA - CPA Firm in Houston, Texas",info@es.cpa,+18324824240,https://es.cpa/,Houston,TX
Roberts CPA Group,infonow@roberts.cpa,+15024260000,https://www.roberts.cpa/,Louisville,KY
"Alderwish CPA, PLLC",info@alderwishcpa.com,+13133073683,https://www.alderwishcpa.com/,Dearborn,MI
"Horn Fulton, Inc. Certified Public Accountants",cpa@hornfulton.com,+19169847650,https://www.hornfulton.com/,Folsom,CA
Syriac CPA Tax & Accounting Services Inc,syriaccpaoffice@gmail.com,+15622029697,https://www.syriaccpa.com/,Cerritos,CA
Syriac CPA Tax & Accounting Services Inc,info@syriaccpa.com,+15622029697,https://www.syriaccpa.com/,Cerritos,CA
Mark Steichen CPA LLC,marksteichencpa@gmail.com,+13036351040,https://www.steichencpa.com/,Broomfield,CO
"Witt Consulting, Inc.",info@wittconsulting.com,+15417587100,https://wittconsulting.com/,Corvallis,OR
McAbee & Company PC,info@mcabeecompany.com,+14053697350,http://mcabeecompany.com/,Clinton,OK
Watkins & Company CPAs,info@watkinsandco.com,+16019369288,http://watkinsandco.com/,Madison,MS
"Sousa and Company, LLP CPA's",chris@teamcpa.us,+18054758233,https://sousa-and-company.com/,Visalia,CA
"CS CPAs, LLC",info@cscpas-llc.com,+17709924313,https://www.cscpas-llc.com,Alpharetta,GA
NextGen Tax Services PLLC,info@nextgen.tax,+19186002229,https://nextgenempires.com/,Tulsa,OK
Tax Prep LLC,support@bocataxprep.com,+15617158181,https://bocataxprep.com/,Boca Raton,FL
Streid and Associates,streidandassociates@gmail.com,+13096700710,https://www.streidandassociates.com/,Peoria,IL
Evans Sternau CPA,info@es.cpa,+18324824240,https://es.cpa/,The Woodlands,TX
"Larson & Company, Certified Public Accountants",mandersen@larsco.com,+18015551234,https://larsco.com/,Moab,UT
ABA Tax Accounting,amare@abataxaccounting.com,+16513004777,https://www.abataxaccounting.com/,St Paul,MN
Safe Tax Services,info@safetaxservices.com,+18184782829,http://safetaxservices.com/,Laguna Hills,CA
ABA Tax Accounting,amare@abataxaccounting.com,+16513004777,https://www.abataxaccounting.com/,Bloomington,MN
Richardson CPA,info@cparichardson.com,+18652926026,https://www.cparichardson.com/,Knoxville,TN
"Badran Tax, LLC",clients@badrantax.com,+17329376180,https://badrantax.com/,New Brunswick,NJ
"Badran Tax, LLC",info@badrantax.com,+17329376180,https://badrantax.com/,New Brunswick,NJ
Neely's Accounting Services,info@neelys.com,+15407771996,https://www.neelys.com/,Roanoke,VA
"Senter, CPA, P.C.",info@sentercpa.com,+12489340550,https://sentercpa.com/,Village of Clarkston,MI
"Accounting Concepts Inc., David Ewing, CPA, Samuel Ewing, CPA",email@accountingconcepts.com,+17349811746,http://davidewingcpa.com/,Canton,MI
Cynthia Bannon CPA PC,cyndi@cbannoncpa.com,+18324920208,http://cpa-houstontx.com/,Tomball,TX
MAT Accountants & Advisors,info@mataccountants.com,+13122812091,https://www.mataccountants.com/,Chicago,IL
Accelerated Accounting fka Tanner Tax Service,info@acceleratedaccountants.com,+12513809429,https://acceleratedaccounting.tax/,Pensacola,FL
Chamberland Business Accounting,info@chamberlandco.com,+14017651235,https://chamberlandco.com/,North Smithfield,RI
Polston Tax Resolution & Accounting,info@polstontax.com,+14056021818,https://polstontax.com/,Overland Park,KS
Capital Tax & Accounting CPA,info@capitaltax.com,+19254784244,https://www.capitaltax.com/,Walnut Creek,CA
"ISTAXPro Accounting Firm, Inc.",team@istaxpro.com,+18189182188,https://www.istaxpro.com/,Burbank,CA
"ISTAXPro Accounting Firm, Inc.",john@istaxpro.com,+18189182188,https://www.istaxpro.com/,Burbank,CA
Robert Hall & Associates (Accountants & Tax Preparers),roberthalltaxes@roberthalltaxes.com,+18185838431,https://www.roberthalltaxes.com/,Glendale,CA
"Patrick R. Grady, CPA",Admin@cpabroomfield.com,+13035073789,http://cpabroomfield.com/,Westminster,CO
ABA Tax Accounting,amare@abataxaccounting.com,+16513004777,https://www.abataxaccounting.com/,St Paul,MN
"Beals, Caruana & McVety, PC",jeremy@bealscaruana.com,+12482511050,https://myaccountantsmi.com/,Troy,MI
Ivy Tax & Business Inc(Jericho) - 安腾会计,info@ivycpatax.com,+15163448065,https://ivycpatax.com/en/,Jericho,NY
"Colella CPA Co, PC",mark@colellacpa.com,+13476270060,https://www.colellacpa.com/,New York,NY
Incite Tax & Accounting,adminteam@incitetax.com,+18019998295,https://incitetax.com/,Draper,UT
"LattaHarris, LLP",LHwebmail@lattaharris.com,+15638862187,https://www.lattaharris.com/,Iowa City,IA
"Coronado-Fortune & Associates, LLC",efortune@coronadofortunecpas.com,+13149612905,https://coronadofortunecpas.com/,St. Louis,MO
"Steven L Shapiro, CPA, Inc.",slshapiro@sls-cpa.com,+18182640505,http://sls-cpa.com/,Calabasas,CA
"D.S. Webb & Company, P.C.",wendy@dswebb.com,+15638863006,https://www.dswebb.com/,Tipton,IA
"The Sherley Group, Inc.",aspidle@thesherleygroup.com,+15137371314,https://thesherleygroup.com/,West Chester Township,OH
"The Sherley Group, Inc.",asherley@thesherleygroup.com,+15137371314,https://thesherleygroup.com/,West Chester Township,OH
"The Sherley Group, Inc.",jbruot@thesherleygroup.com,+15137371314,https://thesherleygroup.com/,West Chester Township,OH
"The Sherley Group, Inc.",cdrake@thesherleygroup.com,+15137371314,https://thesherleygroup.com/,West Chester Township,OH
"The Sherley Group, Inc.",dsherley@thesherleygroup.com,+15137371314,https://thesherleygroup.com/,West Chester Township,OH
"The Sherley Group, Inc.",jcanady@thesherleygroup.com,+15137371314,https://thesherleygroup.com/,West Chester Township,OH
"The Sherley Group, Inc.",phamm@thesherleygroup.com,+15137371314,https://thesherleygroup.com/,West Chester Township,OH
"The Sherley Group, Inc.",glinz@thesherleygroup.com,+15137371314,https://thesherleygroup.com/,West Chester Township,OH
"The Sherley Group, Inc.",delano@dsacpainc.com,+15137371314,https://thesherleygroup.com/,West Chester Township,OH
"The Sherley Group, Inc.",bpaisley@thesherleygroup.com,+15137371314,https://thesherleygroup.com/,West Chester Township,OH
"The Sherley Group, Inc.",csherley@thesherleygroup.com,+15137371314,https://thesherleygroup.com/,West Chester Township,OH
"The Sherley Group, Inc.",kskidmore@thesherleygroup.com,+15137371314,https://thesherleygroup.com/,West Chester Township,OH
"The Sherley Group, Inc.",aflemming@thesherleygroup.com,+15137371314,https://thesherleygroup.com/,West Chester Township,OH
Rehfeldt Group CPAs,info@rehfeldtgroup.com,+19417390920,https://www.rehfeldtgroupcpa.com/,Bradenton,FL
Richardson CPA,info@cparichardson.com,+18652926026,https://www.cparichardson.com/,Franklin,TN
Ballard & Company,info@ballardcpa.com,+18709942812,http://ballardcpa.com/,Mountain Home,AR
"Kelly Grimes, CPA",info@kellygrimescpa.com,+19038138290,http://kellygrimescpa.com/,Sherman,TX
Elite Tax and Consulting,info@elitetaxandconsulting.com,+17015947000,http://elitetaxandconsulting.com/,Fargo,ND
"Kristena L. Malmgren, CPA, PC",jacob@klmcpapc.com,+16235184944,https://klmcpapc.com/,Phoenix,AZ
"Kristena L. Malmgren, CPA, PC",kristena@klmcpapc.com,+16235184944,https://klmcpapc.com/,Phoenix,AZ
"Wilkinson, Wolfe & Associates",info@wilkinsonwolfecpa.com,+18604305400,http://wilkinsonwolfecpa.com/,South Glastonbury,CT
"MOD Ventures, LLC",info@modventuresllc.com,+15205721248,https://modventuresllc.com/,Tucson,AZ
"Miod and Company, LLP",contact@miod-cpa.com,+18188989911,http://miod-cpa.com/,Beverly Hills,CA
Weinberg & Company,brucew@cpaweinberg.com,+15614875765,http://weinbergwpb.com/,Boca Raton,FL
"Raiche & Company, CPAs, PLLC",mboulanger@raichecpa.com,+16034316300,https://www.raichecpa.com/,Rochester,NH
CloudCPA,info@thecloudcpa.net,+15618341792,http://thecloudcpa.net/,Boca Raton,FL
"Prudence CPA, Inc.",jabdou@prudencecpa.com,+19493257797,https://prudencecpa.com/,Laguna Hills,CA
"Fintz CPA, PA",admin@fintzcpa.com,+19544400320,http://fintzcpa.com/,Plantation,FL
Bell & Bell PLLC,jeff@bellscpa.com,+13606835290,http://sequimcpa.com/,Sequim,WA
"Arman Chowdhury, CPA, P.C.",armancpa@gmail.com,+17184755686,https://www.armancpa.com/,Jamaica,NY
"Stefani Espinoza, CPA",stefani@stefanicpa.com,+18703453213,https://www.stefanicpa.com/,Hope,AR
Polston Tax Resolution & Accounting,info@polstontax.com,+14056021818,https://polstontax.com/,Oklahoma City,OK
Valderas Financial Solutions LLC,retha@vfscpa.com,+18049121505,https://www.vfscpa.com/,Richmond,VA
Schaffer Zeigen CPA PLLC,rzeigen@szcpa.tax,+15613920620,http://szcpa.tax/,Boca Raton,FL
Azran Financial,info@azranfinancial.com,+13106915040,https://azranfinancial.com/,Encino,CA
AccountAbility Tax Services,ksmoot@accountability-inc.com,+13012423258,https://www.accountability-inc.com/,Clarksburg,MD
"Fintegrity Group, P.C.",yk@fintegrity.us,+18188899079,http://fintegrity.us/,Westlake Village,CA
Holmes & Swafford CPAs,tim@holmesswafford.com,+16152952782,https://www.holmesswafford.com/,Mt. Juliet,TN
Holmes & Swafford CPAs,kevin@holmesswafford.com,+16152952782,https://www.holmesswafford.com/,Mt. Juliet,TN
"EZ Tax and Accounting Service, Inc.",ALYOUSEFCPA@gmail.com,+17734428278,http://accountant-chicago.com/,Chicago,IL
"Tracy L. Carico, CPA",admin@tracylcaricocpa.com,+18653799300,https://www.tracylcaricocpa.com/,Maryville,TN
Total Tax Service Inc.,info@totaltaxpros.com,+15702654993,http://totaltaxsayre.com/,Sayre,PA
"Accounting Solutions, Inc",jw@accounting-solutions.com,+15087533532,https://accounting-solutions.com/,Worcester,MA
YYL CPA P.C.,info@yylcpa.com,+15168296600,https://yylcpa.com/,Great Neck,NY
Tri State CPAs,daggarwal@tristateaccounting.com,+19377489771,https://tri-statecpas.com/,Blue Ash,OH
"Seiler, Singleton & Associates, P.A.",info@seilersingleton.com,+12529468052,https://www.seilersingleton.com/,Washington,NC
"Rusself Victor, CPA, PC",info@victorcpa.com,+17817677473,http://victorcpa.com/,Randolph,MA
"Rusself Victor, CPA, PC",rvictor@victorcpa.com,+17817677473,http://victorcpa.com/,Randolph,MA
George Dimov CPA,george@dimovtax.com,+12126410673,https://www.nycaccountingconsulting.com/,New York,NY
Gutzwiller Tax & Accounting,matt@gutzwillercpa.com,+15132855000,http://gutzwillercpa.com/,Cincinnati,OH
Fiscal Integrity Group - Tax & Accounting,support@fiscalintegritygroup.com,+19518883245,https://fiscalintegritygroup.com/,Sacramento,CA
ALTIUS CPA,info@altiuscpa.com,+19162264261,http://altiuscpa.com/,Sacramento,CA
Padgett & Padgett PLLC CPA's,support@padgettcpa.com,+13604241040,https://skagitcountytaxservices.com/,Mount Vernon,WA
Wellsprings Financial Services LC,info@wellsfinancials.com,+16788898088,https://wellsfinancials.com/,Duluth,GA
"Larson & Company, Certified Public Accountants",mandersen@larsco.com,+18015551234,https://larsco.com/,South Jordan,UT
"Spiegler Blevins & Company, CPAs & Advisors",info@s-bcpas.com,+14238454470,https://www.s-bcpas.com/,Abingdon,VA
"Dennis J. Wagner, CPA",info@americaneagletaxes.net,+18475153100,https://www.americaneagletaxes.net/,Huntley,IL
"Matthew Accounting, PLLC",info@matthew-accounting.com,+15172581424,https://matthew-accounting.com/,DeWitt,MI
Entelyglobal Solutions LLC,sales@entelyglobal.com,+918048655969,http://entelyglobal.com/,Houston,TX
"Nguyen & Associates, CPA",rnguyen@nguyencpas.com,+17208196109,http://nguyencpas.com/,Centennial,CO
Green Tree Accounting & Tax,info@gtpsllc.com,+18014471041,https://www.gtpsllc.com/,Centerville,UT
"Complete Business Services - Michael Dell, CPA",MDell@completebussvc.com,+14127983157,http://completebussvc.com/,Pittsburgh,PA
GB Tax CPA LLC / Gwennet Bui CPA,admin@gbtaxhelp.com,+16024498670,https://gbtaxhelp.com/,Tempe,AZ
Polston Tax Resolution & Accounting,info@polstontax.com,+14056021818,https://polstontax.com/,Moore,OK
"Roland Fink & CO, CPA",rfink@rolandfinkcpa.com,+18182105080,https://nohocpa.com/,North Hollywood,CA
"Weisman & Co., CPA's",weisman_lanny@nlgroupmail.com,+16316750711,http://weismancpa.com/,Hauppauge,NY
"Jones, Little & Co., CPA's, LLP",info@jonesandlittle.com,+16314739500,http://jonesandlittle.com/,Port Jefferson Station,NY
Pamela R McKinney CPA,Pam@pamelamckinneycpa.com,+13523448042,https://www.pamelamckinneycpa.com/,Inverness,FL
Pamela R McKinney CPA,PAM@pamelamckinneycpa.com,+13523448042,https://www.pamelamckinneycpa.com/,Inverness,FL
"Marvin Clement, CPA",marvin@marvinclement.com,+18153667906,http://marvinclement.com/,Rockdale,TX
Propel CFO,sales@propelcfo.com,+17049794329,https://propelcfo.com/,Charlotte,NC
"Valentine & Associates, CPA",info@va-cpas.com,+15122555575,https://va-cpas.com/,Marble Falls,TX
Trent Snider CPA PLLC,trent@trentsnidercpa.com,+13524627008,https://www.trentsnidercpa.com/,Dunnellon,FL
"Gary R Brown CPA, LLC",info@gbrowncpa.com,+15128642515,https://www.gbrowncpa.com/,Georgetown,TX
"Scott Cornelius, CPA, PC",info@scottcorneliuscpa.com,+13368855100,http://scottcorneliuscpa.com/,High Point,NC
"IBRAHIMCPA, PLLC",info@ibrahimcpa.net,+18322195575,http://ibrahimcpa.net/,Houston,TX
"David Breinig, CPA PLLC",david@davidbreinigcpa.com,+14254458759,https://www.davidbreinigcpa.com/,Monroe,WA
Michael Waroff CPA,info@waroffcpa.com,+19045925411,http://waroffcpa.com/,Fleming Island,FL
Person CPA Group,info@personcpagroup.com,+15047808299,https://personcpagroup.com/,Metairie,LA
"Barranco & Associates, LLC",office@barrancocpas.com,+12512703211,https://barrancocpas.com/,Fairhope,AL
RKB Global Tax LLC,officemanager@rkbglobal.com,+16305483004,http://rkbglobal.com/,Naperville,IL
"Wehr Tax & Accounting, LLC",john@wehrtax.com,+18166036499,https://wehrtax.com/,Overland Park,KS
FairShare Advisors,info@fairshareadvisors.com,+16783293989,https://www.fairshare.cpa/,Dunwoody,GA
"M.W. Orlando CPA, Inc.",mwo@mworlandocpa.com,+16193310069,https://www.mworlandocpa.com/,Carlsbad,CA
Faw Casson CPA,dmc@fawcasson.com,+13022261919,https://www.fawcasson.com/,Ocean City,MD
Emerald Financial Partners,info@emeraldfinancialpartners.com,+14102242600,https://emeraldfinancialpartners.com/,Arnold,MD
Yelena Pierson CPA,info@ypiersoncpa.com,+12153225053,http://yelenapiersoncpa.com/,Holland,PA
"Karl Ruzicka, CPA - dba - KR CPA, LLC",kr@krcpa1.com,+17028981020,http://krcpa1.com/,Las Vegas,NV
"Ernest P. Sharp, II CPA",esharpcpa@esharpcpa.com,+16063245655,https://www.esharpcpa.com/,Russell,KY
Sterling CPAs PLLC,info@afirm.llc,+18599631091,https://afirm.llc/,Lexington,KY
Christine Z Freeland CPA PC,chris@christinezfreelandcpa.com,+14808996672,http://christinezfreelandcpa.com/,Chandler,AZ
"Corneliuson & Associates, Inc.",info-me@corneliuson.net,+19524910705,https://corneliusons.com/,Minneapolis,MN
"James R Kist, CPA, P.A.",jkist@jamesrkistcpa.com,+18139729033,http://jamesrkistcpa.com/,Tampa,FL
"Scottsdale CPAS, PLLC",info@scottsdale-cpas.com,+14808743100,https://www.scottsdale-cpas.com/,Scottsdale,AZ
"Stevens Pierce & Associates, CPA'S",cpa@twinfallscpa.com,+12087348662,https://twinfallscpa.com/,Twin Falls,ID
MI Tax CPA,info@mitaxcpa.com,+12486005034,http://mitaxcpa.com/,Commerce Charter Twp,MI
"SSA, P.C. Certified Public Accountants",info@4ways.com,+17195740100,http://ssacpas.com/,Colorado Springs,CO
"Bilyeu CPA Group, P.C.",kelly@bilyeucpagroup.com,+19314848200,http://bilyeucpagroup.com/,Crossville,TN
"Jeff Nichols CPA, PC",Jeff@jeffnicholscpa.com,+15417691157,https://jeffnicholscpa.com/,The Dalles,OR
Freedomfolio,admin@creliable.net,+17813096778,https://freedomfolio.net/,Boston,MA
"NMH, CPA, PC",nichole@nmhcpapc.com,+12149181652,https://www.nmhcpapc.com/,McKinney,TX
Lesemann CPAs,contact@lesemanncpa.com,+17048956966,http://lesemanncpa.com/,Huntersville,NC
Account Sense PLLC,info@accountsense.cpa,+15095910115,https://www.accountsense.cpa/,Kennewick,WA
"My CPA, PA",info@my.cpa,+13055347160,https://my.cpa/,Miami,FL
Moser & Associates LLC,rebecca@moser.cpa,+17635150354,https://moser.cpa/,Anoka,MN
Moser & Associates LLC,kylie@moser.cpa,+17635150354,https://moser.cpa/,Anoka,MN
Moser & Associates LLC,jade@moser.cpa,+17635150354,https://moser.cpa/,Anoka,MN
Moser & Associates LLC,rob@moser.cpa,+17635150354,https://moser.cpa/,Anoka,MN
Moser & Associates LLC,matt@moser.cpa,+17635150354,https://moser.cpa/,Anoka,MN
Moser & Associates LLC,brenda@moser.cpa,+17635150354,https://moser.cpa/,Anoka,MN
Moser & Associates LLC,hello@moser.cpa,+17635150354,https://moser.cpa/,Anoka,MN
Moser & Associates LLC,taylor@moser.cpa,+17635150354,https://moser.cpa/,Anoka,MN
Syriac CPA Tax & Accounting Services Artesia,syriaccpaoffice@gmail.com,+15622029697,https://www.syriaccpa.com/,Artesia,CA
Syriac CPA Tax & Accounting Services Artesia,info@syriaccpa.com,+15622029697,https://www.syriaccpa.com/,Artesia,CA
"Dairel L. Denton, Jr., & Associates",info@daireldentoncpa.com,+15736863053,http://daireldentoncpa.com/,Poplar Bluff,MO
"Wilklow & Associates, CPA P.C.",marketing@wilklowassociates.com,+17192600320,https://wilklowassociates.com/,Trinidad,CO
"Douglas A Willford, CPA",info@willfordcpa.com,+16105901070,https://willfordcpa.com/,Phoenixville,PA
ASA Accounting & Tax Services,taxes@asa1040.com,+17705320263,https://www.asataxservices.com/,Oakwood,GA
"Safar & Associates, Inc.: Tax Professionals",office@safarcpa.com,+16262267558,https://www.safarcpa.com/,San Dimas,CA
Plumb & Associates LLC,info@plumbcpa.com,+15093689740,http://plumbcpa.com/,Spokane,WA
Fuller Business Solutions,bridgette@fullerbusinesssolutions.com,+12078038350,https://fullerbusinesssolutions.com/,Bridgton,ME
TEAM Taxes CPA,info@teamfinancials.com,+17044124242,https://teamfinancials.com/,Greensboro,NC
TEAM Taxes CPA,info@teamfinancials.com,+17044124242,https://teamfinancials.com/,Greenville,NC
"Williams & Kunkel CPAs, LLP",bethcpa@getmytaxesdone.com,+19724461040,https://williamskunkelcpa.com/,Flower Mound,TX
"Williams & Kunkel CPAs, LLP",scottcpa@getmytaxesdone.com,+19724461040,https://williamskunkelcpa.com/,Flower Mound,TX
"Pierre-Louis & Associates CPA, P.C.",frantz@pla-cpa.com,+15164424579,http://pla-cpa.com/,Baldwin,NY
"Fisher, P.A. A CPA Firm",info@fisheraccountants.com,+17043327800,http://www.fisheraccountants.com/,Charlotte,NC
"Martinez & Shanken, PLLC",mail@aztaxcpa.com,+14807329977,http://aztaxcpa.com/,Gilbert,AZ
"Smith, Kunz & Associates PLLC",info@smithkunz.com,+12084970589,https://www.smithkunz.com/,Rexburg,ID
"Lucrum Legal Accounting powered by Paula Field, CPA, PLLC",admin@lucrumaccounting.com,+14692706013,https://www.lucrumaccounting.com/,Allen,TX
"Menjivar & Company CPAs, Inc.",rmenjivarcpa@gmail.com,+15105823636,https://www.menjivarcpas.com/,Hayward,CA
CMM Financial Services Accounting Firm,Team@cmmfinancialservices.com,+14059193965,https://www.cmmfinancialservices.com/,Moore,OK
Unchained Financial Services,info@unchainedfs.com,+18442229653,https://unchainedfs.com/,West Hollywood,CA
Templin Taxes LLC - Larry Templin CPA,templintaxes@outlook.com,+12547212328,https://www.templintaxes.com/,Salado,TX
"Smock & Zink CPA's, P.A.",info@smockzinkcpa.com,+12399361120,http://smockzinkcpa.com/,Fort Myers,FL
Kirk & McDonald CPAs PC,info@kirkcpas.com,+17819381725,http://kirkcpas.com/,Woburn,MA
Nanney Group,cathy@nanneygroup.com,+16152837566,https://nanneygroup.com/,Nashville,TN
Nanney Group,david@nanneygroup.com,+16152837566,https://nanneygroup.com/,Nashville,TN
Nanney Group,team@nanneygroup.com,+16152837566,https://nanneygroup.com/,Nashville,TN
"NorthWest CPA & Tax, PLLC",info@nwcpatax.com,+15099798181,https://www.nwcpatax.com/,Spokane,WA
"Diana M. Reed & Associates, PC",dianar@dianamreed.com,+17175335513,https://dianamreed.com/,Hershey,PA
"Quinones & Co., Inc.",info@qcotax.com,+13235971152,http://mytaxesaredone.com/,Montebello,CA
Midwest Financial Group,mailbox@mfgteam.com,+16088074775,https://www.mfgteam.com/,Prairie du Sac,WI
"Shaila Chamberlain, CPA",info@schamberlaincpa.com,+19517682969,https://www.schamberlaincpa.com/,Riverside,CA
"XOA Tax, CPA & Accounting Firm",contact@xoatax.com,+17145946986,https://www.xoatax.com/,Garden Grove,CA
"Ciarlette & Robbins, L.L.P.",steve@ciarletteandrobbins.com,+17084783840,https://www.ciarletteandrobbins.com/,Mokena,IL
"Hudson Forensic Solutions, LLC",SERVICES@hudsonfvs.com,+19148017910,https://hudsonfvs.com/,Pleasantville,NY
"Hudson Forensic Solutions, LLC",services@hudsonfvs.com,+19148017910,https://hudsonfvs.com/,Pleasantville,NY
Gemini Accounting,services@geminitax.co,+19292600410,https://www.geminitax.co/,Media,PA
AI TAX CONSULTING PLLC,info@aitaxconsulting.com,+17035017090,https://aitaxconsulting.com/,Stafford,VA
"J.A. Stauffer, CPA, PC",info@jascpa.com,+18664141040,https://jascpa.com/,Goshen,IN
Legacy CPA,help@legcpa.com,+15413260993,https://legacycpaoregon.com/,Central Point,OR
Legacy CPA,brian@legacycpatn.com,+15413260993,https://legacycpaoregon.com/,Central Point,OR
"S.M. Magnone, CPA, PLLC",steve@smagnonecpa.com,+13047231356,https://smagnonecpa.com/,Weirton,WV
"Stuart Rubin & Associates, P.A.",slr@stuartrubincpa.com,+19549770475,https://stuartrubincpa.com/,Fort Lauderdale,FL
Pyramid Financial Services,info@pyramidtaxes.com,+13365067116,http://pyramidtaxes.com/,Greensboro,NC
Number Nerdz Tax Accounting And Bookkeeping,zzahid@numbernerdz.com,+16305500815,https://www.numbernerdz.com/,Glendale Heights,IL
Number Nerdz Tax Accounting And Bookkeeping,bkhan@numbernerdz.com,+16305500815,https://www.numbernerdz.com/,Glendale Heights,IL
"Advantage Tax, Accounting, Payroll, and Bookkeeping",info@advantage.cpa,+15616876466,https://advantage.cpa/,Boca Raton,FL
Kongs & Seib P A,jsmith@kongsandseib.com,+19134918037,http://kongsandseib.com/,Lenexa,KS
Kongs & Seib P A,dkongs@kongsandseib.com,+19134918037,http://kongsandseib.com/,Lenexa,KS
Kongs & Seib P A,pseib@kongsandseib.com,+19134918037,http://kongsandseib.com/,Lenexa,KS
Kongs & Seib P A,jseib@kongsandseib.com,+19134918037,http://kongsandseib.com/,Lenexa,KS
Kongs & Seib P A,kkongs@kongsandseib.com,+19134918037,http://kongsandseib.com/,Lenexa,KS
Annie Chen CPA Inc.,accpa40@gmail.com,+19493871702,https://anniechencpa.com/,Irvine,CA
Bogard CPA Accounting and Tax Services,Contact@bogardcpa.com,+13172739157,https://bogardcpa.com/,Indianapolis,IN
CK ACCOUNTING GROUP,chris@ckaccountinggroup.com,+17322882677,http://ckaccountinggroup.com/,Montville,NJ
Basta+Croop,admin@bastacroop.com,+17042705966,https://bastacroop.com/,Charlotte,NC
LT Investments & Consulting,info@tucsontaxaccounting.com,+15205262797,http://tucsontaxaccounting.com/,Tucson,AZ
"Smith, Kunz & Associates PLLC",info@smithkunz.com,+12084970589,https://www.smithkunz.com/,Idaho Falls,ID
Forbes & Company,contact@forbesco.com,+17702173173,https://www.forbesco.com/,Alpharetta,GA
Red Door CPA Group,swalker@hwalkercpa.com,+15749365211,https://hwalkercpa.com/,LaGrange,IN
The Warnick Group,admin1@thewarnickgroup.com,+17029024272,http://thewarnickgroup.com/,Henderson,NV
Burkart & Stevens CPAs and Advisors,cole@burkartcpa.com,+18055436876,http://burkartcpa.com/,San Luis Obispo,CA
Upper Left Accounting,info@upperleftaccounting.com,+12532350186,https://upperleftaccounting.com/,Enumclaw,WA
"CTA Advisors, LLLP",acaldera@ctaadvisors.net,+14793657142,https://www.ctaadvisors.net/,Fayetteville,AR
"Boatswain CPA, PLLC",info@boatswaincpa.com,+17188040377,https://www.boatswaincpa.com/,Brooklyn,NY
KMJ Tax and Accounting Inc.,staff@kmjtax.com,+12625471121,http://kmjtax.com/,New Berlin,WI
"Sheri L. Hoble CPA, Inc.",info@sherilhoblecpa.com,+19547524013,https://www.cpabrowardcounty.com/,Tamarac,FL
TEAM Financials CPA,info@teamfinancials.com,+17044124242,https://teamfinancials.com/,Charlotte,NC
Jayd Advisors - Shelley R Johnson CPA,info@jaydadvisors.com,+13178431040,https://www.jaydadvisors.com/,Carmel,IN
"Pink Harbor, CPA",mike@pinkharbor.com,+18562269524,https://pinkharbor.com/,Williamstown,NJ
"Martin, Bircher, Thompson, PC",support@martinbirchercpa.com,+14258273041,http://martinbirchercpa.com/,Kirkland,WA
STE Tax & Accounting,info@stecorporation.com,+17085830300,https://www.stecorporation.com/,Park Ridge,IL
"Ott, Norman & Co., CPAs",office@ottnorman.com,+17407732745,http://ottnorman.com/,Chillicothe,OH
"L.C. Miller CPA, PS",support@lcmillercpa.com,+14256161415,https://lcmillercpa.com/,University Place,WA
Aurelia E Weems CPA,aurelia@woodlands-cpa.com,+19362731188,https://woodlands-cpa.com/,Conroe,TX
"Randall M. Hancock CPA, PC",randall@rhancockcpa.com,+12057154488,https://cpaofbirmingham.com/,Birmingham,AL
J&R Accounting Group LLC,tax@jracct.com,+18552701120,https://jracct.com/,Joliet,IL
"Timothy A Nanni, CPA, P.C.",TimJ@nannicpa.com,+16106927269,http://nannicpa.com/,West Chester,PA
MAT Accountants & Advisors,info@mataccountants.com,+13122812091,https://www.mataccountants.com/,Orland Park,IL
Brian Ange CPA LLC,info@brianangecpa.com,+18434004590,https://www.brianangecpa.com/,Bluffton,SC
"DTLACPA, An Accountancy Corporation",argel@dtlacpa.com,+12133405689,https://www.dtlacpa.com/,Los Angeles,CA
Sapphire Accounting & Tax Solutions,info@sapphiretax.com,+13136735433,https://sapphiretax.com/,Dearborn,MI
Smart Business Concepts,info@smartconcepts.co,+12142720913,https://www.smartconcepts.co/,Dallas,TX
Jenkins CPA,mason@jenkinscpa.com,+14172689094,https://jenkinscpa.com/,Nixa,MO
Jenkins CPA,zac@jenkinscpa.com,+14172689094,https://jenkinscpa.com/,Nixa,MO
Jenkins CPA,vance@jenkinscpa.com,+14172689094,https://jenkinscpa.com/,Nixa,MO
Jenkins CPA,cheryl@jenkinscpa.com,+14172689094,https://jenkinscpa.com/,Nixa,MO
Jenkins CPA,info@jenkinscpa.com,+14172689094,https://jenkinscpa.com/,Nixa,MO
Jenkins CPA,heather@jenkinscpa.com,+14172689094,https://jenkinscpa.com/,Nixa,MO