business_name,email,phone,website,city,state
Next Auto Body Shop,info@nextautobody.com,+18055816170,https://nextautobody.com/,Simi Valley,CA
Hwy 18 Collision Center Inc.,hwy18@brainerd.net,+12188280181,https://hwy18collision.com/,Brainerd,MN
Exclusive Paint & Body,ralph@exclusivepaintandbody.com,+15202747243,https://www.exclusivepaintandbody.com/,Tucson,AZ
Car Clinic Center LLC,carcliniccenter@gmail.com,+12149049595,https://www.carcliniccenter.com/,Dallas,TX
Stowe Auto & Truck Repair,stoweautoandtruckrepair@gmail.com,+16109701499,https://www.stoweautoandtruckrepair.com/,Stowe,PA
SAFFARI'S AUTOMOTIVE Auto Repair Autobody shop and paint car repair Northridge 91324,Saffarisauto@gmail.com,+18189931079,https://www.saffarisautomotive.com/,Northridge,CA
Katy Custom Finishes,nathanludeke@katycustomfinishes.com,+12813710428,http://katycustomfinishes.com/,Katy,TX
Auto Master Auto Repair & Painting,automastertallahassee@gmail.com,+18505084654,https://automastertallahassee.com/,Tallahassee,FL
Walser Collision & Glass,WayzataCollision@autoworksofwayzata.com,+19524753313,https://walsercollision.com/,Bloomington,MN
Walser Collision & Glass,plymouthCollisionandGlass@walser.com,+19524753313,https://walsercollision.com/,Bloomington,MN
Walser Collision & Glass,wcginfo@walser.com,+19524753313,https://walsercollision.com/,Bloomington,MN
Walser Collision & Glass,bloomingtoncollisionandglass@walser.com,+19524753313,https://walsercollision.com/,Bloomington,MN
Walser Collision & Glass,WayzataCollision@autoworksofwayzata.com,+19524753313,https://walsercollision.com/,Plymouth,MN
Walser Collision & Glass,plymouthCollisionandGlass@walser.com,+19524753313,https://walsercollision.com/,Plymouth,MN
Walser Collision & Glass,wcginfo@walser.com,+19524753313,https://walsercollision.com/,Plymouth,MN
Walser Collision & Glass,bloomingtoncollisionandglass@walser.com,+19524753313,https://walsercollision.com/,Plymouth,MN
Autoworks Collision of Wayzata,WayzataCollision@autoworksofwayzata.com,+19524753313,https://walsercollision.com/,Wayzata,MN
Autoworks Collision of Wayzata,plymouthCollisionandGlass@walser.com,+19524753313,https://walsercollision.com/,Wayzata,MN
Autoworks Collision of Wayzata,wcginfo@walser.com,+19524753313,https://walsercollision.com/,Wayzata,MN
Autoworks Collision of Wayzata,bloomingtoncollisionandglass@walser.com,+19524753313,https://walsercollision.com/,Wayzata,MN
Tom's Auto Body Inc,info@toms-autobody.com,+15088814748,https://www.toms-autobody.com/,Ashland,MA
Classic Auto Body,classicautobody@classicauto707.com,+17072634889,https://www.classicautobody707.net/,Lakeport,CA
Sherm's Auto Repair & Restoration,sherm@shermsauto.com,+13862438120,https://www.shermsauto.com/,Lake City,FL
Sherm's Auto Repair & Restoration,tres@shermsauto.com,+13862438120,https://www.shermsauto.com/,Lake City,FL
A&E Auto Clinic,ae.autoclinic.inc@gmail.com,+17249482000,https://www.aeautoclinic.com/,Claysville,PA
Coeur d’Alene Automotive Mobile Repair,brandon@cdacar.com,+12087048017,https://www.coeurdaleneauto.repair/,Coeur d'Alene,ID
Jacob Auto Collision Center,jacobautocollision@gmail.com,+14043465962,https://www.jacobautocollision.com/,East Point,GA
360 Collision,sales@360collision.net,+13605157500,http://360collision.net/,Arlington,WA
360 Collision,sales@360collision.net,+13605157500,http://360collision.net/,Arlington,WA
"Auto Hospital Car Care, Inc.",info@autohospitalcarcare.com,+15862682010,https://autohospitalcarcare.com/,Sterling Heights,MI
"EMT Repair Services, Inc.",christine.emtrepair@gmail.com,+17086701021,http://emtrepairservices.com/,Peotone,IL
Brian's Carsmart Inc,briancarsmart@gmail.com,+14357525770,https://brianscarsmart.com/,Logan,UT
Anderson Honda Service,info@andersonhonda.com,+14103456789,https://www.andersonhonda.net/,Cockeysville,MD
Parker Automotive,support@parkerauto.net,+16187359000,https://www.parkerauto.net/,Woodlawn,IL
Adonis Auto Service & Repair Center,sales@adonisauto.com,+18176337008,https://adonisauto.com/,Grand Prairie,TX
Rainbow Auto Center,info@rainbowautocenter.com,+15105811100,http://rainbowautocenter.com/,Hayward,CA
NORTHSIDE COLLISION CAMILLUS,scottjnscollision@icloud.com,+13156225678,http://northsidecollision.com/,Camillus,NY
NORTHSIDE COLLISION CAMILLUS,liverpool@northsidecollision.com,+13156225678,http://northsidecollision.com/,Camillus,NY
NORTHSIDE COLLISION CAMILLUS,cicero@northsidecollision.com,+13156225678,http://northsidecollision.com/,Camillus,NY
NORTHSIDE COLLISION CAMILLUS,eastwood@northsidecollision.com,+13156225678,http://northsidecollision.com/,Camillus,NY
NORTHSIDE COLLISION CAMILLUS,camillus@northsidecollision.com,+13156225678,http://northsidecollision.com/,Camillus,NY
NORTHSIDE COLLISION CAMILLUS,baldwinsville@northsidecollision.com,+13156225678,http://northsidecollision.com/,Camillus,NY
NORTHSIDE COLLISION CAMILLUS,dewitt@northsidecollision.com,+13156225678,http://northsidecollision.com/,Camillus,NY
Northside Collision Eastwood,scottjnscollision@icloud.com,+13156225678,http://northsidecollision.com/,Syracuse,NY
Northside Collision Eastwood,liverpool@northsidecollision.com,+13156225678,http://northsidecollision.com/,Syracuse,NY
Northside Collision Eastwood,cicero@northsidecollision.com,+13156225678,http://northsidecollision.com/,Syracuse,NY
Northside Collision Eastwood,eastwood@northsidecollision.com,+13156225678,http://northsidecollision.com/,Syracuse,NY
Northside Collision Eastwood,camillus@northsidecollision.com,+13156225678,http://northsidecollision.com/,Syracuse,NY
Northside Collision Eastwood,baldwinsville@northsidecollision.com,+13156225678,http://northsidecollision.com/,Syracuse,NY
Northside Collision Eastwood,dewitt@northsidecollision.com,+13156225678,http://northsidecollision.com/,Syracuse,NY
Northside Collision Baldwinsville,scottjnscollision@icloud.com,+13156225678,http://northsidecollision.com/,Baldwinsville,NY
Northside Collision Baldwinsville,liverpool@northsidecollision.com,+13156225678,http://northsidecollision.com/,Baldwinsville,NY
Northside Collision Baldwinsville,cicero@northsidecollision.com,+13156225678,http://northsidecollision.com/,Baldwinsville,NY
Northside Collision Baldwinsville,eastwood@northsidecollision.com,+13156225678,http://northsidecollision.com/,Baldwinsville,NY
Northside Collision Baldwinsville,camillus@northsidecollision.com,+13156225678,http://northsidecollision.com/,Baldwinsville,NY
Northside Collision Baldwinsville,baldwinsville@northsidecollision.com,+13156225678,http://northsidecollision.com/,Baldwinsville,NY
Northside Collision Baldwinsville,dewitt@northsidecollision.com,+13156225678,http://northsidecollision.com/,Baldwinsville,NY
NORTHSIDE COLLISION CICERO,scottjnscollision@icloud.com,+13156225678,http://northsidecollision.com/,Cicero,NY
NORTHSIDE COLLISION CICERO,liverpool@northsidecollision.com,+13156225678,http://northsidecollision.com/,Cicero,NY
NORTHSIDE COLLISION CICERO,cicero@northsidecollision.com,+13156225678,http://northsidecollision.com/,Cicero,NY
NORTHSIDE COLLISION CICERO,eastwood@northsidecollision.com,+13156225678,http://northsidecollision.com/,Cicero,NY
NORTHSIDE COLLISION CICERO,camillus@northsidecollision.com,+13156225678,http://northsidecollision.com/,Cicero,NY
NORTHSIDE COLLISION CICERO,baldwinsville@northsidecollision.com,+13156225678,http://northsidecollision.com/,Cicero,NY
NORTHSIDE COLLISION CICERO,dewitt@northsidecollision.com,+13156225678,http://northsidecollision.com/,Cicero,NY
Northside Collision Liverpool,scottjnscollision@icloud.com,+13156225678,http://northsidecollision.com/,Liverpool,NY
Northside Collision Liverpool,liverpool@northsidecollision.com,+13156225678,http://northsidecollision.com/,Liverpool,NY
Northside Collision Liverpool,cicero@northsidecollision.com,+13156225678,http://northsidecollision.com/,Liverpool,NY
Northside Collision Liverpool,eastwood@northsidecollision.com,+13156225678,http://northsidecollision.com/,Liverpool,NY
Northside Collision Liverpool,camillus@northsidecollision.com,+13156225678,http://northsidecollision.com/,Liverpool,NY
Northside Collision Liverpool,baldwinsville@northsidecollision.com,+13156225678,http://northsidecollision.com/,Liverpool,NY
Northside Collision Liverpool,dewitt@northsidecollision.com,+13156225678,http://northsidecollision.com/,Liverpool,NY
Express Auto & Truck Services,info@expresstruckservices.com,+14843702835,https://expresstruckservices.com/,King of Prussia,PA
Grapewood Garage,grapewoodgarage@gmail.com,+16165344917,https://www.grapewoodgarage.com/,Wyoming,MI
Jeremy's Automotive & Performance,jeremysautomotiveandtowing@yahoo.com,+15867275419,https://jeremysautomotiveandperformance.com/,Casco,MI
Jeremy's Automotive & Performance,jeremysautomotivejr@hotmail.com,+15867275419,https://jeremysautomotiveandperformance.com/,Casco,MI
Sam Smith Performance Car Care Center- Mercedes Benz/ Sprinter /AMG Specialist,info@samsmithperformance.com,+14042208335,http://samsmithperformance.com/,Fayetteville,GA
JSB Autoworks European & Exotic Auto Repairs,info@jsbautoworks.com,+17869526160,https://www.jsbautoworks.com/,Miami,FL
Eddie's Mechanic & Body Repair,service@ebodyrepair.com,+19724381991,https://ebodyrepair.com/,Irving,TX
All About Price & Select Collision Center,Allaboutpricefinance@gmail.com,+13862632723,https://palmcoastauto.com/,Bunnell,FL
Frank's Transmissions and Auto Repair,mechanic@franks-tar.com,+16616746203,https://frankstransmissionsautorepair.com/,Lancaster,CA
"City Body, Inc.",info@citybody.com,+17344824737,https://www.citybody.com/,Ypsilanti,MI
Hometown Automotive Shop,care@hometownautomotiveshop.com,+15122620443,https://hometownautomotiveshop.com/,Kyle,TX
Tande's Automotive,tandesauto@gmail.com,+15128325150,https://tandesautoserviceaustin.com/,Austin,TX
Ourisman Tri-State Subaru Service Center,jherbert@ourismancars.com,+13024539900,https://www.tristatesubaru.com/,Newark,DE
"Superior Truck Service, Inc.",dhammill5023@gmail.com,+17045986243,https://www.superiortruckservicenc.com/,Charlotte,NC
Alexander's Collision & Service Center,bart@alexanderscollision.com,+13098272177,https://alexanderscollision.com/,Bloomington,IL
"Jake's Auto Body & Painting Works, Inc.",jakeswaterbury@aol.com,+12037573922,http://jakesautobodyshop.com/,Waterbury,CT
Tanner's Collision Center,TANNERSCOLLISION@comcast.net,+18159397475,https://www.tannerscollision.com/,Kankakee,IL
Automotive Restorations Inc,tony@auto-restore.com,+12033860486,https://www.automotiverestorations.com/,Stratford,CT
Automotive Restorations Inc,marissa@auto-restore.com,+12033860486,https://www.automotiverestorations.com/,Stratford,CT
Automotive Restorations Inc,briano@auto-restore.com,+12033860486,https://www.automotiverestorations.com/,Stratford,CT
Automotive Restorations Inc,timr@auto-restore.com,+12033860486,https://www.automotiverestorations.com/,Stratford,CT
Automotive Restorations Inc,kentbain@optonline.net,+12033860486,https://www.automotiverestorations.com/,Stratford,CT
Automotive Restorations Inc,info@auto-restore.com,+12033860486,https://www.automotiverestorations.com/,Stratford,CT
Automotive Restorations Inc,molly@auto-restore.com,+12033860486,https://www.automotiverestorations.com/,Stratford,CT
SOS Customz,sales@soscustomz.com,+17609671592,https://www.soscustomz.com/,Oceanside,CA
SOS Customz,quotes@soscustomz.com,+17609671592,https://www.soscustomz.com/,Oceanside,CA
SOS Customz,oscar@soscustomz.com,+17609671592,https://www.soscustomz.com/,Oceanside,CA
SOS Customz,saul@soscustomz.com,+17609671592,https://www.soscustomz.com/,Oceanside,CA
Collision Care Xpress,service@collisioncarexpress.com,+19545908015,https://collisioncarexpress.com/,Pompano Beach,FL
Performance Auto Body,estimates@mycollisionrepair.com,+18474555511,https://www.mycollisionrepair.com/,Franklin Park,IL
Skill Craft Body Shop: Auto Collision Repair Huntington Beach,customerservice@skillcraft.com,+17148482311,https://skillcraft.com/,Huntington Beach,CA
New Image,info@niautosolutions.com,+13236681300,https://niautosolutions.com/,Los Angeles,CA
Auto Body Mania,autobodymania@gmail.com,+15619299832,https://www.autobodymania.com/,Boca Raton,FL
Major body shop,Major.bodyshop@gmail.com,+15595577711,https://majorbodyshop.com/,Fresno,CA
VA Collision Monterey Park,vacollision711@gmail.com,+16268721960,https://vacollision.net/,Monterey Park,CA
"Gullwing Motors, Inc.",info@gullwingusa.com,+15167423320,https://www.gullwingusa.com/,Mineola,NY
All Access Automotive,allaccesswheel@yahoo.com,+15592372500,https://www.allaccessautomotive.com/,Fresno,CA
Warrenton Auto Service,brian.bower@warrentonauto.com,+15403477978,https://warrentonauto.com/,Warrenton,VA
Broadway Automotive,4519broadway@gmail.com,+18779573836,http://nyctowing.us/,New York,NY
Denver's Car Care,info@denverscarcarellc.com,+16022488000,https://www.denverscarcarellc.com/,Phoenix,AZ
Rogers Auto Center,billrogersauto1@yahoo.com,+18163807200,https://www.rogersautocenterharrisonville.com/,Harrisonville,MO
Interstate Automotive,i94auto@aol.com,+13205584500,https://interstateautomotivemn.com/,Clearwater,MN
Benedict Auto Body,info@benedictautobody.com,+15176764970,https://benedictautobody.com/,Mason,MI
Dependable Body Shop & Towing,dependableshop@bellsouth.net,+19122652731,https://www.autobodybrunswick.com/,Brunswick,GA
"Polkey's Paint & More, LLC",admin@polkeys-paint.com,+16015256895,https://www.polkeyspaint.com/,Leakesville,MS
Dr. Brakes Auto Service Coral Springs,drbrakesfl@gmail.com,+19543457887,http://drbrakesusa.com/,Coral Springs,FL
Patriots Auto Body | Collision Center Lowell,patriotsautobody@gmail.com,+19787354441,http://patriotsautobody.com/,Lowell,MA
Ray's Collision,rayscollisionmc@gmail.com,+16412431320,http://rayscollision.net/,Mason City,IA
Import Euroworks,importeuroworks@gmail.com,+12102186005,https://import-euroworks.com/,Selma,TX
Jim Estes Garage,estesgarage@hotmail.com,+15036574116,https://jimestesgarage.net/,Oregon City,OR
"Dolphin Auto, LLC",dolphinauto@yahoo.com,+13219848322,https://www.dolphinautorepair.com/,Grant-Valkaria,FL
Post Family Auto LLC,Blaire@postfamilyauto.com,+14795865211,https://postfamilyauto.com/,Rogers,AR
East Windsor Auto,markbyczko70@yahoo.com,+18602665573,https://www.eastwindsorautos.com/,East Windsor,CT
First Call Automotive,info@firstcallautomotive.com,+13525565233,https://www.firstcallautomotive.com/,Spring Hill,FL
R. D. Automotive,rdautobody@sbcglobal.net,+13166694734,http://rdautomotiveks.com/,Halstead,KS
Import Motorcar Service,importmotorcarserv@yahoo.com,+14123642222,https://www.importmotorcarservicepittsburgh.com/,Pittsburgh,PA
Pro Am Collision & Mechanical,office@proamcollision.com,+16163639201,https://www.proamcollision.com/,Grand Rapids,MI
Atwood European,sales@atwoodeuropean.com,+16022879666,https://atwoodeuropean.com/,Phoenix,AZ
JLA Motor Sports LLC.,jlamotorsports@hotmail.com,+14845992152,https://www.jlamotorsports.com/,Reading,PA
BMW Surgeons,bmwsurgeons@gmail.com,+19543760885,https://www.bmwsurgeons.com/,Margate,FL
Mar-Chet's Auto Repair,marchet.mark@gmail.com,+15706892289,https://www.marchetsautorepair.com/,Madison Township,PA
Dripping Springs Automotive,Marvin@drippingspringsauto.com,+15128948651,https://drippingspringsauto.com/,Dripping Springs,TX
Dripping Springs Automotive,Ryan@drippingspringsauto.com,+15128948651,https://drippingspringsauto.com/,Dripping Springs,TX
Dripping Springs Automotive,DrippingSpringsAuto@gmail.com,+15128948651,https://drippingspringsauto.com/,Dripping Springs,TX
Art Auto Body,info@artautobodyny.com,+18453583083,https://artautobodyny.com/,West Nyack,NY
Marlow Auto Body & Service Center,marlowautobody@aol.com,+13014234444,https://marlowautobody.com/,Temple Hills,MD
SPEEDhaus,speedhausok@gmail.com,+14059063935,http://speedhaus405.com/,Edmond,OK
Dixie 4 Wheel Drive,info@dixie4wheeldrive.com,+14356732546,https://dixie4wheeldrive.com/,St. George,UT
Griffin Automotive Design,kyle@griffinautomotivedesign.com,+15735342300,https://www.griffinautomotivedesign.com/,Bonne Terre,MO
Klaus Garage,klausgarage@yahoo.com,+18452213660,https://www.klausgarage.com/,Hopewell Junction,NY
MBT OF ATLANTA Mercedes Master Techs,DAVID@mercedesbenztechs.com,+17708373888,https://mbtofatlanta.com/,Chamblee,GA
Ray Donch Body Werks Inc,rdbodywerks@yahoo.com,+14123661170,https://www.raydonchbodywerkspa.com/,Pittsburgh,PA
MBT OF ATLANTA Mercedes Master Techs,DAVID@mercedesbenztechs.com,+17708373888,https://mbtofatlanta.com/,Norcross,GA
Turk's Collision Repair,turkscollisionrepair@gmail.com,+18155214588,https://turkscollisionrepair.com/,Minooka,IL
Automasters Automotive,contact@automastersautomotive.net,+12603491908,https://www.automastersautomotive.net/,Kendallville,IN
Irongate Auto Repair,office@irongateautorepair.com,+17032068570,http://irongateautorepair.com/,Waldorf,MD
Burnt Rubber Garage,dave@burntrubbergarage.com,+13304418334,https://burntrubbergarage.com/,Medina,OH
Rodriguez Auto Service & Collision,info@rodriguezautoservices.com,+13618554949,https://www.rodriguezautoservices.com/,Corpus Christi,TX
Juhl Automotive Service and Repair,juhlautomotivellc@gmail.com,+16053062558,https://www.juhlautomotive.com/,Sioux Falls,SD
Countryside Auto Body LLC,info@countrysideautobodyllc.com,+12182442654,https://countrysideautobodyllc.com/,Grand Rapids,MN
Fisher Body Shop and Towing,dragracer2261@gmail.com,+12699259888,https://www.fisherbodyshop.net/,Benton Harbor,MI
CAMS Automotive,shop@camsautomotive.com,+15044619838,https://camsautomotive.com/,Kenner,LA
"First Auto Mechanic, Repair & Tire Shop",firstauto96@gmail.com,+14084387772,https://firstauto.zee.am/,Cupertino,CA
Next Step Auto Sales,nextstepcars@outlook.com,+12164847431,https://www.nextstepcars.com/,Kirtland,OH
JNM Auto,Jnmautollc@gmail.com,+19193772394,https://jnmauto.com/,Cary,NC
Lightning Auto Body and Custom Shop,john@lightningautorepair.com,+18134881548,http://lightningbodyshop.com/,Tampa,FL
Wheels In Motion Inc.,wheelsinmotion@aol.com,+16103271945,https://wheels-in-motion.biz/,Pottstown,PA
Automotive Innovations,innovationsautomotive@gmail.com,+12567780705,https://automotive-innovations.net/,Somerville,AL
Chuck's Main Street Auto,chucksonmainsussex@gmail.com,+12627531110,https://chucksonmain.com/,Sussex,WI
Diesel Fix,info@dieselfix.org,+19515120500,https://dieselmechanicfix.com/,Redlands,CA
Service Center - Dodd RV of the Peninsula,shudgins@doddrv.com,+17578343633,http://doddrv.com/,Yorktown,VA
Service Center - Dodd RV of the Peninsula,ddoss@doddrv.com,+17578343633,http://doddrv.com/,Yorktown,VA
"C & A Auto Repair, Llc",candaauto@hotmail.com,+17157731460,https://www.candaautorepair.org/,Thorp,WI
Powerhouse Performance | Off-Road Performance Shop,sales@powerhouseperformance.com,+18056246284,https://www.powerhouseperformance.com/,Simi Valley,CA
McCloskey Appearance Center,TrevourS@bigjoeauto.com,+17196857102,https://bigjoedetail.com/,Colorado Springs,CO
"Fueled Customs, L.L.C.",fueled.llc@gmail.com,+19206484777,https://fueledcustomswi.com/,Lake Mills,WI
Bedrock Customs & Automotive Repair,contact@bedrockcustomauto.com,+16015165313,http://bedrockcustomauto.com/,Sumrall,MS
Import Performance Inc.,service@importperformance-nc.com,+19198542626,https://www.importperformance-nc.com/,Raleigh,NC
Repo's Garage,reposgarage@yahoo.com,+19403838821,http://reposgarage.com/,Denton,TX
Honducar Collision Center,autoservice@honducartexas.com,+12106803016,https://honducartexas.com/,San Antonio,TX
Ray Hyde Paint & Body Works,customerservice@rayhyde.com,+13184454582,https://rayhyde.com/,Alexandria,LA
Barry's Paint Shop Inc,info@barryspaintshop.com,+17175696264,https://www.barryspaintshop.com/,Ephrata,PA
Ramirez Truck and Trailer Repair,ramireztruckandtrailer@gmail.com,+17204403428,http://ramireztruckandtrailerrepair.com/,Denver,CO
"BEN'S BODY WORKS, INC",bensbodyworks@outlook.com,+13342975179,https://bensbodyworks.com/,Phenix City,AL
A&D Collision,adrepair@adcollisioninc.com,+15173396030,https://adcollisioninc.com/,Haslett,MI
Diehl Collision of Pittsburgh,pgh.collision@verizon.net,+14127841292,https://www.pittsburghcollision.com/,Pittsburgh,PA
Ultimate Repair & Restoration - A Branch Of JW Enterprises,wasniakjr@yahoo.com,+19203619054,http://ultimaterepairandrestoration.com/,Berlin,WI
Shannon Bryant Wrecker,bryantswrecker@gmail.com,+13342226100,https://shannonbryantwrecker.com/,Evergreen,AL
"Bellmawr Collision Center, Inc.",charlene@bellmawrcollision.com,+18569394000,https://www.bellmawrcollision.com/,Runnemede,NJ
Pepe's Auto Repair Inc.,pepejia@hotmail.com,+18453436349,http://pepesautorepair.com/,Middletown,NY
Eric's Car Care - Rice Village,info@ericscarcare.com,+17135975002,https://www.ericscarcare.com/,West University Place,TX
Auto Body Repair NYC,admin@a1collisionny.com,+12125647100,https://a1collisionny.com/,New York,NY
Central Street Garage,allan@centralstreetgarage.com,+15085439611,https://www.centralstreetgarage.com/,Foxborough,MA
Eric's Car Care - Medical Center,info@ericscarcare.com,+17135975002,https://www.ericscarcare.com/,Houston,TX
Tampa Body Shop LLC,info@tampabody.com,+18137103002,https://www.tampabody.com/,Tampa,FL
Bumper Globe Collision Centre,info@bumperglobe.com,+14437088352,https://bumperglobe.com/,Baltimore,MD
Expert Car Care- Winter Park,coralsprings@expertcarcare.com,+14073845045,https://www.expertcarcare.com/,Winter Park,FL
Expert Car Care- Winter Park,deltonaeast@expertcarcare.com,+14073845045,https://www.expertcarcare.com/,Winter Park,FL
Expert Car Care- Winter Park,winterpark@expertcarcare.com,+14073845045,https://www.expertcarcare.com/,Winter Park,FL
Expert Car Care- Winter Park,deltona@expertcarcare.com,+14073845045,https://www.expertcarcare.com/,Winter Park,FL
Expert Car Care- Winter Park,oviedo@expertcarcare.com,+14073845045,https://www.expertcarcare.com/,Winter Park,FL
Expert Car Care- Winter Park,lakenona@expertcarcare.com,+14073845045,https://www.expertcarcare.com/,Winter Park,FL
Ray's Certified Auto Repair,rayscertifiedautorepair@gmail.com,+12182870018,https://www.rayscertifiedautorepair.com/,Moorhead,MN
B&B Auto Body,pratoautobody@gmail.com,+19142412899,https://bbautobodyshop.com/,Bedford Hills,NY
Galaxy Powersports & Automotive Inc,Blue69Westang@galaxypowersports.net,+12674835199,https://galaxypowersports.net/,Warrington,PA
Hale's Automotive,services@halesautomotive.com,+16189932287,https://halesautomotive.com/,Marion,IL
Crane & Templet,craneandtemplet@gmail.com,+15043671199,https://www.craneandtemplet.com/,Harvey,LA
Factory Finish Smart Repair,info@factoryfinishpdr.com,+12396876553,https://www.factoryfinishpdr.com/,Cape Coral,FL
Signature Auto Body,signatureauto605@gmail.com,+19544552567,https://signatureautobody.com/,Hallandale Beach,FL
Peterson Body and Paint,shop@petersonbody.com,+14023723390,https://www.petersonbody.com/,West Point,NE
PROCAR,clint@procarwi.com,+19208463211,http://procarwi.com/,Oconto Falls,WI
A-Tex Auto Repair,atexrepair@gmail.com,+15124091475,https://atexautorepair.com/,Austin,TX
Perryville Muffler & Automotive,pvmuffler@sbcglobal.net,+15735473020,https://perryvillemuffler.com/,Perryville,MO
A&D Auto Center,adautocenter9@gmail.com,+17148932141,https://www.adautocenter.com/,Westminster,CA
DREAM MOTORS LLC,dreammotorllc@gmail.com,+17637109667,https://www.dreammotorsllc.com/,Ramsey,MN
Kwik Kar Auto Center,kwikkarfrisco@gmail.com,+19723473333,https://kwikkarautocenter.com/,Prosper,TX
Kwik Kar Auto Center,kwikkarprosper@gmail.com,+19723473333,https://kwikkarautocenter.com/,Prosper,TX
Mall Auto Service,MJD88@comcast.net,+12154127270,https://www.mallautoservice.com/,Montgomeryville,PA
Affordable Auto Service,a1934fordcar@yahoo.com,+18042769717,https://affordableautoserviceva.com/,Richmond,VA
Kwik Lube & Services,info@kwiklubeandservices.com,+12545263600,https://www.kwiklubeandservices.com/,Killeen,TX
BTP Total Performance,doorslammer71@hotmail.com,+17012238765,https://www.btpracing.com/,Bismarck,ND
Nyla Magic Recon Auto Center,info@nylamagicrecon.com,+17034746522,https://www.nylamagicreconautocenter.com/,Gaithersburg,MD
Nyla Magic Recon Auto Center,Kiyarash.r@nylamagicrecon.com,+17034746522,https://www.nylamagicreconautocenter.com/,Gaithersburg,MD
Im Automotive,email@imautomotive.com,+14062007777,https://imautomotive.com/,Billings,MT
Southern Cayuga Collision,eric@southerncayugacollision.com,+13157291022,https://www.southerncayugacollision.com/,King Ferry,NY
Jim's Autobody & Refinishing Inc,jimsautobody2@att.net,+13096740113,https://www.jimbautobody.com/,Peoria,IL
Collision Repair Specialists,collisionrepairspecialists@netzero.com,+14083651303,http://collisionrepairspecialist.com/,San Jose,CA
Paint Pro's,904PaintPros@gmail.com,+19046198881,https://www.paintprosjax.com/,Jacksonville,FL
Coastal Collision,estimates@coastalcollisionfl.com,+12392313095,http://coastalcollisionfl.com/,Naples,FL
MTJ Paint and Body Shop Miami Fl,411@mtjbodyshop.com,+13056347820,https://www.411collision.com/,Miami,FL
Miami Excellence Collision Center,miamiexcellencecollisioncenter@gmail.com,+13054702424,http://miamiexcellencecollisioncenter.com/,Doral,FL
Woodlake Body Shop,woodlake75@yahoo.com,+12106627104,https://woodlakebodyshop.com/,San Antonio,TX
Fristoe's Body Shop Inc,fristoesbodyshop@yahoo.com,+16608852622,https://www.fristoesbodyshop.com/,Clinton,MO
EcoGlo Mobile Detailing - Auto Detailing,sales@ecoglodetail.com,+15714088317,https://ecoglodetail.com/,Occoquan Historic District,VA
"Klassic Rides, LLC",sales@klassicrides.com,+17044834826,https://klassicrides.com/,Newton,NC
"Klassic Rides, LLC",support@klassicrides.com,+17044834826,https://klassicrides.com/,Newton,NC
"Klassic Rides, LLC",info@klassicrides.com,+17044834826,https://klassicrides.com/,Newton,NC
Magic Touch Miami Body Shop,info@magictouchmiami.com,+13057549440,https://magictouchmiami.com/,Miami,FL
Platinum PDR Plus Paint,scott@platinumpdrpaint.com,+13167654848,https://platinumpdrpaint.com/,Newton,KS
European Auto Repair & Body JSB Autoworks,info@jsbautoworks.com,+17869526160,https://www.jsbautoworks.com/,Miami,FL
Unique Body Shop,info@uniquebodyshop.com,+16165340951,http://uniquebodyshop.net/,Grandville,MI
C&D Auto Body,info@cndautobody.com,+13013453993,https://www.cndautobody.com/,College Park,MD
Dent Star,dentstar.jake@gmail.com,+19096601286,https://www.dentstarfirst.com/,Rancho Cucamonga,CA
"Collision Plus, LLC, Kip Swiger Owner",kip.swiger@yahoo.com,+13043262250,https://cplusauto.com/,Clarksburg,WV
Tansky Advanced Auto Body & Paint Center,body.shop@tansky.com,+16147932080,https://www.tanskyautobody.com/,Columbus,OH
Visual FX Custom Paint & Body,sales@visualfxpaint.com,+19042980777,https://www.visualfxpaint.com/,Orange Park,FL
Visual FX Custom Paint & Body,info@visualfxpaint.com,+19042980777,https://www.visualfxpaint.com/,Orange Park,FL
Chimera Motors Classic Car Restoration,info@chimeramotors.com,+17149070609,https://www.chimeramotors.com/,Huntington Beach,CA
Collision Service of Green,northfieldcollision@northfieldcollision.net,+13308969990,https://www.collision-services.com/,Uniontown,OH
Collision Service of Green,collisionservicegreen@gmail.com,+13308969990,https://www.collision-services.com/,Uniontown,OH
Dent Buster Auto Body & Collision,dentbuster79@gmail.com,+16317473532,https://dentbusterinc.com/,Lindenhurst,NY
Marshall's Auto Body & Paint,cmarshallpaint@yahoo.com,+15034729415,https://www.marshallsautobodyandpaint.com/,McMinnville,OR
Platinum Automotive Center,Platinumbodyandtow@gmail.com,+18438525244,https://platinumbodyandtow.com/,North Charleston,SC
That's Minor Customs,contact@thatsminorcustoms.com,+15866908072,https://thatsminorcustoms.com/,Clinton Twp,MI
Precision Auto Body & Paint,precisionab@att.net,+18314447689,https://www.precisionautobodyrepair.net/,Salinas,CA
Auto Painters Plus,richb@autopaintersplus.com,+17275046891,https://www.autopaintersplus.com/,Largo,FL
CollisionWorks,info@collisionworksnj.com,+17327211777,https://collisionworksnj.com/,Sayreville,NJ
Auto Collision Repair,gm26@collisionright.com,+13303765121,https://qualitybodyshop.net/,Akron,OH
Bemer Motor Cars,service@bemer.com,+17132662690,https://www.bemer.com/,Houston,TX
Twisted Metal Rod & Collision,gabe.twistedmetal@gmail.com,+19728756220,https://www.elliscountycollision.com/,Ennis,TX
Lombardi Car Care & Collision,LombardiAutoBody@yahoo.com,+17242223077,https://www.lombardiautobody.com/,Washington,PA
Marcustoms Automotive and Collision,marcustomsinc@gmail.com,+12815078802,https://marcustoms.com/,Houston,TX
Rick's Body Shop LLC,ricksbodyshop@rushmore.com,+16053423809,https://ricksbodyshopllc.com/,Rapid City,SD
Malibu Auto Repair,malibu@malibuny.com,+17186330030,http://malibuny.com/,Brooklyn,NY
Rally Motors Collision and Mechanical Center,yanchertok@icloud.com,+17322977100,https://www.americanautoshop.com/,Monmouth Junction,NJ
Response Motors LLC,info@responsemotors.com,+16508813277,https://responsemotors.com/,Mountain View,CA
Running Great,runninggreatauto@aol.com,+18139710642,https://www.runninggreatauto.com/,Tampa,FL
Daves Autobody,davesautolakeville@gmail.com,+15089475823,https://www.davesautobodylakeville.com/,Lakeville,MA
Keystone Auto Restoration Inc.,kautorestoration@gmail.com,+14127821130,https://keystoneautorestorationinc.com/,Sharpsburg,PA
MassWraps,masswraps@gmail.com,+15083191954,https://masswraps.com/,Bourne,MA
Colonial Auto Body Shop Inc,colonialautobody@verizon.net,+17818265631,https://www.colonialautobody.com/,Hanover,MA
Nor Cal Rods And Rides,info@norcalrods.com,+15308970531,https://www.norcalrods.com/,Chico,CA
Martin's Collision Center,contact@sanfordpaintandbody.com,+14073228844,http://martinscollisioncenter.com/,Sanford,FL
Martin's Collision Center,contact@martinscollisioncenter.com,+14073228844,http://martinscollisioncenter.com/,Sanford,FL
Independent Car Collision Inc.,info@independentcarcollision.com,+17034219990,https://www.independentcarcollision.com/,Sterling,VA
Powell Frame & Collision,powellframe@gmail.com,+19898286553,https://powellframeandcollision.com/,Shepherd,MI
Fender Mender of Greenville,fixit@fendermendersc.com,+18642333932,http://fendermendergreenville.com/,Greenville,SC
Arvada Autobody and Collision Repair Center,info@arvadaautobody.com,+13034312277,http://arvadaautobody.com/,Arvada,CO
That's Minor Customs,contact@thatsminorcustoms.com,+15866908072,https://thatsminorcustoms.com/,Sterling Heights,MI
Original Auto Performance,originalautoperformance@gmail.com,+18479622904,https://www.originalautoperformance.com/,Van Nuys,CA
Hyperion Collision Center,hyperioncollisioncenter@gmail.com,+13236612200,https://hyperioncollisioncenter.com/,Los Angeles,CA
SANTA ROSA MOBILE MECHANICS,contactus@santarosamobilemechanics.com,+14158285250,https://santarosamobilemechanics.com/,Santa Rosa,CA
The Original Autohaus,info@theoriginalautohaus.com,+18138857911,http://theoriginalautohaus.com/,Tampa,FL
Leitherer Auto Body Shop in Skokie,leitherer@leithererbodyshop.com,+18476736360,http://leithererbodyshop.com/,Skokie,IL
Lakemoor Transmissions,chris@lakemoortransmissions.com,+18153851400,https://lakemoortransmissions.com/,McHenry,IL
All Care Automotive,allcareautomotive2317@yahoo.com,+13302731920,https://www.allcareautomotive.com/,Brunswick,OH
All About Transmissions & Automotive,mymail@mailservice.com,+13603772426,https://www.allabouttransmissions.com/,Bremerton,WA
Boro Line Auto Service,JDestefano@borolineauto.com,+16102650747,http://borolineauto.com/,King of Prussia,PA
Gilley's Signature Restorations,davesr@gilleyssr.com,+14354969123,https://www.gilleyssr.com/,Tooele,UT
Comtires,service@comtiresco.com,+19093914276,https://comtiresco.com/,Ontario,CA
Next Level Automotive,nextlevelautony@gmail.com,+18454753777,https://wappingersautorepair.com/,Wappingers Falls,NY
LUXE Auto Body & Brake Center,help@luxeautobody.com,+13103708000,https://luxeautobodyshop.com/,Lawndale,CA
US Tires & Autos,info@ustiresandauto.com,+19804301872,https://ustiresandauto.com/,Charlotte,NC
Heritage Auto Sales & Service,heritageautosales@live.com,+16103969262,https://heritageautoservice.com/,Reading,PA
Tusay's Garage,tusaysgarage@gmail.com,+18163316880,https://tusaysgarage.com/,Belton,MO
Alper Automotive,alperauto@mechanicnet.com,+12153313780,https://alperautomotive.com/,Philadelphia,PA
All Out Motorworks,alloutautomotive63@gmail.com,+15167439800,https://alloutmotorworks.com/,Hicksville,NY
Brent's Auto Care,contact@brentsautocare.com,+16098547998,https://brentsautocare.com/,Villas,NJ
Main Street Mechanic,carexperts@mainstreetmechanic.com,+18017562661,https://www.mainstreetmechanic.com/,American Fork,UT
Cliff Carter Body shop,cliffcarter@cliffcarterbodyshopar.com,+18707354285,https://cliffcarterbodyshopar.com/,West Memphis,AR
M.O.B.I.L.E Technicians 24 Hour Automotive And Equipment Services,m.o.b.i.l.etechniciansonline@gmail.com,+16786320785,https://mobiletechniciansautomotiveser.godaddysites.com/,Locust Grove,GA
H B Hot Rods and Hogs,edmsyer@yahoo.com,+17148917207,https://www.hbhotrodsandhogs.com/,Huntington Beach,CA
Casey's Independent Auto Repair,service@caseysia.com,+13602537111,https://caseysindependentauto.com/,Vancouver,WA
Quality Towing & Auto Repair,ppremail@aol.com,+12035578640,https://qualitytowingrepair.net/,Westport,CT
Foreign Accents at College Hill,service@foraccents.com,+13362942137,https://foraccents.com/,Greensboro,NC
Pro Diesel Werks,ProDiesel@comcast.net,+17177691064,https://pdwperformance.com/,Lebanon,PA
Libby's Auto & Diesel Towing Inc.,info@libbystowing.com,+19313635819,https://www.libbystowing.com/,Cornersville,TN
MasterTech Automotive,mastertechslc@gmail.com,+18014851212,https://mastertechautomotive.com/,Salt Lake City,UT
Garttmeyer Automotive,garttmeyer@verizon.net,+16109890828,https://garttmeyerautomotive.com/,Wayne,PA
WNY One Stop Automotive,wnyonestopautomotive@gmail.com,+17166947542,https://www.wnyonestopauto.com/,Tonawanda,NY
Schumacher Volkswagen of North Palm Beach - Service Center,schumachervolkswagennpb@matador.ai,+18447833511,https://www.vwofnorthpalmbeach.com/,Lake Park,FL
Schumacher Volkswagen of North Palm Beach - Service Center,rbacak@schumacherauto.com,+18447833511,https://www.vwofnorthpalmbeach.com/,Lake Park,FL
Schumacher Volkswagen of North Palm Beach - Service Center,abarbosa@schumacherauto.com,+18447833511,https://www.vwofnorthpalmbeach.com/,Lake Park,FL
Schumacher Volkswagen of North Palm Beach - Service Center,khart@schumacherauto.com,+18447833511,https://www.vwofnorthpalmbeach.com/,Lake Park,FL
David Kanaskie's Auto Repair,KANASKIESAUTOREPAIR@gmail.com,+16109332640,http://davidkanaskiesautorepair.com/,Phoenixville,PA
Scrappy's Auto Service,Service@scrappysautoservice.com,+12157577804,https://www.scrappysautoservice.net/,Langhorne,PA
Scrappy's Auto Service,Gary@scrappysautoservice.com,+12157577804,https://www.scrappysautoservice.net/,Langhorne,PA
Urabus,urabusvw@gmail.com,+13039210601,https://urabus.net/,Buena Vista,CO
My Mechanic Maintenance & Repair,support@mymechanicarizona.com,+15209048551,https://mymechanicarizona.com/,Tucson,AZ
Tom Steele Tire Service,Tomsteeletirewest@gmail.com,+12604824557,https://www.tomsteeleauto.com/,Fort Wayne,IN
L&M Body Shop,estimate@aautobodyshop.com,+18046741173,https://www.aautobodyshop.com/,Midlothian,VA
Whilby's Auto Repair,whilbysautorepair@gmail.com,+13012637439,https://www.whilbysautorepair.com/,Waldorf,MD
Firo's Autohaus,info@firosauto.com,+13035341358,http://firosauto.com/,Denver,CO
Auburn Auto Doctors,serviceteam@auburnautodoctors.com,+15302038274,https://auburnautodoctors.com/,Auburn,CA
I am Mechanics,iammechanicslv@gmail.com,+17028129824,https://www.iammechanicslv.com/,Las Vegas,NV
Mineola Auto Service Center,service@minelolaautorepair.com,+15167411664,https://www.mineolaautorepair.com/,Mineola,NY
Rexroad Mobile Auto Repair,aaron@rexroadauto.com,+14694694521,https://www.rexroadauto.com/,Frisco,TX
Wrench and Ratchet Auto Care,info@wrenchandratchet.com,+12083450011,https://wrenchandratchetauto.com/,Garden City,ID
Ed's Auto Service,bill@edsofvineland.com,+18566916034,https://www.edsofvineland.com/,Vineland,NJ
Continental Truck Service,continentaltruckservicellc@gmail.com,+14075916747,https://continentaltruckservices.com/,Orlando,FL
Beyer Motorsports Truck & Auto Repair,beyermotorsports@yahoo.com,+13192777551,https://beyerperformance.com/,Cedar Falls,IA
B&S Roadside,ChrisStorm@bsroadside.com,+12192000811,https://bsroadside.com/,Merrillville,IN
B&S Roadside,Contact@bsroadside.com,+12192000811,https://bsroadside.com/,Merrillville,IN
B&S Roadside,TylerBloom@bsroadside.com,+12192000811,https://bsroadside.com/,Merrillville,IN
Campbell's Automotive Repair Service,cmblfmly@aol.com,+18185419288,https://campbellsautomotive.com/,La Crescenta-Montrose,CA
Kensington Service Center,info@kensingtonservicecenter.com,+13019460777,https://www.kensingtonservicecenter.com/,Kensington,MD
TAB Transmissions and Automotive Specialists,tabtransmissions@gmail.com,+17322835390,https://tabtransmissions.com/,Forked River,NJ
Max Fleet & Auto Service inc,maxfleetauto@aol.com,+17187278890,https://www.maxfleetauto.com/,Staten Island,NY
Casa Autoplex Honda & Hyundai Service Department,mberryhill@casaautogroup.com,+15755254500,https://www.borman-autoplex.com/,Las Cruces,NM
Casa Autoplex Honda & Hyundai Service Department,dquillen@casaautogroup.com,+15755254500,https://www.borman-autoplex.com/,Las Cruces,NM
Lockhart's Auto Repair Inc,lockhartsautorepair@windstream.net,+17247631626,https://lockhartsautorepair.com/,Ford City,PA
Oakland Chevrolet Service & Parts,info@oaklandchevrolet.com,+15109998836,http://oaklandchevrolet.com/,Oakland,CA
Sherman's Auto Repair,office@shermansautorepair.com,+19414447057,https://www.shermansautorepair.com/,Sarasota,FL
Phillips Service Center Inc.,psc54555@gmail.com,+17153393655,https://www.phillipsservicecenter.com/,Phillips,WI
Uptown Ford of Oakland Service,info@uptownford.com,+15105881088,http://uptownford.com/,Oakland,CA
Premier Auto Service,aspiresolutioncenter@scottsaysyes.com,+14807466500,https://scottsaysyes.com/,Tucson,AZ
The Auto Clinic & Transmissions,autoclinic1954@gmail.com,+15052683301,https://www.autoclinicnm.com/,Albuquerque,NM
Complete Auto Body,office@completeautobody.com,+19205326239,https://www.completeautobody.com/,Greenleaf,WI
Import Connection,importconnectionrepair@gmail.com,+17045353598,https://importconnectionrepair.com/,Charlotte,NC
Larocca Garage Inc Madison,laroccagarage@optimum.net,+12033359926,https://www.laroccagaragebridgeport.com/,Bridgeport,CT
Martins' Garage & Tire Center Inc,martinsgarageandtire@gmail.com,+12396935959,https://www.martinsgarageandtire.com/,Fort Myers,FL
Complete Auto Repair Inc,carsoxford@att.net,+12489690560,https://completeautorepairoxford.com/,Oxford,MI
"Car Tech Automotive & Diagnostics, LLC",cartech1002@gmail.com,+19702129037,https://www.cartechautomotivegj.com/,Grand Junction,CO
The Euro Shop,service@theeuroshopva.com,+18047351463,https://theeuroshopva.com/,Richmond,VA
"Farley's Imports Car Care, Inc. of Wyoming",vwbugboys@aol.com,+13072653050,https://www.farleysautocasper.com/,Casper,WY
RBI Truck & Trailer Repair,info@rbirepair.com,+18594853527,https://rbirepair.com/,Verona,KY
Meadowbridge Auto Service,mymail@mailservice.com,+18047305859,https://www.meadowbridgeautoservice.com/,Mechanicsville,VA
Corey's of Lexington,service@coreysoflexington.com,+18037914263,https://www.coreysoflexington.com/,Lexington,SC
Wentworth Tire Service of Chicago,ken@wwts.info,+17083317440,https://www.wentworthtire.com/,Chicago,IL
Anderson Auto Service,andersonautorob@gmail.com,+12187411646,https://www.andersonautoservice.com/,Mountain Iron,MN
L & W Auto Body Inc,slwautobody@gmail.com,+17819865548,https://lwautobody.net/,Randolph,MA
J.C. Motors,vwtdi291@gmail.com,+12053197224,http://www.jcmotorscalera.com/,Calera,AL
By-pass Auto Body & 24 Hour Towing,bypass1571@sbcglobal.net,+12175441965,http://bypassautobody.com/,Springfield,IL
Wentworth Tire Service of South Holland,ken@wwts.info,+17083317440,https://www.wentworthtire.com/,South Holland,IL
"Michael & Company, Inc -Auto Body Shop and Auto Repair Shop in San Jose, CA",info@michaelandcompany.com,+14082862988,https://michaelandcompany.com/,San Jose,CA
Xcelerate Street Performance,sales@xlr8sp.com,+17138599366,https://xceleratestreetperformance.com/,Pinehurst,TX
Economy Car Care Center,marc@economycarcarecenter.com,+16362254500,https://economycarcarecenter.com/,Valley Park,MO
Wentworth Tire Service,ken@wwts.info,+17083317440,https://www.wentworthtire.com/,Calumet Park,IL
ATD - Attention to Detail PBR LLC,attentiontodetailpbr@gmail.com,+17159391448,https://attentiontodetailpbr.com/,Spooner,WI
Grant Tire Wholesalers Plus,gtwrick@gmail.com,+12318340911,https://www.granttirewholesalersplus.com/,Grant,MI
OTV Azuay Auto Repair,hello@azuayautorepair.com,+19178610980,http://azuayautorepair.com/,Long Island City,NY
CAMCO Transmission,camcotransmission@gmail.com,+17022572266,https://www.camcotransmission.com/,Las Vegas,NV
Carl's Place - 900 Series Motorsports,tony@900seriesm.com,+17028767982,https://the900series.com/,Las Vegas,NV
Carl's Place - 900 Series Motorsports,info@the900series.com,+17028767982,https://the900series.com/,Las Vegas,NV
Motor City Transmissions & Auto Repair,office@motorcitytransmissions.net,+19708320710,https://www.motorcitytransmissions.com/,Grand Junction,CO
German AutoMotors,info@germanautomotors.com,+14409153088,https://germanautomotors.com/,Medina,OH
Usilton's Motorwürks Foreign Car Repair,contact@usiltons.com,+19312151765,https://usiltons.com/,Columbia,TN
JL Truck Repair,contact@jltruckrepair.com,+16029999174,https://jltruckrepair.com/,Glendale,AZ
"Q's Quality Auto Repair, Inc.",info.qsrepair@gmail.com,+14066623344,https://www.qsqualityautorepair.com/,Bridger,MT
Thompsons Auto & Diesel Repair LLC,thompsonsautomotive391@gmail.com,+13176026076,http://thompsonsautoanddieselrepair.com/,Indianapolis,IN
Mack's Automotive,mackauto@mediacombb.net,+16414516408,https://www.macksautomotivefairfield.com/?wait-before-scraping=1000&save-markdown=true&save-html=false&oo-step=true,Fairfield,IA
"Clydes Auto Service, Body Shop & Towing",clydesauto@gmail.com,+17243341500,https://clydesautoserviceandtowing.godaddysites.com/,New Kensington,PA
Twisted Iron Customs,twistedironcustoms@live.com,+12076878023,http://twistedironcustoms.com/,Edgecomb,ME
Royal Collision Auto Paint & Body Shop,info@royalcollision.com,+12819465200,http://royalcollision.com/,Houston,TX
Manny The Mechanic,info@mannythemechanic.com,+19543627655,https://mannythemechanic.com/,Miramar,FL
Superior Auto Collision inc.,superior.southgraphics@gmail.com,+16313191194,http://superiorautocollision.biz/,Holbrook,NY
Galson Auto & Body,info@galsonauto.com,+12814699466,https://www.galsonauto.com/,Cypress,TX
Top Gun Collision Experts,gm87@collisionright.com,+13016947146,http://topguncollisionrepair.com/,Rockville,MD
Top Gun Collision Experts,gm86@collisionright.com,+13016947146,http://topguncollisionrepair.com/,Rockville,MD
ADD BODY SHOP,addbodyshop@gmail.com,+19084567878,https://www.addbodyshop.com/,Elizabeth,NJ
Royal Auto Mechanic,info@royalautomechanic.com,+16505891135,http://royalautomechanic.com/,South San Francisco,CA
"Rocci's Auto Collision, Inc.",debbie@roccisautocollision.com,+14087799090,https://www.roccisautocollision.com/,Morgan Hill,CA
Velasquez Auto Repair and Towing Service,customerservice@velasquezauto.com,+12255715716,https://www.velasquezauto.com/,Baton Rouge,LA
Trew Auto Body,bray@trewautobody.com,+13603521595,https://trewautobody.com/,Bremerton,WA
Sherman Oaks Collision Center,contact@shermanoakscc.com,+18187821505,http://shermanoakscc.com/,Sherman Oaks,CA
Pettus Automotive Collision Center,collisioncenter@pettusauto.com,+16363378660,https://www.pettuscollisioncenter.com/,De Soto,MO
Jc Auto body,jcautobodyllc@gmail.com,+17033275952,https://jcautobodyva.com/,Chantilly,VA
DG Collision Center,dgcc1959@att.net,+19722190864,https://dgcollision.com/,Lewisville,TX
Bert Smith Collision Center,collision@bertsmith.com,+17275271111,https://bertsmithcollision.cms.dealer.com/,St. Petersburg,FL
Executive Autobody,mike@eab5star.com,+15853031694,https://eab5star.com/,Rochester,NY
Status Automotive & Collision,StatusAutomotive1@gmail.com,+18322885802,https://status-automotive.com/,Houston,TX
Frame Tech 1 LLC,info@frametech1llc.com,+17084299344,https://frametech1llc.com/,Tinley Park,IL
Haws Paint & Body Shop,hawspb@sbcglobal.net,+18173353616,https://hawspaintandbodyshop.com/,Fort Worth,TX
Discount Auto Repair & Tire Service,discountautorepair16@gmail.com,+13135335330,http://discountautorepair.co/,Redford Charter Twp,MI
Impact Collision Center,impactcollisioncenter@hotmail.com,+17814804070,http://impactcollisioninc.com/,Malden,MA
Deluxe Paint & Body Works,deluxe2paint@gmail.com,+17043973313,https://www.deluxeautonc.com/,Charlotte,NC
Koffman AutoWorks,service@koffmanautoworks.com,+19205335930,https://koffmanautoworks.com/,Campbellsport,WI
Collision Motor Specialist,cmspaintandbody@gmail.com,+18322303035,http://cmsautorepair.com/,Houston,TX
W's Auto Repair,whilbysautorepair@gmail.com,+13012637439,https://www.whilbysautorepair.com/,Waldorf,MD
Auto Body Mania,autobodymania@gmail.com,+15619299832,https://www.autobodymania.com/,Pompano Beach,FL
Tallmadge Collision Centers,gm31@collisionright.com,+13306302188,https://tcccollision.com/,Tallmadge,OH
Uptown Auto Body,mike@uptownautobody.com,+12626378333,https://www.uptownautobody.com/,Racine,WI
Bimmer Workshop,info@bimmerworkshop.com,+12812330111,https://bimmerworkshop.com/,Humble,TX
Grounz 4 Divorce LLC G4D,info@g4d.us,+18134288113,https://www.g4d.us/,Lakeland,FL
PRATOW,Pratow@gmail.com,+19144247618,https://pratow.com/,Bedford Hills,NY
Stone Auto Repair & Brakes & Oil Change,na19360@gmail.com,+16303768548,https://www.stoneautorepairlombard.com/,Lombard,IL
Techne Mechanical,info@technemechanical.com,+15403664323,http://technemechanical.com/,Roanoke,VA
Auto Shop Inc,autoshoprestoration@hotmail.com,+14022234546,http://beatriceautoshopinc.com/,Beatrice,NE
Advantage Auto Service,advantageautoservice615@gmail.com,+16158678707,http://advantageautomotiveservice.com/,Murfreesboro,TN
Essex County Auto Repair,info@essexcountyautorepair.com,+19786247040,https://essexcountyautorepair.com/,Middleton,MA
Cronin Toyota Service,info@cronintoyota.com,+15676543210,https://www.cronintoyotaofrichmond.com/,Richmond,IN
Edwards Automotive,edwardsautomotive114@gmail.com,+18437712464,http://edwardsautorepair.com/,Summerville,SC
Joe's Auto Repair,joesauto93@yahoo.com,+17752406637,https://www.joesautorepairnv.com/,Sparks,NV
MAFFEIS Automotive,maffeiscartuner@gmail.com,+18052251755,https://maffeisautomotive.com/,Morro Bay,CA
Toyota Service Center,info@toyotasb.com,+19098888888,https://www.toyotasb.com/,San Bernardino,CA
SUTTON AUTO TECH,suttonautotech@gmail.com,+12085294660,https://www.suttonautorepair.com/,Idaho Falls,ID
"OnPoint Auto Customs, LLC",info@onpointautocustoms.com,+14099783778,http://onpointautocustoms.com/,Bacliff,TX
Prestige Auto Performance,PrestigeAuto3840@gmail.com,+13019420383,https://prestigeautomd.com/,Kensington,MD
Northside Collision Dewitt,scottjnscollision@icloud.com,+13156225678,http://northsidecollision.com/,East Syracuse,NY
Northside Collision Dewitt,liverpool@northsidecollision.com,+13156225678,http://northsidecollision.com/,East Syracuse,NY
Northside Collision Dewitt,cicero@northsidecollision.com,+13156225678,http://northsidecollision.com/,East Syracuse,NY
Northside Collision Dewitt,eastwood@northsidecollision.com,+13156225678,http://northsidecollision.com/,East Syracuse,NY
Northside Collision Dewitt,camillus@northsidecollision.com,+13156225678,http://northsidecollision.com/,East Syracuse,NY
Northside Collision Dewitt,baldwinsville@northsidecollision.com,+13156225678,http://northsidecollision.com/,East Syracuse,NY
Northside Collision Dewitt,dewitt@northsidecollision.com,+13156225678,http://northsidecollision.com/,East Syracuse,NY
Alabaster Automotive LLC,ben@alabasterautoservices.com,+12056647311,https://alabasterautoservices.com/,Alabaster,AL
Rainbow Paint & Body Shop,rnunez@rpbmiami.com,+13056330917,https://rpbmiami.com/,Miami,FL
NORTHERN BRAKE AND TRANSMISSION,yourcar@aol.com,+17187866800,https://northernautorepair.com/,Long Island City,NY
Apex Automotive,apex@apexnky.com,+18598023693,https://www.apexnky.com/,Burlington,KY
Elite Diesel Pros,contactus@elitedieselpros.com,+12148178383,https://elitedieselpros.com/,Midlothian,TX
TechNation llc,info@ourtechnation.com,+12818008001,https://www.ourtechnation.com/,Houston,TX
Accelerated Automotive,chris@acceleratedautomn.com,+19524402886,https://www.acceleratedautorepair.com/,Prior Lake,MN
STL Diesel,info@stldiesel.com,+16364650585,http://stldiesel.com/,Crystal City,MO
Reusch Diesel,info@reuschdiesel.com,+13304412995,https://reuschdiesel.com/,Spencer,OH
Trans Plus Inc,service@transplusdelaware.com,+13023233051,https://transplusdelaware.com/,New Castle,DE
Mears Automotive,bbrg_info@mearsservice.com,+13178524621,https://mearsservice.com/index.html,Brownsburg,IN
Mears Automotive,carmel_info@mearsservice.com,+13178524621,https://mearsservice.com/index.html,Brownsburg,IN
Mears Automotive - Carmel,bbrg_info@mearsservice.com,+13178524621,https://mearsservice.com/index.html,Carmel,IN
Mears Automotive - Carmel,carmel_info@mearsservice.com,+13178524621,https://mearsservice.com/index.html,Carmel,IN
Schmidt Auto Care,contactus@schmidtautocare.com,+19374039988,https://www.schmidtautocare.com/,Springboro,OH
Bo Daddy's Diesel And Auto Repair,info@bodaddysdiesel.com,+13029905976,https://www.bodaddysdiesel.com/,Delmar,MD
Transplant Transmission Complete Auto Care & Diesel,transplanttrans@gmail.com,+16102696444,https://transplanttransmission.com/,Downingtown,PA
Crossroad Garage LLC,jakec@crossroadgaragellc.com,+15093069577,https://crossroadgaragellc.com/,Ellensburg,WA
Double D Auto Repair,Darinbva@gmail.com,+13036884510,https://www.doubledautorepair.com/,Castle Rock,CO
Double D Auto Repair,Dougdda@yahoo.com,+13036884510,https://www.doubledautorepair.com/,Castle Rock,CO
"707 Diesel & Automotive Repair, LLC (We work on gas engines also)",gearhead@707diesel.com,+17077610281,https://707diesel.com/,Dixon,CA
A 1 Automotive & Performance,a1autotroy@gmail.com,+14357529636,https://www.a1automotiveperformance.com/,Logan,UT
Love & Company Paint & Collision,lovejandj2014@gmail.com,+19195535739,https://www.loveandcompany4042.com/,Garner,NC
The Mechanic Man,scott@mechanicman.com,+18012880308,https://www.mechanicman.com/,Murray,UT
The Mechanic Man,info@mechanicman.com,+18012880308,https://www.mechanicman.com/,Murray,UT
Arbor Autoworks,info@arborautoworks.com,+15123460152,https://arborautoworks.com/,Austin,TX
Universal Tire & Auto,customerservice@universaltireauto.com,+14076364033,https://www.universaltireandauto.com/,Longwood,FL
MRH Automotive,mrhautom@gmail.com,+17207343030,https://mrhautomotive.com/,Parker,CO
Car Inspection,info@usaautorepair.com,+12152786300,https://usaautorepair.com/,Philadelphia,PA
High Grade Auto Repair and Towing,HighGradeAuto@gmail.com,+15163262449,https://highgradeauto.com/,Franklin Square,NY
"Tanzillo Automotive, LLC",tanzillobradley@gmail.com,+17409190830,https://www.tanzilloautomotive.com/,Pataskala,OH
Schumacher Subaru Service Center,gdedona@schumacherauto.com,+15616565627,http://westpalmsubaru.com/,West Palm Beach,FL
Schumacher Subaru Service Center,schumachersubaruwpb@matador.ai,+15616565627,http://westpalmsubaru.com/,West Palm Beach,FL
Schumacher Subaru Service Center,rbacak@schumacherauto.com,+15616565627,http://westpalmsubaru.com/,West Palm Beach,FL
Schumacher Subaru Service Center,abarbosa@schumacherauto.com,+15616565627,http://westpalmsubaru.com/,West Palm Beach,FL
Bay Motors Inc.,sales@baymotorsmd.com,+14102548200,https://www.baymotorsmd.net/,Baltimore,MD
Elevated Auto & Collision,contact@elevatedautotx.com,+17133937802,https://www.elevatedautotx.com/,Houston,TX
PA Auto Inspection,service@paautoinspection.com,+12677342045,https://paautoinspection.com/,Philadelphia,PA
Bennett's Auto Repair,bennettsautorepair01@gmail.com,+18134092161,https://bennettsautorepair.net/,Seffner,FL
"Wooddale Automotive Specialists, Inc.",wooddaleauto@gmail.com,+17034903319,https://wooddaleautomotive.com/,Woodbridge,VA
Craig Johnson Automotive,craig@cjauto.net,+16268102281,https://cjauto.net/,Rowland Heights,CA
The Auto Clinic,manager@elpasoautoclinic.com,+19155943316,http://elpasoautoclinic.com/,El Paso,TX
D-Patrick Volkswagen Service and Parts Center,info@dpat.com,+18124736590,https://www.dpatvw.com/,Evansville,IN
"Arcadia Ultimate Automotive, Inc",stellern@sbcglobal.net,+16268210262,https://arcadiaautomotiverepair.com/,Arcadia,CA
B & M 's Motorheadz LLC,mike@bmmotorheadz.com,+13039549643,http://bmmotorheadz.com/,Westminster,CO
Clower Automotive,clowerautomotive@gmail.com,+19317289898,http://clowerautomotive.com/,Manchester,TN
CP Concepts,info@cpconceptsinc.com,+18155823084,http://cpconceptsinc.com/,Joliet,IL
Trail Quest,nina@trailquest.com,+16148738337,https://www.trailquest.com/,Plain City,OH
Precision Collision Inc,precisioncollisioninc@gmail.com,+12159570979,https://www.precoll.com/,Hatboro,PA
DiLorenzo's Automotive Center,dilorenzosauto@gmail.com,+15183830608,http://dilorenzosauto.com/,Rexford,NY
Ronnie's Total Car Care,ronnies.auto.billerica@gmail.com,+19784403768,https://ronniesautomotive.com/,Billerica,MA
Ronnie's Total Car Care,service11@autocareplus.com,+19784403768,https://ronniesautomotive.com/,Billerica,MA
Preston Garage,prestonsgarage@gmail.com,+12157523041,https://prestonsgarage.com/,Hulmeville,PA
American XL Automotive,american@xlautomotive.com,+17818214000,https://americanxlautomotive.com/,Canton,MA
First Automotive Inc,mark@autorepairliverpool.com,+13154575371,http://autorepairliverpool.com/,Liverpool,NY
"Car Lovers Automotive, Inc.",carloversauto@gmail.com,+17182578210,https://carloversautomotive.com/,Brooklyn,NY
Tire Max Total Car Care,info@tiremax.com,+13362234567,https://tiremaxnc.com/,Eden,NC
Fontana Hyundai Service,info@fontanahyundai.com,+14152431234,https://www.fontanahyundai.com/,Fontana,CA
OK Tire Store & Service,mindvik@oktireinc.com,+17016522823,https://oktireinc.com/,Faribault,MN
OK Tire Store & Service,joshk@elite-tire.com,+17016522823,https://oktireinc.com/,Faribault,MN
OK Tire Store & Service,Rsmith@oktireinc.com,+17016522823,https://oktireinc.com/,Faribault,MN
OK Tire Store & Service,bgoltz@oktireinc.com,+17016522823,https://oktireinc.com/,Faribault,MN
OK Tire Store & Service,mhamilton@oktireinc.com,+17016522823,https://oktireinc.com/,Faribault,MN
OK Tire Store & Service,nbarth@oktireinc.com,+17016522823,https://oktireinc.com/,Faribault,MN
OK Tire Store & Service,wades@oktireinc.com,+17016522823,https://oktireinc.com/,Faribault,MN
OK Tire Store & Service,Jolson@oktireinc.com,+17016522823,https://oktireinc.com/,Faribault,MN
OK Tire Store & Service,lmiller@oktireinc.com,+17016522823,https://oktireinc.com/,Faribault,MN
OK Tire Store & Service,bobbit@oktireinc.com,+17016522823,https://oktireinc.com/,Faribault,MN
OK Tire Store & Service,lcabler@oktireinc.com,+17016522823,https://oktireinc.com/,Faribault,MN
OK Tire Store & Service,dougg@oktireinc.com,+17016522823,https://oktireinc.com/,Faribault,MN
OK Tire Store & Service,bkohnert@oktireinc.com,+17016522823,https://oktireinc.com/,Faribault,MN
Quality Truck Tires II,justin@qualitytrucktire.com,+18065922152,https://www.mccalebtire.com/,Denver City,TX
Independent MotorCar,info@independentmotorcar.net,+16316709100,https://independentmotorcar.net/,Smithtown,NY
Dosser Garage,dosseroffice@gmail.com,+13259280001,https://www.dosseroilfieldservicesandgarage.com/,Merkel,TX
ATX FLEET SERVICES Truck and Trailer Repair,office@atxfleetservices.com,+15127879874,https://www.atxfleetservices.com/,San Marcos,TX
Complete HTR,gail@completehtr.com,+16237455896,https://www.completehtr.com/,Phoenix,AZ
All Motors Center,allmotorscenter@gmail.com,+15096557715,https://allmotorscenter.net/,Spokane,WA
Road Rangers Repair & Trucking,roadrangersrepair@gmail.com,+16055193663,https://roadrangersrepair.weebly.com/,Piedmont,SD
Dreamline Collision Center,admin@dreamlineaz.com,+15207236342,http://dreamlinecollision.com/,Coolidge,AZ
Jumbo Service Center,info@jumboservicecenter.com,+19549001052,https://www.jumboservicecenter.com/,Hollywood,FL
Best For Less Tires,bfltires@hotmail.com,+19516763668,https://www.bestforlesstires.com/,Temecula,CA
Stamford Auto Repair,stamfordauto@hotmail.com,+12035048096,https://www.stamfordautorepair.com/,Stamford,CT
Emm's Auto Repair,emmsautorepair@verizon.net,+17325662550,http://emmsautorepair.com/,Keyport,NJ
Burr Ridge Professional Car Care,collisionrepair@brcarcare.com,+16309201700,https://www.brcarcare.com/,Burr Ridge,IL
Lofton Motorsports,info@loftonmotorsports.com,+19187477566,https://loftonmotorsports.com/,Tulsa,OK
Best-One Tire & Service,info@bestonetiremartinsferry.com,+17406331163,http://bestonetiremartinsferry.com/,Martins Ferry,OH
Crossroads Auto Repair Services,info@sprintagency.net,+12402808464,https://www.crossroadsauto.us/,Laurel,MD
Universal Motorcars,universalautomotive@yahoo.com,+17027546774,https://universalmotorcarslv.com/,Las Vegas,NV
Finish Line Auto,finishlineauto14@gmail.com,+15615893463,https://www.finishlineautoofjupiter.com/,Jupiter,FL
ABM Auto Repair,abmauto123@gmail.com,+17738785530,https://www.abm-auto.com/,Chicago,IL
Alpha Auto Repair & Transmission,alphaautosale1@gmail.com,+13462958025,https://www.autotransmissionrepairtx.com/,Spring,TX
Accel Motorwerks,info@accelbmwrepair.com,+12148500304,https://accelbmwrepair.com/,Plano,TX
TACS Auto Body & Service,tacsautobodyservice@gmail.com,+15184623977,http://tacsautobodyandservice.com/,Glenmont,NY
Cardofe Automotive,hello@cardofe.shop,+18323285252,https://cardofe.shop/,Houston,TX
Jacinto City Collision Center,jacintocityauto@att.net,+17134536227,https://www.jcbodyshoptx.com/,Houston,TX
Gateway Auto - Service & Collision Center,hello@gatewayauto.co,+14022358535,https://www.gatewayauto.co/,La Vista,NE
AUTO EMPORIUM,autoemporium@hotmail.com,+16152231283,http://autoemporiumtn.com/,Smyrna,TN
Manassas Towing,manassastowingllc@gmail.com,+15714811533,https://mtowing.com/,Manassas Park,VA
Anthem Automotive | Auto Repair Shop,anthemautoaz@gmail.com,+16235475255,https://www.anthemautomotive.com/,Phoenix,AZ
Colville Auto Repair Inc,carinc2@outlook.com,+15096843581,https://www.colvilleautorepair.com/,Colville,WA
Murphy’s Customs,tony@murphyscustoms.com,+15024710360,https://murphyscustoms.com/,Jeffersontown,KY
Helix Auto Center,info@helixautocenter.com,+16193030235,http://helixautocenter.com/,La Mesa,CA
"Dunshee Body and Frame, Inc.",service@dunsheebody.com,+12696498100,https://dunsheebody.com/,Vicksburg,MI
LOGAN AUTO FIX.,loganautofix@gmail.com,+17736611922,http://loganautofixchicago.com/,Chicago,IL
Bodymotion,motorsports@bodymotion.com,+17324932700,http://bodymotion.com/,Ocean Township,NJ
Bodymotion,preownedsales@bodymotion.com,+17324932700,http://bodymotion.com/,Ocean Township,NJ
Bodymotion,mike@bodymotion.com,+17324932700,http://bodymotion.com/,Ocean Township,NJ
Bodymotion,frontdesk@bodymotion.com,+17324932700,http://bodymotion.com/,Ocean Township,NJ
Bodymotion,bodyshop@bodymotion.com,+17324932700,http://bodymotion.com/,Ocean Township,NJ
Ruedy's Auto Shop Inc.,Ruedysauto@sbcglobal.net,+14052324248,https://www.ruedysautoshop.com/,Oklahoma City,OK
"Three-C Body Shops, Inc.",gm5@collisionright.com,+17407792400,https://threecbodyshop.com/,Columbus,OH
"Three-C Body Shops, Inc.",gm6@collisionright.com,+17407792400,https://threecbodyshop.com/,Columbus,OH
Muffler Dave's,muffler.daves@yahoo.com,+17347221110,http://mufflerdaves.com/,Wayne,MI
Wilke Automotive,aashish.lad@yahoo.com,+18472591400,https://wilkeautomotive.com/,Arlington Heights,IL
Wilke Automotive,wilkeautomotive03@gmail.com,+18472591400,https://wilkeautomotive.com/,Arlington Heights,IL
AW Imported Auto Parts & Service,info@awitalian.com,+17325425600,https://awitalian.com/,Eatontown,NJ
"Hines Body Shop, LLC.",hinesbodyshopllc@gmail.com,+15735884091,https://www.hinesbodyandautomotive.com/,Shelbina,MO
City Side Auto Body,autobody@city-side.com,+13013639002,http://city-side.com/,Clinton,MD
DGC Autobody & Mechanical Center,dgcautobody@gmail.com,+17813959598,https://www.dgcautobodyrepair.com/,Medford,MA
"Griffin Auto Care, Inc.",info@griffinautocare.com,+15616590765,http://griffinautocare.com/,West Palm Beach,FL
Baker Automotive,bakerautollc@gmail.com,+15088464946,https://www.bakerautomotiveworcester.com/,Worcester,MA
Hayes Automotive,shayes2823@msn.com,+13036516004,https://www.hayes-automotive.com/,Longmont,CO
Hayes Automotive,front.desk@hayes-automotive.com,+13036516004,https://www.hayes-automotive.com/,Longmont,CO
Forks Finest Auto Body,forksfinest@yahoo.com,+17017720899,https://forksfinest.com/,Grand Forks,ND
A to Z Automotive & Tire,kevinv@azautoandtire.com,+14059461100,https://www.azautoandtire.com/,Oklahoma City,OK
Apex Automotive Group LLC,service@apexautomotivegroupusa.com,+14705450143,https://www.apexautomotivegroupusa.com/,Lilburn,GA
Busha Motors,JZFORMULA419@gmail.com,+18103646658,https://www.bushamotors.com/,Marysville,MI
Angel Services Auto Repair Center,rtmgl61@yahoo.com,+18152684000,https://www.angelservices.us/,Onarga,IL
52 Auto Point,richautocenter@gmail.com,+12154744290,https://52autopoint.com/,Philadelphia,PA
"Dunshee Body and Frame, Inc.",service@dunsheebody.com,+12696498100,https://dunsheebody.com/,Battle Creek,MI
"Fran's Of Keene, Inc.",fransofkeene@myfairpoint.net,+16033529817,https://www.fransofkeene.com/,Keene,NH
Antwerpen Nissan Security Service,support@dealereprocess.com,+14102984405,https://www.antwerpensecuritynissan.com/,Baltimore,MD
Kevin's Auto Repair Service,info@kevinsauto.net,+15705725189,https://kevinsauto.net/,Swoyersville,PA
Ray Norman's Auto,RayNormanAutoRepair@gmail.com,+15023484286,https://www.raynormanautorepair.com/,Bardstown,KY
AA Transmission Doctors Inc,hughandjeanne@comcast.net,+18435714635,https://aatransmissiondoctor.com/,Charleston,SC
Empire Custom Paint and Body,info@empirehail.com,+13153146774,https://empirestatehailcompany.com/,Syracuse,NY
West Kendall Customs,wkcustoms1@gmail.com,+13057969842,https://westkendallcustoms.godaddysites.com/,Miami,FL
Finish Line Collision & Customs Inc.,quotes@finishlineredding.com,+15302232720,https://www.finishlineredding.com/,Redding,CA
Dangerous Curves: Custom Bike & Car Painting,pccollision@outlook.com,+17722874244,https://www.dangerouscurves.biz/,Palm City,FL
KC Rock Chips,jake@kcrockchips.com,+19139912111,https://www.kcrockchips.com/,Bonner Springs,KS
523Rods,523rods@gmail.com,+15104737719,https://www.523rods.com/,Richmond,CA
Rainbow Muffler Muffler Man,info@rainbowmufflermanfl.com,+19046714552,https://rainbowmufflermanfl.com/,Jacksonville,FL
Vince's Auto Repair,vincesmotors1949@gmail.com,+14103424300,https://www.vincesmotors.com/,Baltimore,MD
Guy's Automotive,guysautomotive@gmail.com,+18139759307,https://www.guysautomotive.com/,Tampa,FL
J & E Auto Body,josh@jandeautocustoms.com,+18459425300,http://jandeautocustoms.com/,Haverstraw,NY
Chaska Lights Headlight Restoration,chaskalights@gmail.com,+16129139974,https://www.chaskalights.com/,Chaska,MN
"Elite Auto Service, Inc.",info@eliteautoservice.com,+18564861830,https://eliteautoservice.com/,Pennsauken Township,NJ
1st Priority Automotive and Towing LLC.,1stprioritytowing@gmail.com,+16035778970,https://www.1stprioritytowing.com/,Nashua,NH
Lititz Collision & Repair,service@lititzcollision.com,+17176260099,https://lititzcollisionandrepair.com/,Lititz,PA
Triple L Transmission,llsw@yahoo.com,+17123287113,https://tripleltransmissionandauto.com/,Council Bluffs,IA
Master European Automotive.,samastereuropean@yahoo.com,+12109459996,https://www.mastereuropean.net/,Universal City,TX
Yosemite Smog & Electric Inc.,Yosmog@yahoo.com,+15596582112,https://yosemitesmogandelectric.com/,Oakhurst,CA
Japanese Auto Service,matt.japaneseautosvc@gmail.com,+13034670426,https://japaneseautosvc.com/,Wheat Ridge,CO
Perris Auto Repair Center,tigerandsons@perrisautorepair.com,+19519432677,http://perrisautorepair.com/,Perris,CA
"Bob Sumerel Tire Co., Inc.",info@bobsumereltire.com,+14125431250,http://bobsumereltire.com/,Sharonville,OH
"Bob Sumerel Tire Co., Inc.",contact@bobsumereltire.com,+14125431250,http://bobsumereltire.com/,Sharonville,OH
Preferred Automotive Specialists,service@preferred-auto.net,+12156454037,https://www.preferred-auto.net/,Philadelphia,PA
Toyota of Ann Arbor Service Department,info@toyotaofannarbor.com,+14173222200,https://www.toyotaofannarbor.com/,Ann Arbor,MI
Advanced Auto Repair Shop,advancedautorepairshop@gmail.com,+12064605156,https://advancedautorepairshop.com/,Des Moines,WA
Odren's Auto Service,odrens@hotmail.com,+15172791851,https://odrensautoservice.com/,Coldwater,MI
C and L Automotive,clauto1@windstream.net,+14024750734,https://candlautomotive.com/,Lincoln,NE
Firo's Autohaus,info@firosauto.com,+13035341358,http://firosauto.com/,Denver,CO
Arts Auto Service,adrtowing@gmail.com,+19087827553,https://www.adrtowing.net/,Flemington,NJ
High Line Auto Service,servicehighline@gmail.com,+18602545350,https://www.hlautoservice.com/,South Windsor,CT
Roggi's Auto Service,customerservice@roggisauto.com,+18605222076,https://www.roggisauto.com/,Hartford,CT
Patriot Express Tire & Oil,info@mastertechplano.com,+19725781841,https://mastertechplano.com/,Plano,TX
Rogers Automotive,rogersautomotivelehi@gmail.com,+18017682590,http://rogersautomotivelehi.com/,Lehi,UT
Frank Bobo's Wrecker Service,info@boboswrecker.com,+18033293037,https://boboswrecker.com/,Rock Hill,SC
Import Auto Maintenance,importautomaintenance@gmail.com,+16153279600,https://www.importautomaintenance.com/,Nashville,TN
Blackcreek Diesel & Automotive,blackcreekdieselandautomotive@gmail.com,+16203430086,https://www.blackcreekdieselandautomotive.com/,Emporia,KS
MJ Brothers Auto & Truck Repair,mjbrothersautorepair@hotmail.com,+19198236794,https://mjbrothersautorepair.com/,Raleigh,NC
Certified Fleet Services,FtMyers@certifiedfleetservices.com,+12396883692,https://certifiedfleetservices.com/,Fort Myers,FL
Certified Fleet Services,Sarasota@certifiedfleetservices.com,+12396883692,https://certifiedfleetservices.com/,Fort Myers,FL
Certified Fleet Services,Tampa@certifiedfleetservices.com,+12396883692,https://certifiedfleetservices.com/,Fort Myers,FL
AJ's Auto Service,mymail@mailservice.com,+17025676767,https://www.ajsautoservice.com/,Henderson,NV
AJ's Auto Service,ajsautoservicelv@gmail.com,+17025676767,https://www.ajsautoservice.com/,Henderson,NV
Neville Fleet Service,info@nevillefleet.com,+15166734402,https://nevillefleet.com/,New Hyde Park,NY
Pape Automotive,info@papeautomotiveinc.com,+15419350117,https://papeautomotive.com/,Veneta,OR
OnSite OilChange Plus,Contact@onsiteoilchangeplus.com,+14804700352,https://onsiteoilchangeplus.com/,Scottsdale,AZ
Wiers Fleet Service & Truck Repair Pontiac,info@wiers.com,+18888894377,https://www.wiers.com/,Pontiac,MI
Panhandle Diesel & Automotive,panhandledieselservice@gmail.com,+13086415345,https://www.panhandlediesel.com/,Scottsbluff,NE
Cranbury Service Center,office@csc-nj.com,+16094482002,https://csc-nj.com/,Cranbury,NJ
Michiana Auto Pros,shaun@autoprosoffroad.com,+15746750695,https://autoprosoffroad.com/,Osceola,IN
Silicon Valley Performance Truck and Auto Repair,service@svperform.com,+16502156571,https://svperform.com/,Mountain View,CA
Oakland Autotech-Clean Diesel Specialists,darrin@cds.direct,+15102616828,https://cleandieselspecialists.com/,Oakland,CA
Reliable Tire Service,reliabletire1@sbcglobal.net,+19163726675,https://www.reliabletireco.com/,West Sacramento,CA