business_name,email,phone,website,city,state
TL Electric LLC,trebmal41@gmail.com,+19109904460,https://www.tlelectric.co/,Fayetteville,NC
BNA Electric INC,info@bnaelectric.com,+12815773940,http://bnaelectric.com/,Porter,TX
Aimhigh Electricians of Katy,aimhighelectricservices@gmail.com,+12817489700,https://aimhighelectrical.com/,Katy,TX
Kevin Alves Electric LLC,kevinalveselectric@gmail.com,+12032062432,https://www.kevinalveselectric.com/,Newtown,CT
Brand Home Service,info@callbrand.com,+17657327263,https://callbrand.com/,Lafayette,IN
H Electrics,contact@helectrics.us,+13013263926,https://helectrics.us/,Columbia,MD
Connect Electrical Services,contact@myrvaconnect.com,+18045083742,https://callconnectelectric.com/,Richmond,VA
TAP and Sons Electric Inc,thom@tapelectric.com,+14805072900,https://www.tapandsons.com/,Tempe,AZ
"Guaranteed Electric Service, Inc.",office@gesmankato.com,+15073889305,https://gesmankato.com/,Mankato,MN
Silverman Electric LLC,silvermanelectric5@gmail.com,+17194009510,http://silvermanelectric.com/,Peyton,CO
Damyans Electric Inc.,info@damyanselectric.com,+16126441563,https://damyanselectric.com/,Hopkins,MN
Burton Electric LLC,Burtondmechanical@outlook.com,+18434157750,https://burtonmechanicalservices.wordpress.com/,Hilton Head Island,SC
Burton Electric LLC,Burtonjmechanical@outlook.com,+18434157750,https://burtonmechanicalservices.wordpress.com/,Hilton Head Island,SC
Bad Monkey Electric,justin@badmonkeyelectric.com,+14438896047,https://www.badmonkeyelectric.com/,Eldersburg,MD
Bad Monkey Electric,brian@badmonkeyelectric.com,+14438896047,https://www.badmonkeyelectric.com/,Eldersburg,MD
Bad Monkey Electric,steve@badmonkeyelectric.com,+14438896047,https://www.badmonkeyelectric.com/,Eldersburg,MD
Bad Monkey Electric,larry@badmonkeyelectric.com,+14438896047,https://www.badmonkeyelectric.com/,Eldersburg,MD
Bad Monkey Electric,tim@badmonkeyelectric.com,+14438896047,https://www.badmonkeyelectric.com/,Eldersburg,MD
Bad Monkey Electric,admin@badmonkeyelectric.com,+14438896047,https://www.badmonkeyelectric.com/,Eldersburg,MD
Bad Monkey Electric,priscilla@badmonkeyelectric.com,+14438896047,https://www.badmonkeyelectric.com/,Eldersburg,MD
Ford Electric,ford.electric.inc@gmail.com,+13606422137,https://www.fordelectric.us/,Long Beach,WA
Phase Electric LLC,dusty@phaseelectric.org,+12064507793,http://phaseelectric.org/,Post Falls,ID
Safe and Sound Electric,info@safesoundelectric.com,+13606335413,https://safesoundelectric.com/,Suquamish,WA
Light Team Services,service@ltslights.com,+19543302600,https://lightteamservices.com/,Fort Lauderdale,FL
WCI Electric,info@wcielectric.com,+14082422069,https://www.wcielectric.com/,Santa Clara,CA
Northstar Electric LLC,help@northstarelectric.net,+15306480777,http://northstarelectric.net/,Grass Valley,CA
Mash Electric - Emergency Electricians in Houston,sales@mashelectric.us,+18325288639,https://www.mashelectric.us/,Cypress,TX
Mash Electric - Emergency Electricians in Houston,info@mashelectric.us,+18325288639,https://www.mashelectric.us/,Cypress,TX
Grayzer Electric,info@grayzerelectric.com,+15125354120,https://grayzerelectric.com/,Austin,TX
Urban Electric LLC,bnurbanelectricllc@gmail.com,+12569090502,https://www.urbanelectricllc.net/,Madison,AL
Noah O. OHearn - Licensed Electrician Plymouth MA,info@ohearnelectric.com,+17746084442,https://www.ohearnelectric.com/,Plymouth,MA
"Tri-County Electric Service, Inc.",info@tricountyelectricservice.com,+14405420735,https://www.tricountyelectricservice.com/,Garfield Heights,OH
Tri Starr Electric LLC,tristarrelectricnj@gmail.com,+19088543449,https://www.tristarrelectricnj.com/,Plainfield,NJ
Eric's Electrical Services,eheins79@gmail.com,+12392005453,https://www.ericselectricalservices.com/,Bonita Springs,FL
Cory Farrell Electric,info@coryfarrellelectric.com,+15125678875,https://coryfarrellelectric.com/,Kingsland,TX
Selectricity,selectricity@cox.net,+18503467689,https://electricianpensacola.com/,Pensacola,FL
Toth Electric,info@tothelectricllc.com,+19739964696,https://tothelectricllc.com/,Mountainside,NJ
KRAZYNUTZ,email@krazynutz.co,+12028093439,https://www.krazynutz.co/,Unionville,IN
Electrical Master System Corp,electricalmastersystem@gmail.com,+13059519372,https://electricalmastersystem.com/,Hialeah,FL
Laswell Electric Company Inc.,office@lecoinc.com,+15022316326,https://lecoinc.com/,Louisville,KY
Jim Smith Electric,jssolarelectric@yahoo.com,+17144692110,http://jimsmithelectric.com/,Trabuco Canyon,CA
Sloan Electric LLC,info@sloanelectricllc.com,+18322268151,http://sloanelectricllc.com/,Los Angeles,CA
GB Electric LLC,baezgabriel39@gmail.com,+16105089525,https://gbelectricpa.com/,Whitehall,PA
"Just Electric | 24/7 Licensed Electricians in Glendora and Covina, CA",contact@justelectricservices.com,+16266259021,https://justelectricservices.com/,Covina,CA
Florida Electrical & Fire Alarm LLC Electrician of Deerfield Beach (Florida Alarma eléctrica y contra incendios LLC),info@florida-electrical.com,+15615523753,https://floridaelectricalandfirealarm.com/,Deerfield Beach,FL
Philip Michael LLC Electrical & Lighting Contractor,PhilipMichael@philipmichael.com,+15703513050,https://philipmichael.com/,Lake Ariel,PA
Sun State Power LLC,travis@sunstatepower.com,+13522898165,https://sunstatepower.com/,Summerfield,FL
CSE Electric,sales@csetx.com,+12105906629,https://csetx.com/,San Antonio,TX
Wisconsin Electric LLC,info@wi-electric.com,+16084772325,https://wi-electric.com/,Wisconsin Dells,WI
KCL Electric,service@kclelectric.com,+12404463388,https://kclelectric.com/,Mt Airy,MD
Loria Electrical Services,info@loriaelectric.com,+15852257742,http://loriaelectric.com/,Rochester,NY
Northern Lights Electric,service@northernlightselectric.com,+18009449251,https://www.northernlightselectric.com/,North Attleborough,MA
BrightWire Electrical Solutions,letsgetyouwired@gmail.com,+19793997977,https://getbrightwire.com/,Montgomery,TX
Infinite Electric & Air,info@infinitefl.com,+12392843446,https://infinitefl.com/,North Fort Myers,FL
"Goods Electric, Heating & Air",service@goodhomecomfort.com,+13308455782,https://www.goodhomecomfort.com/,Youngstown,OH
T&M Electric Inc.,Mitch@tmelectricnd.com,+17014005744,https://tmelectricnd.com/,Bismarck,ND
O'Neill Electric Inc.,scheduling@oneillelectricmn.com,+16513420906,https://www.oneillelectricmn.com/,Stillwater,MN
Flavin Electric LLC,scott@flavinelectric.com,+13128152855,https://flavinelectric.com/,Chicago,IL
Nipper Electric Inc,info@nipperelectric.com,+17578421710,https://nipperelectric.com/,Virginia Beach,VA
Craig's Electrical and Generator Service,info@craigselectrical.com,+15046771023,https://craigselectrical.com/,Kenner,LA
Arket Electric and Generator,ae@arketelectric.com,+15183818818,https://arketelectric.com/,Schenectady,NY
Can-Duit Electric LLC,canduitelectric@gmail.com,+18152348889,https://www.can-duitelectric.net/,Rockford,IL
Electrical Connections LLC,service@electricalconnectionsllc.com,+12404100343,https://www.electricalconnectionsllc.com/,Gaithersburg,MD
Spring Electric & A/C,info@springelectricactx.com,+12817479990,https://www.springelectricactx.com/,Houston,TX
"Meyer Electric, Inc.",management@meyerelectricinc.net,+19897209472,https://www.meyerelectricinc.net/,Owosso,MI
D & J Electric Inc,djelectric@djelec.net,+19705229407,https://www.djelecinc.com/,Sterling,CO
Married 2 Electric,married2electric@gmail.com,+16104261865,https://www.married2electric.com/,Pottstown,PA
Terrapin Electric,info@terrapinelectric.com,+15126654857,https://terrapinelectric.com/,Austin,TX
Terrapin Electric,info@terrapinelectric.com,+15126654857,https://terrapinelectric.com/,Schertz,TX
"Valentine Electric, Inc.",info@electric747.com,+18453981339,https://www.valentine-electric.com/,Blauvelt,NY
Kelly Electric Company Inc.,service@kellyelectriccoinc.com,+14844545494,https://kellyelectriccoinc.com/,Media,PA
All Electric Inc,info@allelectricinc.com,+13305748889,https://allelectricinc.com/,Cortland,OH
Ritch Electric Co Inc.,betsy@ritchelectric.com,+17063226825,https://www.ritchelectric.com/,Columbus,GA
Ritch Electric Co Inc.,darryl@ritchelectric.com,+17063226825,https://www.ritchelectric.com/,Columbus,GA
Li Electric of TN,Mario@lielectricinc.com,+16152671223,https://www.lielectricinc.com/,Lewisburg,TN
Mohs Electric,mohselectricoffice@gmail.com,+12182351552,https://www.mohselectric.com/,Plymouth,MN
"Echo Electrical Services, Inc.",Brandon@echoelectricalservices.com,+18177665995,https://echoelectricalservices.com/,Pantego,TX
Toner Electric Company,frank@tonerelectric.com,+14018470993,https://www.tonerelectric.com/,Middletown,RI
Toner Electric Company,scott@tonerelectric.com,+14018470993,https://www.tonerelectric.com/,Middletown,RI
Touchstone Electric,info@touchstoneelectric.com,+18555022244,https://touchstoneelectric.com/,Matthews,NC
Rethink Electric,info@rethinkelectric.com,+16307474587,https://rethinkelectric.com/,Wood Dale,IL
Touchstone Electric,info@touchstoneelectric.com,+18555022244,https://touchstoneelectric.com/,Columbia,SC
Touchstone Electric,info@touchstoneelectric.com,+18555022244,https://touchstoneelectric.com/,Taylors,SC
Touchstone Electric - Raleigh,info@touchstoneelectric.com,+18555022244,https://touchstoneelectric.com/,Raleigh,NC
AMERICAN ELECTRICAL INNOVATIONS LTD.,cam@aeinnovations.co,+19706852809,http://aeinnovations.co/,Wellington,CO
Bergey's Electric,info@bergeyselectric.com,+12157235518,https://bergeyselectric.com/,Hatfield,PA
Big 3 Electric,big3electric@gmail.com,+19103398022,https://www.big3electric.com/,Fayetteville,NC
JaxPowerPro,office@jaxpowerpro.com,+19046897572,https://jaxpowerproelectricians.com/,Jacksonville,FL
"Vanguard Electrical Contractors, Inc",info@vanguardelectrical.com,+19042324018,https://vanguardelectricalcontractors.com/,Jacksonville,FL
Fitch Electric,info@fitchelectric.com,+19256848932,http://fitchelectric.com/,Pleasanton,CA
Pulse Industrial Electric Inc,Bamezcua4@gmail.com,+15625693967,https://pulseindustrialelectric.com/,Norwalk,CA
Pulse Industrial Electric Inc,Carlos@pulseindustrialelectric.com,+15625693967,https://pulseindustrialelectric.com/,Norwalk,CA
Nieves Electric,nieveselectric@icloud.com,+16176206809,https://nieveselectricllc.com/,Boylston,MA
Ideal Electrical Contractors Inc.,idealelectricalcontractors@gmail.com,+16309345020,http://idealelectricalcontractor.com/,St. Charles,IL
iConduit Electric,nick@iconduitelectric.com,+17088315136,https://iconduitelectric.com/,Chicago,IL
iConduit Electric,office@iconduitelectric.com,+17088315136,https://iconduitelectric.com/,Chicago,IL
Anderson Electrical LLC,info@andersonelectricalkc.com,+18164379000,https://www.andersonelectricalkc.com/,Kansas City,MO
J L Taylor Company Inc.,service@jltaylorcompany.com,+14408341223,http://jltaylorcompany.com/,Middlefield,OH
Finch Electric,Jay@finchelectric.com,+18014000660,https://finchelectric.com/,Elk Ridge,UT
First Class Electric,info@firstclasselectricnj.com,+19083251777,http://firstclasselectricnj.com/,Cranford,NJ
"Gator Electric and Communications, Inc.",service@gatorelectric.us,+15616418100,https://www.gatorelectric.com/,Lake Worth Beach,FL
Estevez Electric LLC,Christopher1990Estevez@gmail.com,+14848382763,https://estevezelectricllc.com/,Catasauqua,PA
Jericho Electric,jerry@jerichoelectric.com,+14173002702,https://jerichoelectric.com/,Nixa,MO
Northwestern Electric Inc.,northwestern@srt.com,+17012637540,https://northwestern-electric.com/,Minot,ND
Schumann Electric,info@schumannelectric.com,+16102694136,https://www.schumannelectric.com/,Downingtown,PA
Epic Electric NWA,hadley@epicelectricnwa.com,+14794403742,https://epicelectricnwa.com/,Bella Vista,AR
Electrical Pros,info@electricalpros.com,+17708222150,https://electricalpros.com/,Braselton,GA
Flores Electric,info@floreselectric.com,+14088998450,http://floreselectric.net/,Santa Clara,CA
Groppi Electric,groppielectric@gmail.com,+14402120743,https://www.groppielectric.com/,Sagamore Hills,OH
"Antoine Electric, Inc.",service@antoineelectric.com,+12189275637,https://antoineelectric.com/,Aitkin,MN
KB Electric LLC,office@kbelectric.org,+13184596041,http://kbelectric.org/,Bossier City,LA
"Traveling Brothers Electric, Inc.",travelingbrotherselectric@gmail.com,+12086433989,https://www.travelingbrotherselectric.com/,Blackfoot,ID
Plugged In Electrical,hello@pluggedinatlanta.com,+14042779708,https://pluggedinatl.com/,Tyrone,GA
LCX Energy,lcxenergy@lcxenergy.co,+15103934038,https://www.lcxenergy.co/,Concord,CA
First Class Electric,info@firstclasselectricnj.com,+19083251777,http://firstclasselectricnj.com/,Old Bridge,NJ
Albatross Electric Company,Albatrosselectric@gmail.com,+16265600400,https://www.albatrosselectric.com/,Alhambra,CA
Fann Electric Services,admin@fannelectric.com,+18643637028,https://www.fannelectric.com/,Simpsonville,SC
Executive Electric LLC,residential@thorntonelectrianservice.com,+17204221184,https://thorntonelectricianservice.com/,Thornton,CO
Blue Streak Lighting & Electric,service@bluestreaklighting.com,+18664369995,http://bluestreaklighting.com/,Sunnyvale,CA
"LeGrande Electric Inc.,",LEGRANDELECTRIC@yahoo.com,+14065796404,https://legrandeelectric.com/,Townsend,MT
All Lights Electrical Service,AllLightsElectricalService@gmail.com,+19515458822,https://www.alllightselectricalservice.com/,Riverside,CA
"Super Power Electric, Heat & Air",call@superpowerelectricnj.com,+17326558487,http://superpowerelectricnj.com/,Red Bank,NJ
"Maverick Electric, Plumbing, Heating and Air",service@maverickelectricalservices.com,+19162521206,https://maverickelectricalservices.com/,Roseville,CA
Manny Source Electric Corp,mannysource01@gmail.com,+17862992168,http://mannysourceelectric.com/,Miami,FL
"Collaborative Services, LLC",RDahlberg@csllc-tx.com,+19362282916,https://collaborativeservicestx.com/,New Waverly,TX
Esposito's Electric,info@espositoelectric.com,+19733669902,https://www.espositoelectric.com/,Denville,NJ
Milk Electrical,info@milkelectrical.com,+18184797994,https://milkelectrical.com/,Agoura Hills,CA
Miller's Electrical,office@millerselectrical.org,+13604028881,https://millerselectricalwa.co/,Olympia,WA
AA Action Electric,aaactionelectric@yahoo.com,+12394712797,https://aaactionelectric.com/,Fort Myers,FL
Axiom Electrical Services,axiom.wiring@gmail.com,+19894358851,https://axiomelectricalservices.com/,Beaverton,MI
Standard Electric,customersupport@standardelectric.com,+19786611854,https://www.standardelectric.com/,Wilmington,MA
Williams Electric & HVAC,info@williamselectrichvac.com,+18175235353,https://www.williamselectrichvac.com/,Springtown,TX
AEY Power Solutions LLC,info@aeysolutions.com,+12606001222,https://www.aeysolutions.com/,Fort Wayne,IN
Speedy Services Group Corp.,peter@gospeedyservices.com,+18478344269,https://gospeedyservices.com/,Niles,IL
Woodhollow Contracting Corp,info@woodhollowdesigns.com,+15168275916,https://www.woodhollowdesigns.com/,Lindenhurst,NY
Carolina Electric Pro’s,office@carolinaelectricpros.com,+17044524973,http://carolinaelectricpros.com/,Charlotte,NC
Vecor - Velocity Electric Corp,info@velocityelectric.com,+13607345093,https://www.velocityelectric.com/,Bellingham,WA
MK Electric,info@mkelectricalatl.com,+16788417680,https://mkelectricalatl.com/,Dallas,GA
Novotny Electric LLC,don@novotnyelectricllc.com,+19704822834,https://novotnyelectricllc.com/,Fort Collins,CO
Novotny Electric LLC,service@novotnyelectricllc.com,+19704822834,https://novotnyelectricllc.com/,Fort Collins,CO
"Belyea Company, Inc",powergeneration2@belyeapower.com,+16105158775,https://belyeapower.com/,Easton,PA
"Belyea Company, Inc",sales@belyeapower.com,+16105158775,https://belyeapower.com/,Easton,PA
"Belyea Company, Inc",espanol@belyeapower.com,+16105158775,https://belyeapower.com/,Easton,PA
Infinity Power & Controls,info@infinitypowerandcontrols.com,+13073626661,https://www.infinitypower.com/,Rock Springs,WY
Rashid Kaddoura Electrical & HVAC,rehvaccenter@gmail.com,+16692637320,https://rashidelectrical.com/,Santa Clara,CA
Muniz Electrical Masters,munizelectricalmasters@yahoo.com,+13618532976,https://munizelectricalmasters.com/,Corpus Christi,TX
Energy Today,contact@energytoday.biz,+19412100769,https://energytoday.biz/,Sarasota,FL
"Energy Maintenance and Management, Inc.",energymaint@live.com,+16785671153,http://energymaintenanceandmanagement.com/,Slocomb,AL
Bobtek Electrical Corporation,bobtek6@bobtekelectricalcorp.com,+17187632563,https://bobtekelectricalcorp.com/,Brooklyn,NY
SGA Electric LLC,sga@sgaelectric.com,+12523420927,https://sgaelectric.com/,Morehead City,NC
LED Lighting Direct,sales@ledlighting-direct.com,+12163894686,https://ledlighting-direct.com/,Avon Lake,OH
LED Lighting Direct,tompetty@ledlighting-direct.com,+12163894686,https://ledlighting-direct.com/,Avon Lake,OH
Ocean Coast Electric,office@oceancoastelectric.com,+17323388732,https://oceancoastelectric.com/,Monroe Township,NJ
Wolverine Electrical Contracting,sales@wolverineelectrical.com,+16163001311,https://www.wolverineelectrical.com/,Niles,MI
Wolverine Electrical Contracting,sales@wolverineelectrical.com,+16163001311,https://www.wolverineelectrical.com/,Grand Rapids,MI
Lightning Technologies LLC,info@lightning-technologies.com,+16106157300,https://lightning-technologies.com/,West Chester,PA
Sierra Power Services,info@sierrapowerservices.com,+19169960392,http://sierrapowerservices.com/,Foresthill,CA
Sac Town Electrician,info@sactownelectric.com,+19162298755,https://sactownelectric.com/,Sacramento,CA
Benchmark Home Services Inc.,ed@benchmarkseattle.com,+12067175076,https://benchmarkseattle.com/,Des Moines,WA
Oak City Electric,pjones@oakcityec.com,+13215766202,http://oakcityec.com/,Rockledge,FL
"Kiess Electric, Inc.",kiesselectric@gmail.com,+14195620756,https://www.kiesselectric.com/,Bucyrus,OH
"Key Electric & Automation, Inc.",info@keyelec.net,+15074540044,https://keyelec.net/,Winona,MN
Eco-Electrical Contractors llc.,wes@ecoelectricalcontractors.com,+16072413804,https://ecoelectricalcontractors.com/,Ithaca,NY
Accurate Electrical Solutions,info@accurateelectricians.com,+18338071212,http://theaccurate1.com/,Oak Lawn,IL
Standard Electric,customersupport@standardelectric.com,+19786611854,https://www.standardelectric.com/,Medford,MA
Standard Electric,customersupport@standardelectric.com,+19786611854,https://www.standardelectric.com/,Boston,MA
Standard Electric,customersupport@standardelectric.com,+19786611854,https://www.standardelectric.com/,Gloucester,MA
Pinky Electric Inc,craig@pinkyelectric.com,+12626791380,https://pinkyelectric.com/,Muskego,WI
Expert Electric Group,californiaexel@gmail.com,+17479996090,https://expertelectricgroup.com/,Woodland Hills,CA
Griffin Electrical Contracting,griffinelectricalcontracting@gmail.com,+18282734068,https://www.griffinelectricalcontracting.com/,Weaverville,NC
A-Pro Electric Inc.,office@aproelectricinc.com,+12157662776,https://aproelectricinc.com/,Perkasie,PA
Premier Maintenance Group & Electric,brian@pmg-texas.com,+18556406661,https://pmg-texas.com/,San Antonio,TX
"Red Earth Electric, LLC",redearthelectric@gmail.com,+14059226855,http://redearthelectric.com/,Oklahoma City,OK
Suburban Electric,suburbangeorge2000@gmail.com,+19736271510,https://www.suburbanelectricnj.com/,Rockaway,NJ
Radec Electric Corporation,info@radec.com,+15852716311,https://radec.com/,Rochester,NY
"Hunt Electric, Inc.",salesCO@huntelectric.com,+17204589377,https://huntelectric.com/,Salt Lake City,UT
"Hunt Electric, Inc.",salesID@huntelectric.com,+17204589377,https://huntelectric.com/,Salt Lake City,UT
"Hunt Electric, Inc.",salesSG@huntelectric.com,+17204589377,https://huntelectric.com/,Salt Lake City,UT
"Hunt Electric, Inc.",salesSL@huntelectric.com,+17204589377,https://huntelectric.com/,Salt Lake City,UT
Corr Solutions electrical,gocorrsolutions@gmail.com,+13608460181,https://gocorr.com/,Longview,WA
Templeman Electrical Service Inc,debra@templemanelectric.com,+19725635979,https://templemanelectric.com/,Terrell,TX
Beaver Electric,info@beaverelectricnw.com,+15039920195,https://beaverelectricnw.com/,Hillsboro,OR
Electrical Service & Supply,info@electricalservicesupply.com,+18638991438,https://electricalservicesupply.com/,Lakeland,FL
Franquiz Watt Electrician in Brooklyn NY,info@example.com,+12813839322,http://smartwebz.us/,Brooklyn,NY
GET LIT® Electrical & Lighting Services LLC,getlit@getlitelectrical.com,+16025855658,https://getlitelectrical.com/,Glendale,AZ
Aluminum wiring Repair Retrofit Remediation Services,defined.electric@gmail.com,+15052699861,https://definedelectric.com/,Albuquerque,NM
Rella Electric,info@rellaelectric.com,+19145004505,https://rellaelectric.com/,Yonkers,NY
Rella Electric,office@rellaelectric.com,+19145004505,https://rellaelectric.com/,Yonkers,NY
"Costena Services, LLC",info@costenaservices.com,+18134016571,https://costenaservices.com/,Wesley Chapel,FL
Finisher Electric,sales@whodatfinisher.com,+19859665651,http://whodatfinisher.com/,Covington,LA
B.A. Electrical Services LLC,baelectric11@gmail.com,+12244107545,https://www.baelectricalservice.com/,Park Ridge,IL
PH Electric LLC,Patrick@phelectricco.com,+19702978010,https://www.phelectricco.com/,Fort Collins,CO
HLC Electric Supply Co. Inc.,help@hlcelectric.net,+16269608646,https://hlcelectric.com/,Baldwin Park,CA
HLC Electric Supply Co. Inc.,help@hlcelectric.com,+16269608646,https://hlcelectric.com/,Baldwin Park,CA
MW Mechanical Heating Cooling Electrical and Plumbing,service@mwprostn.com,+16158649300,http://mwmechanical.com/,Columbia,TN
The Electric and Solar Specialist,office@electricandsolar.com,+13075141728,http://electricandsolar.com/,Cheyenne,WY
BG Electric Service LLC,bgelectricservicellc@gmail.com,+12159907966,https://www.bgelectricservicellc.com/,Philadelphia,PA
White Label Solar & Lighting,admin@whitelabel.solar,+12103251110,https://whitelabel.solar/,New Braunfels,TX
"Powercom, LLC",info@powercomllc.com,+19549781440,http://powercomllc.com/,Pompano Beach,FL
Bradley Cook Electrician LLC,bcook@bcellc.biz,+17743290128,https://bradleycookelectricianllc.jobbersites.com/,Spencer,MA
Werkheiser Electric,info@werkheiserelectric.com,+16108675550,http://werkheiserelectric.com/,Bethlehem,PA
Mister Sparky Electrician OKC,service@mistersparkyokc.com,+14057359303,https://www.mistersparkyokc.com/,Oklahoma City,OK
One & One Electric,info@1and1electric.com,+18183100330,http://1and1electric.com/,Canoga Park,CA
Anson Electric,sales@ansonelectricsd.com,+16199205129,https://ansonelectricsd.com/,El Cajon,CA
Catahoula Electric LLC,info@catahoulaelectricllc.com,+19852764174,https://www.catahoulaelectricllc.com/,Mandeville,LA
All Industrial Electric Inc,info@allindustrialelectric.com,+18478859600,https://allindustrialelectric.com/,Schaumburg,IL
A Good Electrician LLC,a.good.electrician.va@gmail.com,+15712392992,https://agoodelectricianllc.com/,Manassas,VA
Positively Electrical,positivelyelectrical@gmail.com,+18056948417,https://positivelyelectrical.com/,Goleta,CA
"Electrical Synergies, LLC",nicole@electricalsynergies.com,+19206602405,https://electricalsynergies.com/,De Pere,WI
Elekron Electric Inc,info@elekronelectric.com,+17864235230,https://www.elekronelectric.com/,Coral Gables,FL
Clutch Electrical LLC,email@clutchelectrical.com,+17325047269,http://clutchnj.com/,Bayville,NJ
Wes Carver Electric,info@wescarverelectric.com,+12158553340,https://wescarverelectric.com/,Lansdale,PA
Landers Electric,info@landerselectricinc.com,+17606907517,https://www.landerselectric.net/,Oceanside,CA
Bothwell Electrical Contractors,bothwellelectric@gmail.com,+18044391924,https://www.bothwellelectrical.com/,North Chesterfield,VA
"Excel Electrical Technologies, Inc.",services@excelelec.com,+17087981900,https://excelelec.com/,Orland Park,IL
"Excel Electrical Technologies, Inc.",info@excelelec.com,+17087981900,https://excelelec.com/,Orland Park,IL
Wolfpack Electric,info@callthepack.com,+15188557529,https://callthepack.com/,Rensselaer,NY
EG PRO ELECTRIC LLC,info@egproelectric.com,+14843590339,https://egproelectric.com/,Fountain Hill,PA
Titan Plumbing and Electric,email@titanplumbing.com,+18133030421,https://www.titanplumbingandelectric.com/,Tampa,FL
Wiski Electric Services of Arlington Heights,Wiski.Electric@gmail.com,+17732257527,https://wiskielectric.com/,Arlington Heights,IL
West Side Electric Company,office@westsideelectric.com,+15032311548,https://www.westsideelectric.com/,Portland,OR
Energo Electric,energoelectrics@gmail.com,+17602905891,http://energoelectrics.com/,San Marcos,CA
Dynamic Electrical Systems LLC,ken@dynamicelectricalsystems.com,+12034941023,https://dynamicelectricalsystems.com/,Meriden,CT
Azael Electrical And Lighting Design LLC,info@azaelelectrical.com,+16822334611,https://azaelelectrical.com/,Arlington,TX
Greenergy Electric & Designs,info@mrgreenergy.com,+13015286585,https://mrgreenergy.com/,Germantown,MD
Red Royal Electric,info@redroyalelectric.com,+17276160370,https://www.redroyalelectric.com/,Clearwater,FL
Titan Plumbing and Electric,email@titanplumbing.com,+18133030421,https://www.titanplumbingandelectric.com/,Tampa,FL
WireFox Electric,info@wirefoxelectric.com,+14432329122,https://wirefoxelectric.com/,Odenton,MD
Cannon Electric LLC,cannon.electric@outlook.com,+16055200433,https://www.cannonelectricllc.com/,Watertown,SD
Relias Electric LLC,reliaselectric@gmail.com,+17404099288,https://www.reliaselectric.com/,Lancaster,OH
Emertech Electrical,sales@emertechelectrical.com,+19723256536,https://www.emertechelectrical.com/,Irving,TX
Cali Coast Electric,cody@calicoastelectric.com,+19512334113,https://www.calicoastelectric.com/,Menifee,CA
MG Electric Inc,info@mgelectricals.com,+19543287918,https://mgelectricals.com/,Lauderhill,FL
Mitchell Electric,Darcie@mitchellelectric.com,+16052325527,https://mitchellelectric.com/,North Sioux City,SD
Mitchell Electric,Dave@mitchellelectric.com,+16052325527,https://mitchellelectric.com/,North Sioux City,SD
Mitchell Electric,Dallas@mitchellelectric.com,+16052325527,https://mitchellelectric.com/,North Sioux City,SD
Integrity Electrical Service LLC,tucsonintegrityelectrical@gmail.com,+15205893842,https://iestucson.com/,Tucson,AZ
Blue Line Electric,office@bluelineelectrictx.com,+12142107100,https://bluelineelectrictx.com/,Allen,TX
"Hayes Lighting & Electric Service, Inc.",hayes.lighting@gmail.com,+13525363400,https://www.hayeslightingandelectric.com/,Wildwood,FL
Levolt Electric,connect@levoltelectric.com,+19194442509,https://levoltelectric.com/,Raleigh,NC
Socal Electrical,info@socal-electrical.com,+18004868409,http://socal-electrical.com/,Downey,CA
Lumen Lighting and Electric Commercial,info@lumenlightingandelectric.com,+19402410215,https://lumenlightingandelectric.com/,Lewisville,TX
OldTown Electric Inc.,OldTownElectric.Inc@gmail.com,+19163070990,https://www.oldtownelectricinc.net/,Sacramento,CA
"Pro Electrical Solutions, Inc",info@proelectricalsolutions.com,+13052407292,http://proelectricalsolutions.com/,Miramar,FL
Blue Volt Electric,bernardo@bluevoltelectricsd.com,+16192271358,https://www.bluevoltelectric-sd.com/,San Diego,CA
"Cox Electric, Inc.",office@coxelectricoregon.com,+15039813320,https://coxelectricoregon.com/,Salem,OR
Blue Line Electric,office@bluelineelectrictx.com,+12142107100,https://bluelineelectrictx.com/,McKinney,TX
Burgess Electric LLC.,Burgesselectricllc@gmail.com,+14807142208,https://burgesselectricllc.com/,Mesa,AZ
Wiretech Company,talk2us@wiretechcompany.com,+19198471617,https://wiretechcompany.com/,Raleigh,NC
Fused Electric,info@fusedelectrictx.com,+18309985706,https://fusedelectrictx.com/,Fredericksburg,TX
Lumatech,rallred@lumatechservice.com,+18887715341,https://www.lumatechservice.com/,Little Rock,AR
Lumatech,bgrothe@lumatechservice.com,+18887715341,https://www.lumatechservice.com/,Little Rock,AR
Lumatech,cthornton@lumatechservice.com,+18887715341,https://www.lumatechservice.com/,Little Rock,AR
Lumatech,wdouglass@lumatechservice.com,+18887715341,https://www.lumatechservice.com/,Little Rock,AR
Lumatech,info@lumatechservice.com,+18887715341,https://www.lumatechservice.com/,Little Rock,AR
Lumatech,awatts@lumatechservice.com,+18887715341,https://www.lumatechservice.com/,Little Rock,AR
Lumatech,cgrothe@lumatechservice.com,+18887715341,https://www.lumatechservice.com/,Little Rock,AR
Lumatech,mtucker@lumatechservice.com,+18887715341,https://www.lumatechservice.com/,Little Rock,AR
Lumatech,cwennberg@lumatechservice.com,+18887715341,https://www.lumatechservice.com/,Little Rock,AR
Smartron Electric,info@smartronelectric.com,+14078832588,http://smartronelectric.com/,Winter Park,FL
Nichols Electric Group Electricians,NicholsElectricGroup@gmail.com,+13529889317,https://nicholselectricgroup.com/,Groveland,FL
The Flash Electric,eric@theflashelectric.com,+17705846186,https://theflashelectric.com/,Watkinsville,GA
D'Amico Electric,info@damicoelectric.com,+19142416909,https://damicoelectric.com/,Bedford Hills,NY
Certified Electric,certifiedelectric@yahoo.com,+15307180568,https://certifiedelectric.us/,Yuba City,CA
Karnowski Electric Co,karnowskico@sbcglobal.net,+13615751872,https://karnowskielectric.com/,Victoria,TX
SHELLEY'S ELECTRICAL SVC,Shelleyselectric@gmail.com,+16016258229,https://shelleyselectric.com/,Sebastopol,MS
Davis Electric & Systems,info@daviselectricsystems.com,+17074803733,https://daviselectricsystems.com/,Vacaville,CA
A American Electrical Services,bearelectricaz@gmail.com,+18334491717,https://aamericanelectricalservices.com/,Tucson,AZ
"Kuntz Electric, Inc.",services@kuntzelectric.com,+15072859658,https://solarconnectioninc.com/kuntz-electric/,Rochester,MN
JANCO ELECTRIC,jwhitley@jancoelectric.com,+17327204865,https://www.jancoelectric.com/,Manalapan Township,NJ
JANCO ELECTRIC,info@jancoelectric.com,+17327204865,https://www.jancoelectric.com/,Manalapan Township,NJ
"Positive Electricians, Inc.",info@positivelectricians.com,+18444110240,http://positivelectricians.com/,Van Nuys,CA
Premier Electrical Services of Fort Lauderdale,info@premierelectricalservs.com,+19549001696,http://premierelectricalservs.com/,Fort Lauderdale,FL
Electricool,dusty@getelectricool.com,+19034456560,https://getelectricool.com/,Longview,TX
ATX Lighting,JP@atxlighting.com,+15125374442,https://atxlighting.com/,Austin,TX
H&K Electric,gary@hkelectric.org,+19038312306,https://hkelectric.org/,Nash,TX
H&K Electric,jenna@hkelectric.org,+19038312306,https://hkelectric.org/,Nash,TX
H&K Electric,johnny@hkelectric.org,+19038312306,https://hkelectric.org/,Nash,TX
H&K Electric,Josh@hkelectric.org,+19038312306,https://hkelectric.org/,Nash,TX
H&K Electric,susan@hkelectric.org,+19038312306,https://hkelectric.org/,Nash,TX
H&K Electric,kevin@hkelectric.org,+19038312306,https://hkelectric.org/,Nash,TX
H&K Electric,beth@hkelectric.org,+19038312306,https://hkelectric.org/,Nash,TX
H&K Electric,ben@hkelectric.org,+19038312306,https://hkelectric.org/,Nash,TX
H&K Electric,taylor@hkelectric.org,+19038312306,https://hkelectric.org/,Nash,TX
H&K Electric,Lucas@hkelectric.org,+19038312306,https://hkelectric.org/,Nash,TX
H&K Electric,jay@hkelectric.org,+19038312306,https://hkelectric.org/,Nash,TX
TES - Tony's Electrical Services,tes.safety1st@gmail.com,+15123820157,http://teselectricco.com/,Austin,TX
Electricians Inc.,electriciansinc@gmail.com,+14023211131,http://electriciansincomaha.com/,Gretna,NE
Positively Charged Electric,Jason@positivelychargedelectric.com,+17203274525,https://positivelychargedelectric.com/,Aurora,CO
Solaris Electric,service@solaristechnology.net,+14076041001,http://solaristechnology.net/,Orlando,FL
Professional Electric,mark@theprofessionalelectrician.com,+15048580270,https://www.theprofessionalelectrician.com/,Chalmette,LA
JCS Electrical,info@jcs-constructionllc.com,+14258920913,http://jcs-constructionllc.com/,Woodinville,WA
Mid-West Electric Company-Houston,contact@mid-westelectric.com,+17136810627,https://mid-westelectric.com/,Houston,TX
Handy Kith Electrical Services,handykith@gmail.com,+19292507010,https://www.handykith.com/,Brooklyn,NY
AIT Electric-Advanced Integration Technologies,service@aitechfl.com,+18884540887,https://www.aitechfl.com/,Coconut Creek,FL
"Electric Pros, Inc",electricprosinc@yahoo.com,+18669300366,https://electric-pros.com/,Dallas,TX
Electri-Tech Inc.,eric.h@oregoneti.com,+15034558533,https://www.oregoneti.com/,Scappoose,OR
Loboz Electrical,lobozelectrical@gmail.com,+17086320438,https://www.lobozelectrical.com/,Chicago,IL
Zephyr Electrical Construction,info@zephyrelectric.org,+17324497117,https://zephyrelectric.org/,Wall Township,NJ
"Performance Electrical Contractors, LLC",manager@performance-electrical.com,+16504716143,http://performance-electrical.com/,Oreland,PA
Vtech Electric Inc,paul@vtechelectric.com,+12245859545,http://vtechelectric.com/,Chicago,IL
"Buell Electric, Inc.",Service@buellelectric.com,+17276486101,https://www.buellelectric.com/,Dunedin,FL
East-West Electric Inc,aglass@east-westelectric.com,+17272191352,https://east-westelectric.com/,Clearwater,FL
Celco,info@celcousa.com,+15595755326,https://www.celcousa.com/,Clovis,CA
Fortech Electricians LLC,fortechelectricians@gmail.com,+12679053383,https://www.fortechelectrical.com/,Darby,PA
Fortech Electricians LLC,info@fortechelectrical.com,+12679053383,https://www.fortechelectrical.com/,Darby,PA
Vancelectric NC,bob@vancelectric.com,+12523702915,http://vancelectricnc.com/,Eure,NC
Vancelectric,bob@vancelectric.com,+12524956910,https://www.vancelectric.com/,Springfield,VA
"A1 Electric, Heating, & Air Conditioning",citywiring@gmail.com,+19733700202,https://www.a1electrichvac.com/,Hackensack,NJ
Noll Electric Inc,donaldnoll@nollelectric.com,+17813376603,http://nollelectric.com/,Weymouth,MA
Patrick Electrical Service,info@patrickelectrical.com,+12245350122,http://patrickelectrical.com/,Elgin,IL
Arnie's Electric,arnie@arnieselectric.com,+17178556254,http://arnieselectric.com/,York,PA
Amp Electric,art@ampelectric.net,+18063368271,https://www.ampelectric.net/,Amarillo,TX
Monarch Electric Co.,customersupport@monarchelectric.com,+16099007679,https://www.monarchelectric.com/,Asbury Park,NJ
Monarch & Yale Electric,customersupport@monarchelectric.com,+16099007679,https://www.monarchelectric.com/,Cranbury,NJ
"Monarch Electric Co., Sales Office Only",customersupport@monarchelectric.com,+16099007679,https://www.monarchelectric.com/,Fairfield,NJ
Monarch Electric Co.,customersupport@monarchelectric.com,+16099007679,https://www.monarchelectric.com/,New Rochelle,NY
Monarch Electric Co.,customersupport@monarchelectric.com,+16099007679,https://www.monarchelectric.com/,Monroe Township,NJ
Franklin-Griffith - Permanently Closed,customersupport@yaleelectricsupply.com,+17176966426,http://franklinelectric.net/,Windsor,NJ
Monarch Electric Co.,customersupport@monarchelectric.com,+16099007679,https://www.monarchelectric.com/,Port Washington,NY
Unilight Corporation,sl@unilightelectric.com,+13102647171,https://unilightelectric.com/,Santa Monica,CA
Unilight Corporation,frank@unilightelectric.com,+13102647171,https://unilightelectric.com/,Santa Monica,CA
Aguila Electrical Services Inc,sales@aguilaelectrical.com,+18135156999,http://aguilaelectrical.com/,Tampa,FL
R W Schoolfield Electrical Contractors,hello@rwschool.com,+13363789821,https://www.rwschoolfieldelectric.com/,Mebane,NC
RSR Electric,info@viocitygroup.com,+18558889727,http://viocitygroup.com/,Mount Joy,PA
Borrell Electric Co Inc,info@borrellelectric.com,+18132232727,https://borrellelectric.com/,Tampa,FL
"JCP Electric, Inc.",Chris@jcp-electric.com,+17146331904,https://jcp-electric.com/,Orange,CA
"JCP Electric, Inc.",Mike@jcp-electric.com,+17146331904,https://jcp-electric.com/,Orange,CA
"JCP Electric, Inc.",info@jcp-electric.com,+17146331904,https://jcp-electric.com/,Orange,CA
"JCP Electric, Inc.",Ana@jcp-electric.com,+17146331904,https://jcp-electric.com/,Orange,CA
Dean Electric Co Inc,developer@adcintegrator.com,+14076642626,https://adc-integrator.com/,Newnan,GA
All Phase Electrical Service,bobby.lemoine@allphasela.com,+13375931307,http://allphasela.com/,Lafayette,LA
All Phase Electrical Service,sales@allphasela.com,+13375931307,http://allphasela.com/,Lafayette,LA
Electrical Service Professionals,estimating@espohio.com,+16148750104,https://espohio.com/,Grove City,OH
"Hunt Electric, Inc.",salesCO@huntelectric.com,+17204589377,https://huntelectric.com/,Highlands Ranch,CO
"Hunt Electric, Inc.",salesID@huntelectric.com,+17204589377,https://huntelectric.com/,Highlands Ranch,CO
"Hunt Electric, Inc.",salesSG@huntelectric.com,+17204589377,https://huntelectric.com/,Highlands Ranch,CO
"Hunt Electric, Inc.",salesSL@huntelectric.com,+17204589377,https://huntelectric.com/,Highlands Ranch,CO
"Spencer Heat & Air, HVAC & ELECTRICAL",spencerheatandair@cox.net,+14057713439,https://www.spencerheatandair.com/,Spencer,OK
Sermon Service & Electric,info@sermonid.com,+12089734919,https://sermonserviceandelectric.com/,Idaho Falls,ID
Deep Electric,help@deepelectric.com,+14072944300,https://deepelectric.com/,Orlando,FL
EHC Inc Electrical Heating Cooling,office@callehc.com,+18333532828,https://www.callehc.com/,Boston,MA
EHC Inc. Electrical Heating Cooling,office@callehc.com,+18333532828,https://www.callehc.com/,Foxborough,MA
"Rogue Valley Heating, Cooling & Electrical",dispatch@rvheat.net,+15414763211,https://rvheat.com/,Grants Pass,OR
"Comfort Systems, Inc.",admin@csihvac.com,+13076824050,https://csihvac.com/,Rapid City,SD
Edison Electrical Contractors,estimates@edisonelectrical.net,+15706555644,https://edisonelectrical.net/web,Dunmore,PA
Hewitt Young Electric LLC,info@hewittyoung.com,+13154329145,https://hewittyoung.com/,Rochester,NY
Princeton Electrical Makeover,office@electricalmakeover.com,+16096143836,https://www.electricalmakeover.com/,Princeton,NJ
Lighthouse LLC,info@lighthouseytllc.com,+15135540895,https://lighthouseytllc.com/,Cincinnati,OH
High Green Electric,info@highgreengroup.com,+19546388728,https://highgreenelectric.com/,Fort Lauderdale,FL
"OBXtroniX, LLC",servicenc@obxtronix.com,+17578025494,http://obxtronix.com/,Manteo,NC
Martin's Electric,accounting@martinselectricnc.com,+17047503150,https://martinselectricnc.com/,Kings Mountain,NC
Martin's Electric,denap@martinselectricnc.com,+17047503150,https://martinselectricnc.com/,Kings Mountain,NC
Martin's Electric,david@martinselectricnc.com,+17047503150,https://martinselectricnc.com/,Kings Mountain,NC
Bear Electric and Construction,bearelectricandconstruction@yahoo.com,+17602434273,https://www.bearelectricandconstruction.com/,Victorville,CA
LM Electric Inc,LMelectric86@outlook.com,+13235804237,http://lmelectricinc.info/,Los Angeles,CA
Ackermann Electric Company,ackermannelec.chad@gmail.com,+13603366188,http://ackermannelectric.com/,Mount Vernon,WA
Ackermann Electric Company,ackereco@gmail.com,+13603366188,http://ackermannelectric.com/,Mount Vernon,WA
PM Electrical LLC,patrick.pmelectrical@gmail.com,+12196775780,https://pmelectricalllc.com/,La Porte,IN
PowerGen Electric,info@powergenelectric.com,+18456145780,https://powergenelectric.com/,Washingtonville,NY
Rangel Electric,info@rangelelectric.com,+17603607377,https://rangelelectric.com/,Palm Desert,CA
123 Mechanical,info@123mechanical.com,+18158003279,http://123mechanical.com/,McHenry,IL
"Rego Electric Inc, Heating, Cooling, and Plumbing",duane@rego-services.com,+15088379464,https://rego-services.com/,Middleborough,MA
McNorton Mechanical,service@mcnortonhvac.com,+18504761942,https://www.mcnortonhvac.com/,Pensacola,FL
Nathan Lazarine A/C Heat & Electric,natelazo@hotmail.com,+17137253980,https://lazarineac.com/,Missouri City,TX
Airprompt Air Conditioning & Electric,admin@airpromptac.com,+17272708344,https://www.airpromptac.com/,Port Richey,FL
Big Ben Electric,bigbenelectric@gmail.com,+19512836706,https://bigbenelectric.net/,Tustin,CA
CFS Service Corporation,gethelp@cfsservice.net,+17034979000,https://cfsservice.net/,Woodbridge,VA
John H Coleman Co,info@johnhcolemanco.com,+18653505119,https://www.johnhcolemanco.com/,Knoxville,TN
Elevation Mechanical,elevationmechanical@live.com,+17194607091,https://elevation-mechanical.com/,Colorado Springs,CO
MCOR Lighting,sales@mcorlighting.com,+17025580533,http://mcorlighting.com/,Las Vegas,NV
NUER Lighting & Sign Services,info@nuerlighting.com,+18478400779,https://nuerlighting.com/,Palatine,IL
Crosco Electrical Service Inc.,croscoelectrical@gmail.com,+16604243620,https://www.croscoelectrical.com/,Butler,MO
Defused Electrical Innovations,support@defusedelectrical.com,+19862346900,https://defusedelectrical.com/,Kuna,ID
Goforth Electric,info@goforthelectric.com,+15855774549,https://www.goforthelectric.com/,Brockport,NY
Imperium Electric Plumbing and Construction LLC,imperiumplumbingllc@gmail.com,+17722370318,https://imperiumelectricllc.com/,Port St. Lucie,FL
"Preaux Home Solutions, LLC",justin@preauxhs.com,+12253138287,http://preauxhs.com/,Prairieville,LA
Sound Power,info@soundpowerllc.com,+12067519189,https://www.soundpowerllc.com/,Des Moines,WA
"Sturgis Electric, LLC",SturgisElectric@gmail.com,+18035175357,http://sturgiselectric.net/,Chester,SC
Jerry Beck & Company Inc.,Jerry@jerrybeck.com,+13603412101,http://jerrybeck.com/,Clinton,WA
Precision Electrical Services,info@pes-electric.com,+12086045986,https://pes-electric.com/,Rigby,ID
Mick's Electric Inc.,info@mickselectric.com,+16053482335,https://mickselectric.com/,Rapid City,SD
Precise Building Services,info@precisebuildingservices.com,+12028272214,http://precisebuildingservices.com/,Hyattsville,MD
Advanced Electrical and Energy Corp,info@ae-nrg.com,+16103333631,https://ae-nrg.com/,Bethlehem,PA
"Peder Power, Princeton Electricians",peder@ppowermn.com,+16122083826,https://www.pederpower.com/,Princeton,MN
Dr. Sparky LLC,admin@drsparkyllc.com,+13366538869,https://www.drsparkyllc.com/,Greensboro,NC
Custom Electrical Services Des Moines,services@customelectricalia.com,+15156693418,https://www.customelectricalia.com/,Clive,IA
Amteck,info@amteck.com,+18642357797,https://www.amteck.com/,Louisville,KY
4 Life Electric LLC,info@4lellc.com,+13218053336,https://www.4lifeelectricllc.com/,St Cloud,FL
Greenwood Air LLC,info@greenwoodair.com,+16026470121,https://greenwoodair.com/,Surprise,AZ
Visions Contracting LLC.,Admin@visionscontractingllc.com,+13037108616,https://visionscontractingllc.com/,Broomfield,CO
"EME, LLC",info@energymanagementelectric.com,+16512698018,https://www.energymanagementelectric.com/,Scandia,MN
"Coltin Electric, Inc.",service@coltinelecinc.com,+18509046052,https://www.coltinelectric.com/,Destin,FL
Platinum Electric,GoPlatinumElectric@gmail.com,+12084033040,https://www.platinumelectricidaho.com/,Rigby,ID
K&K Electrical,kkelectricalva@gmail.com,+17579032565,https://kkelectricalva.com/,Toano,VA
Schmidt's Electrical Service LLC,info@schmidts-electrical.com,+12025214835,https://schmidts-electrical.com/,Fort Washington,MD
Huffy Services LLC,service@huffyelectric.com,+17249090626,https://www.huffyelectric.com/,Eighty Four,PA
Hill Electric Inc,hobhil6973@yahoo.com,+17659660704,https://hillelectricin.com/,Richmond,IN
"Amos Electric Supply Co | Temple Electricity Consultant, Contractor & Supplier",sales@amoselectric.com,+12547784271,https://www.amoshomeservices.com/,Temple,TX
"Guerry Electric, LLC",Paul.guerryelectric@gmail.com,+16623277247,https://guerryelectric.com/,Columbus,MS
Ashley River Wired,jfili@arwired.com,+14435648437,https://arwired.com/,Charleston,SC
Powers Electrical Solutions,info@powerselectricga.com,+14046456843,http://powerselectricga.com/,Smyrna,GA
My Electric Home,info@myelectrichome.org,+17209833506,https://myelectrichome.com/,Centennial,CO
TOM Electric Services,tomelectricservicesinfo@pdmhkgmail.pdmhkcom,+13124511203,https://tomelectricservices.com/,Chicago,IL
TOM Electric Services,tomelectricservicesinfo@pqzb9gmail.pqzb9com,+13124511203,https://tomelectricservices.com/,Chicago,IL
Laketown Electric Corporation,info@laketownelectric.com,+19524422740,http://laketownelectric.com/,Waconia,MN
Tiger Electric,info@tigerelectric.com,+18337024555,http://tigerelectric.com/,Anaheim,CA
"FMJ Electric, Inc.",admin@fmjelectric.com,+18312290891,https://www.fmjelectric.com/,Salinas,CA
Tommy's Electric,info@sumzim.com,+16105935129,http://tommyselectricllc.com/,Gap,PA
LTJ Electric,apitts@ltjelectric.com,+18557491833,https://ltjelectricllc.com/,Ashburn,VA
Amtek Construction,info@amtekconstruction.com,+15624146852,http://amtekconstruction.com/,Orange,CA
Villi Electrical Services,messages@villi.com,+17245275555,https://villi.com/,Jeannette,PA
Princeton Electrical Makeover,office@electricalmakeover.com,+16096143836,https://www.electricalmakeover.com/,New Brunswick,NJ
"Schafer Electric Services, Inc",schaferelectric@gmail.com,+17075453300,https://www.schaferelectric.com/,Sonoma,CA
PDQ Electric Corp 24/7 Emergency Service,info@pdqelectric.com,+18567834422,https://pdqelectric.com/,Hammonton,NJ
LIAM Services,customerservice@liamsvcs.com,+13022008660,https://liamsvcs.com/,New Castle,DE
Skylight Electrical Service,support@skylightelectricalservice.com,+17075155503,https://skylightelectricalservice.com/,Fairfield,CA
"Spartan Electric, LLC",contact@thespartanelectric.com,+12562034343,https://thespartanelectric.com/,Arab,AL
Grissom Electric Service LLC,b.grissomelectric@gmail.com,+19314724137,https://grissomelectric.com/,Clarksville,TN
360 Inspired Electrical,info@360inspiredelectrical.com,+18303402642,https://360inspiredelectrical.com/,New Braunfels,TX
Commercial Electric Services,info@commercialelectricservices.com,+12813550021,http://commercialelectricservices.com/,Spring,TX
Whitson Electric Co,whitsonelectric@bellsouth.net,+18287659700,https://www.whitsonelectric.com/,Spruce Pine,NC
"Cal Paso Electric, Inc.",billing@calpasoelectric.com,+18052382119,https://calpasoelectric.com/,Paso Robles,CA
Keywest Lights & Electric,mark@keywestlights.com,+17277760718,https://keywestlights.com/,Seminole,FL
Douthit Electrical,info@douthitelectrical.com,+17047263329,http://douthitelectrical.com/,Mooresville,NC
"NW Pacific Electric Co, LLC",info@nwpacificelectric.com,+13603142544,http://nwpacificelectric.com/,Vancouver,WA
3G Electric Inc,3Gelectric@3g-ks.com,+16202762421,http://3g-ks.com/,Garden City,KS
JC Electrical solutions Inc.,jcelectricalsolution127@gmail.com,+14847441807,https://www.jcelectriclehighvalley.com/,Allentown,PA
ACE Home Services (formerly AZ Best Plumbing),info@acehomeaz.com,+19282162245,https://acehomeaznorth.com/,Sedona,AZ
NEXGEN ELECTRICAL SOLUTIONS,contact@nxges.com,+18556394362,https://nexgenelectricalsolutions.com/,San Antonio,TX
Ross Electric,kyleross11@hotmail.com,+12107335452,https://www.rosselectriccompany.com/,San Antonio,TX
Custom Electrical Services,services@customelectricalia.com,+15156693418,https://www.customelectricalia.com/,West Branch,IA
Kendrick Electric,info@kendrickelectric.com,+19524325714,https://kendrickelectric.com/,Apple Valley,MN
"Access Electrical Service, LLC",accesselectrical@sbcglobal.net,+13179655953,https://www.accessele.com/,Indianapolis,IN
SS Electrical Solutions Inc,ss.electrical117@gmail.com,+19293953889,https://sselectricalsolution.com/,Brooklyn,NY
"Proper Electrical Services, LLC",properelectricalservices@gmail.com,+14432024571,https://www.electricianhanoverpa.com/,Hanover,PA
Safety Home Services,sales@safetyhomeservices.com,+19713455650,https://safetyhomeservices.com/,Salem,OR
Atline Electric Services,atlineelectric@yahoo.com,+18639341337,https://atlineelectric.com/,Lakeland,FL
RMD Electric Corp.,info@rmdelectric.nyc,+17182171400,http://rmdelectriccorpny.com/,Uniondale,NY
"Little Dipper Marine Services, LLC",capt.erik@littledippermarine.com,+13603016503,https://littledippermarine.com/,Port Townsend,WA
Blue Ladder Electric LLC,Blueladdercontracting@yahoo.com,+15044308270,https://blueladderelectric.com/,Slidell,LA
Elite Electrical,eliteelectricalmt@gmail.com,+14064989168,https://www.eliteelectricalmt.com/,Butte,MT
Standtech Electric,info@standtechelectric.com,+15164073737,https://www.standtechelectric.com/,Port Washington,NY
Boston Electric Service,info@bostonelectricservice.com,+17812445888,https://bostonelectricservice.com/,Malden,MA
Rum River Electric Inc,jranum@rumriverelectric.com,+13205321004,https://www.rumriverelectric.com/,Onamia,MN
Rum River Electric Inc,spederson@rumriverelectric.com,+13205321004,https://www.rumriverelectric.com/,Onamia,MN
Care Electrical Services INC,careelectricalservice@gmail.com,+19198887500,https://www.careelectricalservices.com/,Apex,NC
American Shah Industries LLC,americanshahindustries@gmail.com,+14709390133,http://americanshahindustries.com/,Atlanta,GA
Chesapeake Dockside Services,Service@chesapeakedockside.com,+14102686977,https://www.chesapeakedockside.com/,Annapolis,MD
Electro Mechanical Services US LLC,Pearland@mrelectric.com,+12819754705,http://em-contractor.com/,Houston,TX
Electrical Industries,ricielectric@hotmail.com,+13137903000,https://www.electricalindustries.net/,Dearborn,MI
G&E Electrical,gcadengo03@icloud.com,+13464569336,https://gandeelectric.com/,Rosharon,TX
Red Bear Electrical Service - Electrician Experts,estimates@redbearservice.com,+18018045529,https://www.redbearservice.com/,North Ogden,UT
Lew Electric,lewelectric@yahoo.com,+17637550636,http://electriclew.com/,Eau Claire,WI
Banta Solar & Electric,marcell@bantaelectrical.com,+12092079088,https://www.bantaelectrical.com/,Tracy,CA
Bemis Electric,office@bemiselectric.com,+19702411426,https://bemiselectric.com/,Grand Junction,CO
Eggers Electric,info@eggerselectric.com,+19706691883,http://eggerselectric.com/,Loveland,CO
Carrasco Electric,info@carrascoelectrictx.com,+12106852999,https://carrascoelectrictx.com/,San Antonio,TX
"Florida Electrical Solutions, LLC",sgodfrey@flelectricalsolutions.com,+13862209037,https://www.flelectricalsolutions.com/,Orange City,FL
J&J Electrical Inc.,jj.electrical@icloud.com,+15099907079,https://www.jjelectricalspokane.com/,Greenacres,WA
Action Electric,info@actionelectricsiouxfalls.com,+16053348141,https://actionelec.com/,Sioux Falls,SD
Constant Electric Service | Residential Electrical Repair Lakewood CO Electrician,info@constantelectricservice.com,+13032149104,https://constantelectricservice.com/,Lakewood,CO
Blueline Electric,Bluelineelectricservice@gmail.com,+14795790919,https://electricianbentonville.com/,Bentonville,AR
Bayon Electrical Contracting Technologies L.L.C,spich@bayonelectricalcontractingtech.com,+19045256308,http://bayonelectricalcontractingtech.com/,Jacksonville,FL
Full Circuit,Jared@fullcircuitomaha.com,+14028194857,http://fullcircuitomaha.com/,Omaha,NE
Best Dressed Electric,jeremy.santiago@bestdressedelectric.com,+17322998176,https://www.bestdressedelectric.com/,Howell Township,NJ
JSV Electric Inc,Jsvelectric@hotmail.com,+19177311723,http://jsvelectric.com/,Belle Harbor,NY
"McNew Electric, LLC",nickm@mcnewelectric.com,+15734535102,http://mcnewelectric.com/,Rolla,MO
"McNew Electric, LLC",amandam@mcnewelectric.com,+15734535102,http://mcnewelectric.com/,Rolla,MO
"McNew Electric, LLC",coltm@mcnewelectric.com,+15734535102,http://mcnewelectric.com/,Rolla,MO
"McNew Electric, LLC",jasond@mcnewelectric.com,+15734535102,http://mcnewelectric.com/,Rolla,MO
"McNew Electric, LLC",bretts@mcnewelectric.com,+15734535102,http://mcnewelectric.com/,Rolla,MO
"McNew Electric, LLC",noellem@mcnewelectric.com,+15734535102,http://mcnewelectric.com/,Rolla,MO
Quality Electric,Qualityelectricnh@gmail.com,+16032859165,https://qualityelectricnh.com/,Somersworth,NH
CHX Electric,c.hendricks@chxelectric.com,+17012028270,https://chxelectric.com/,Bismarck,ND
"Universal Power & Systems, Inc.",service@upands.com,+16082268600,http://upands.com/,Sun Prairie,WI
Frequency X Electric,Arizona@frequencyxelectric.com,+17025392999,https://www.frequencyxelectric.com/,North Las Vegas,NV
Frequency X Electric,Lasvegas@frequencyxelectric.com,+17025392999,https://www.frequencyxelectric.com/,North Las Vegas,NV
Electrified,paulie@electrifiedny.com,+13474199058,https://www.electrifiedny.com/,Brooklyn,NY
Christensen Electric,zchristensenelectric@gmail.com,+15635687186,http://christensenelectricia.com/,Waukon,IA
America’s Electrician Branson / Springfield - Electrical Company ( Electrical Repair Services ),service@ae4me.com,+14172430669,https://www.ae4me.com/,Branson,MO
"Anderson Service Company, Inc.",workorders@johnandersonservice.com,+17066290749,https://johnandersonservice.com/,Calhoun,GA
RWB Electrical Services,service@rwbelectricalservices.com,+18323077967,https://rwbelectricalservices.com/,Montgomery,TX
MD Marine Electric,mainoffice@mdmarineelectric.com,+12533839983,https://www.mdmarineelectric.com/,Tacoma,WA
MAD Energy NW,info@madenergynw.com,+12539298284,https://madenergynw.com/,Auburn,WA
Dunn Electrical Service,customercare@dunnelectricalservice.com,+19315513600,https://dunnelectricalservice.com/,Clarksville,TN
Electrified Solutions,Service@electrifiedsolutionsco.com,+17203061551,https://electrifiedsolutionsco.com/,Parker,CO
Gaylor Electric,service@gaylor.com,+13172146300,https://www.gaylor.com/,Nashville,TN
Gaylor Electric,contactus@gaylor.com,+13172146300,https://www.gaylor.com/,Nashville,TN
Gaylor Electric,service@gaylor.com,+13172146300,https://www.gaylor.com/,Indianapolis,IN
Gaylor Electric,contactus@gaylor.com,+13172146300,https://www.gaylor.com/,Indianapolis,IN
Gaylor Electric,service@gaylor.com,+13172146300,https://www.gaylor.com/,Lafayette,IN
Gaylor Electric,contactus@gaylor.com,+13172146300,https://www.gaylor.com/,Lafayette,IN
Gaylor Electric,service@gaylor.com,+13172146300,https://www.gaylor.com/,Tampa,FL
Gaylor Electric,contactus@gaylor.com,+13172146300,https://www.gaylor.com/,Tampa,FL
Gaylor Electric,service@gaylor.com,+13172146300,https://www.gaylor.com/,Columbus,IN
Gaylor Electric,contactus@gaylor.com,+13172146300,https://www.gaylor.com/,Columbus,IN
Gaylor Electric,service@gaylor.com,+13172146300,https://www.gaylor.com/,Sellersburg,IN
Gaylor Electric,contactus@gaylor.com,+13172146300,https://www.gaylor.com/,Sellersburg,IN
Gaylor Electric,service@gaylor.com,+13172146300,https://www.gaylor.com/,Noblesville,IN
Gaylor Electric,contactus@gaylor.com,+13172146300,https://www.gaylor.com/,Noblesville,IN
Gaylor Electric,service@gaylor.com,+13172146300,https://www.gaylor.com/,Mooresville,NC
Gaylor Electric,contactus@gaylor.com,+13172146300,https://www.gaylor.com/,Mooresville,NC
Gaylor Electric,service@gaylor.com,+13172146300,https://www.gaylor.com/,Elkhart,IN
Gaylor Electric,contactus@gaylor.com,+13172146300,https://www.gaylor.com/,Elkhart,IN
Brotherlylove Electric LLC,nking@brotherlyloveelectric.com,+13467773370,https://brotherlyloveelectric.com/,Houston,TX
Powerhouse Generators,mitch@powerhousegenerator.com,+12482211492,https://www.powerhousegenerator.com/,Troy,MI
Revolution Electric LLC,office@revolutionelectricllc.com,+19896213597,https://revolutionelectricllc.com/,Alma,MI
Doug Electric,doug@dougelectric.com,+13154876177,https://www.dougelectric.com/,Camillus,NY
Forgy Electric LLC,jonforgy@forgyelectric.com,+16418478022,https://www.forgyelectric.com/,Ackley,IA
Chesley Electric,info@chesleyelectric.com,+14356550382,http://chesleyelectric.com/,Park City,UT
Universal Electric,info@universalelectricmidwest.com,+14022080990,https://www.universalelectricmidwest.com/,Omaha,NE
Fortress Electric llc,israel@fortresselectricllc.com,+18325977270,https://fortresselectricllc.com/,Baytown,TX
Smart Energy Solutions,sales@smartenergyenterprises.com,+17542234559,https://smartenergyenterprises.com/,Lauderhill,FL
JAB ELECTRIC LLC,jabelectricdfw@gmail.com,+14698103468,https://jab-electric.com/,Rowlett,TX
"Brooks Electric Service, Inc",info@brookselectricservicemi.com,+19898314231,http://brookselectricservicemi.com/,Stanton,MI
All City Electrical and Lighting,noreply@allcityelectric.com,+19093564105,https://allcityelectricalandlighting.com/,Riverside,CA
Robert Electric,RobertElectricLA@hotmail.com,+18187951134,http://robelectric.net/,Glendale,CA
"D.S. Burkholder, Inc",lester@dsburkholder.com,+17174840600,https://www.dsburkholder.com/,Denver,PA
BrightCore Energy,Chris@twistedselectric.com,+14059310408,https://www.twistedselectric.com/,Shawnee,OK
EZ Electric,office@ez-electric.net,+18456439700,https://www.ez-electric.net/,Congers,NY
Voltex Systems,service@voltexsystems.com,+12623530649,https://voltexsystems.com/,Port Washington,WI
"Hill Electric, Inc",dale@hillark.com,+14794390490,https://www.hillelectricar.com/,Farmington,AR
ST Electric LLC,santiago@stelectricrgv.com,+19565988820,https://stelectricllcrgv.com/,Mission,TX
"Crossland Management & Electric, Inc.",info@crosslandinc.com,+17187400939,https://www.crosslandinc.com/,Astoria,NY
Energized Electric Inc,paul@energizedelectric.com,+15094836447,https://www.energizedelectric.com/,Spokane,WA
Energized Electric Inc,eric@energizedelectric.com,+15094836447,https://www.energizedelectric.com/,Spokane,WA
Energized Electric Inc,mike@energizedelectric.com,+15094836447,https://www.energizedelectric.com/,Spokane,WA
Energized Electric Inc,tyler@energizedelectric.com,+15094836447,https://www.energizedelectric.com/,Spokane,WA
Energized Electric Inc,buddy@energizedelectric.com,+15094836447,https://www.energizedelectric.com/,Spokane,WA
Energized Electric Inc,josh@energizedelectric.com,+15094836447,https://www.energizedelectric.com/,Spokane,WA
So Cal Pacific Electrical & Lighting,andrew@pac-electrical.com,+19099974636,https://www.socalpacificelectrical.com/,Rancho Cucamonga,CA
Huston Electric Westfield,info@hustonelectric.com,+13178688728,https://hustonelectric.com/,Westfield,IN
Electrical Services Unlimited | ESUCORP,info@esucorp.com,+17869304300,http://esucorp.com/,Homestead,FL
Clock Electric Inc,office@clockelectric.com,+12162211400,https://clockelectricinc.godaddysites.com/,Lakewood,OH
Tulsa Electric LLC,jshellady@tulsaelectricllc.com,+19189925233,https://tulsaelectricllc.com/,Tulsa,OK
Kostos Electric,natekostos@yahoo.com,+13127192616,https://www.kostoselectric.com/,Chicago,IL
Highland Electric,info@highland-electric.com,+16516901551,https://highland-electric.com/,St Paul,MN
"Kirk Star Electrical, LLC",info@kirkse.com,+16262986305,https://kirkse.com/,Pasadena,CA
McGraw Electric of the Sandhills,guy@mcgrawelectrical.com,+19102282255,https://mcgrawelectrical.com/,Pinebluff,NC
McGraw Electric of the Sandhills,guylmcgraw@gmail.com,+19102282255,https://mcgrawelectrical.com/,Pinebluff,NC
All American Electrical Corp,errol@allamericanelectrical.com,+17182511880,https://allamericanelectrical.com/,Brooklyn,NY
CASTILLOWATTS,service.castillowatts@gmail.com,+17863917385,https://castillowatts.com/,Miami,FL
Armstrong Electrical Contractors,info@armstrongelectrical.com,+12059010121,https://www.armstrongelectricalco.com/,Birmingham,AL
Promise Electric,guerra@promise-electric.com,+13035474016,https://promise-electric.com/,Centennial,CO
Big Ben Mounts,info@bigbenmounts.com,+18006070827,https://bigbenmounts.com/,Tarzana,CA
Monroy Electric,experts@monroyec.com,+12393304171,http://monroyec.com/,Naples,FL
Blessed Electrical Service Team LLC,Info.blessedelectric.s.t@gmail.com,+12068339607,http://blessedelectrical.com/,Renton,WA
Foley Electric Inc,info@foleyelectric.com,+16503692878,https://www.foleyelectric.com/,Redwood City,CA
Ampere Electric,shane@ampereelectricnv.com,+17023303506,https://ampereelectricnv.com/,Las Vegas,NV
ABR Electric,support@abrelectric.com,+12146901941,https://abrelectric.com/,McKinney,TX
S&L Electric,admin@sandlelectric.net,+16292597373,https://sandlelectric.us/,Mt. Juliet,TN
Huston Electric Franklin,info@hustonelectric.com,+13178688728,https://hustonelectric.com/,Franklin,IN
SoCal Electrical,info@socal-electrical.com,+18004868409,http://socal-electrical.com/,Bellflower,CA
"CNI Electric, Inc",Aileen@cnielectric.com,+14074403627,https://cnielectric.com/,Orlando,FL
"CNI Electric, Inc",Israel@cnielectric.com,+14074403627,https://cnielectric.com/,Orlando,FL
"CNI Electric, Inc",Catherine@cnielectric.com,+14074403627,https://cnielectric.com/,Orlando,FL
"CNI Electric, Inc",CNIElectricinc@gmail.com,+14074403627,https://cnielectric.com/,Orlando,FL
"CNI Electric, Inc",Amanda@cnielectric.co,+14074403627,https://cnielectric.com/,Orlando,FL
AG Electric LLC.,mark@agelectricidaho.com,+12083127245,http://agelectricidaho.com/,Paul,ID
Ochoa Electric,ochoaelectric100@gmail.com,+16195755518,https://www.ochoaelectricsandiego.com/,Imperial Beach,CA
Revolt Electric,jmkelectricity@gmail.com,+16695006500,https://revolt-electric.com/,Santa Clara,CA
Wheat Electric & Controls,ed@wheat-electric.com,+18308852151,https://www.wheat-electric.com/,Spring Branch,TX
"Star Light Electric LLC - Phoenix, AZ Electrician Services",info@starlightelectricaz.com,+16025456800,https://starlightelectricaz.com/,Phoenix,AZ
Gainesville Electrician The Flash Electric,theflashelectricincorp@gmail.com,+17707288810,http://electriciangainesville.com/,Gainesville,GA
"R & B Electric, Inc.",service@randbelectric.com,+17279545777,https://randbelectric.com/,Pinellas Park,FL
electrical solutions,jwill97vr4@gmail.com,+17165136830,https://www.716electricalllc.com/,Lockport,NY
Residential Electric,danny@residentialelectricmi.com,+15865571494,https://residentialelectricmi.com/,St Clair Shores,MI
McCabe Enterprises Electrical Contractor,info@mccabe-electric.com,+15857629347,https://sites.google.com/mccabe-enterprises.com/mccabeelectric/home,East Pembroke,NY
Dodge Electric,info@dodgeelectric.com,+14809261033,https://dodgeelectric.com/,Chandler,AZ
AO Electric Inc.,aoelectricsac@gmail.com,+19165411544,https://www.aoelectricsac.com/,Sacramento,CA
"Young's Electrical Contracting, Inc.",Service@youngselectric.biz,+12395741268,http://youngselectric.biz/,Cape Coral,FL
T&J Electrical Solutions,info@tandjelectric.com,+15184063046,https://www.tandjelectric.com/,Halfmoon,NY
Heldreth Electric,brian@heldrethelectric.com,+14696852677,https://www.heldrethelectric.com/,Heath,TX
Mister Sparky Electrician NWA,Service@sparkyelite.com,+14792267128,https://www.mistersparkynwa.com/,Springdale,AR
Trimlight North Texas,info@trimlightnorthtexas.com,+18778746679,https://trimlightnorthtexas.com/,Watauga,TX
Henry County Electric Services Company LLC,hcec4660@aol.com,+14045672175,http://henrycountyelectricservice.com/,McDonough,GA
Geary Electric Co,info@gearyelectricco.com,+18015551234,https://gearyelectricco.com/,Smithfield,UT
"Action Electric, Inc.",service@actionelectricinc.com,+14062459551,http://actionelectricinc.com/,Billings,MT
Bob Thompson Electric Inc.,btelectricinc@gmail.com,+15862012430,https://www.bobthompsonelectric.com/,St Clair Shores,MI
Sunlight Electric,robert@sunlight-electric.com,+12082067819,https://www.sunlight-electric.com/,Idaho Falls,ID
GLS Electric,glselec@yahoo.com,+18013300916,https://www.glselectric.com/,West Valley City,UT