business_name,email,phone,website,city,state
Chehardy Sherman Williams,info@chehardy.com,+15049772687,https://chehardy.com/,New Orleans,LA
Karns & Karns Personal Injury and Accident Attorneys,contact@karnsandkarns.com,+18887791180,https://www.karnsandkarns.com/,Commerce,CA
Karns & Karns Personal Injury and Accident Attorneys,contact@karnsandkarns.com,+18887791180,https://www.karnsandkarns.com/,Riverside,CA
Karns & Karns Personal Injury and Accident Attorneys,contact@karnsandkarns.com,+18887791180,https://www.karnsandkarns.com/,Glendale,CA
Carter Injury Law,office@carterinjurylaw.com,+18139220228,https://www.carterinjurylaw.com/,Tampa,FL
Law Offices Of Adrianos Facchetti,info@facchettilaw.com,+16267938607,https://facchettilaw.com/,Burbank,CA
Kucher Law Group,contact@rrklawgroup.com,+19292748000,https://www.rrklawgroup.com/,Brooklyn,NY
Karns & Karns Personal Injury and Accident Attorneys,contact@karnsandkarns.com,+18887791180,https://www.karnsandkarns.com/,San Bernardino,CA
"Straw Law Firm, PLLC",gary@strawlawfirm.com,+14345953581,https://strawlawfirm.com/,Forest,VA
Tomassian Pimentel & Shapazian,intake@tpslawfirm.com,+15592777300,https://www.tpslawfirm.com/,Fresno,CA
Chehardy Sherman Williams,info@chehardy.com,+15049772687,https://chehardy.com/,Hammond,LA
Nadrich Accident Injury Lawyers,info@personalinjurylawcal.com,+15103425780,https://personalinjurylawcal.com/,San Francisco,CA
Karns & Karns Personal Injury and Accident Attorneys,contact@karnsandkarns.com,+18887791180,https://www.karnsandkarns.com/,Pasadena,CA
Viñas & DeLuca Injury & Accident Lawyers,CONTACT@vdlegal.com,+13053723650,https://www.vdlegal.com/,Boca Raton,FL
Milosevic Law Group P. C.,Dragan@miloseviclawgroup.com,+13123457207,https://www.miloseviclawgroup.com/,Chicago,IL
Francis Law,info@570law.com,+15708522175,https://www.570law.com/,South Abington Township,PA
"Winston Law Firm, P.A.",info@winstonlaw.com,+19544759666,https://winstonlaw.com/,Fort Lauderdale,FL
The Nielsen Tus Abogados de Accidentes,info@abogadosaccidentesanaheimca.com,+18558361328,http://abogadosaccidentesanaheimca.com/,Anaheim,CA
"Tim Jones, Attorney at Law",tim@timjonespc.com,+19719259034,https://timjonespc.com/,Portland,OR
"The Lanier Law Firm, PLLC",info@lanierlawfirm.com,+18007233216,https://www.lanierlawfirm.com/,New York,NY
"The Lanier Law Firm, PC",info@lanierlawfirm.com,+18007233216,https://www.lanierlawfirm.com/,Westlake Village,CA
Rolle & DeLorenzo,rolleanddelorenzo@gmail.com,+13016984875,https://www.rdlawfirm.com/,Frederick,MD
Chehardy Sherman Williams,info@chehardy.com,+15049772687,https://chehardy.com/,Metairie,LA
Michigan Workers Comp Lawyers,info@workerscomplawyerhelp.com,+18447079429,https://www.workerscomplawyerhelp.com/,Farmington Hills,MI
Michigan Workers Comp Lawyers,info@workerscomplawyerhelp.com,+18447079429,https://www.workerscomplawyerhelp.com/,Grand Rapids,MI
"Joseph Charles LaCosta, Abogados de Accidentes Near Me",info@abogadosaccidenteschulavista.com,+16193338810,http://abogadosaccidenteschulavista.com/,Chula Vista,CA
Eugene Bruno & Associates,info@gbrunoassociates.com,+16195981592,https://caraccidentlawyer-sandiego.com/,San Diego,CA
Karl Truman Law Office LLC,info@trumanlaw.com,+18126166087,https://trumanlaw.com/,Louisville,KY
Michigan Workers Comp Lawyers,info@workerscomplawyerhelp.com,+18447079429,https://www.workerscomplawyerhelp.com/,Detroit,MI
Biasotti and Associates,bob@biasottilaw.com,+17278238811,http://biasottilaw.com/,St. Petersburg,FL
"Taylor & Knight, GP",info@taylorknightlaw.com,+18659711701,http://taylorknightlaw.com/,Knoxville,TN
Cogdell Law Firm,Frontlinewinner@gmail.com,+17134262244,http://cogdell-law.com/,Houston,TX
IMUDIA LAW,info@imudialaw.com,+18134999993,https://imudialaw.com/,Tampa,FL
Butler Kahn - Personal Injury Attorneys,info@butlerfirm.com,+16789401444,https://butlerfirm.com/,Jonesboro,GA
Daniels Law Firm,shawn@danielsfirm.com,+14795217000,https://danielsfirm.com/,Fayetteville,AR
"MontanaroLaw, P.C.",info@montanarolaw.com,+13473285600,https://montanarolaw.com/,Farmingdale,NY
"Joseph T. Mullen, Jr & Associates - NYC Personal Injury Lawyer",LawyerJTMjr@aol.com,+12127661177,https://mullenpersonalinjurylawyers.com/,New York,NY
Silverman Thompson,firm@silvermanthompson.com,+14104947100,https://www.silvermanthompson.com/,Baltimore,MD
"Lovell, Nalley & Nalley",info@lovellnalley.com,+15013157491,https://www.lovellnalley.com/,Benton,AR
"The Nielsen Firm, Tus Abogados de Accidentes",info@abogadosaccidentesculvercity.com,+18558393197,https://abogadosaccidentesculvercity.com/,Culver City,CA
"Ernest Jenks, Attorney at Law",ern_sj@msn.com,+15036270897,https://www.ernestmjenks.com/,Beaverton,OR
Karns & Karns Personal Injury and Accident Attorneys,contact@karnsandkarns.com,+18887791180,https://www.karnsandkarns.com/,Santa Monica,CA
"Criscione Ravala, LLP",info@lawcrt.com,+18005831787,https://lawcrt.com/,New York,NY
"Saboorian & Associates, Los Mejores Abogados de Accidentes",info@californiaabogadoaccidentes.com,+18882123235,http://californiaabogadoaccidentes.com/,Van Nuys,CA
La Justicia,info@lajusticiaabogados.com,+18335221100,https://lajusticiaabogados.com/,North Hollywood,CA
"Grumley, Riley & Stewart, P.S.C.",info@kentuckylawyers.com,+12704430040,http://kentuckylawyers.com/,Paducah,KY
Law Offices of Lari-Joni & Bassell,contact@ljblaw.com,+13108039088,https://ljblaw.com/,Los Angeles,CA
Nadrich Accident Injury Lawyers,info@personalinjurylawcal.com,+15103425780,https://personalinjurylawcal.com/,Tracy,CA
"Krumbein Law, PLLC",Jack@jackandreaskrumbein.com,+14078007589,https://truckandcaraccidentinjurylawyer.com/index.html,Jacksonville,FL
Brent Adams & Associates,intake@brentadams.com,+19102496891,https://www.brentadams.com/,Southern Pines,NC
"Frederick Law Group, PLLC",ContactUs@fredericklg.com,+17248018555,https://www.fredericklg.com/,Indiana,PA
Nadrich Accident Injury Lawyers,info@personalinjurylawcal.com,+15103425780,https://personalinjurylawcal.com/,Santa Rosa,CA
Nadrich Accident Injury Lawyers,info@personalinjurylawcal.com,+15103425780,https://personalinjurylawcal.com/,Hayward,CA
AZ Law Now Injury Attorneys,mycase@azlawnow.com,+16026540202,https://azlawnow.com/,Buckeye,AZ
The Medler Law Firm - Personal Injury & Accident Attorney,john@medlerlawfirm.com,+19495778177,https://www.medlerlawfirm.com/,Irvine,CA
The Medler Law Firm - Personal Injury & Accident Attorney,tammy@medlerlawfirm.com,+19495778177,https://www.medlerlawfirm.com/,Irvine,CA
McGlone Law,contact@mcglonelawoffice.com,+18122478416,https://mcglonelawoffice.com/,Terre Haute,IN
Platte River Injury Law,hello@platterive1stg.wpenginepowered.com,+13073367620,http://platteriverlaw.com/,Casper,WY
"Bruer Law Firm, L.L.C.",info@bruerlawfirm.com,+18169120030,http://bruerlaw.com/,Lawrence,KS
Nadrich Accident Injury Lawyers,info@personalinjurylawcal.com,+15103425780,https://personalinjurylawcal.com/,Bakersfield,CA
"Holloway, Bethea & Others, PLLC",frontdesk@hbolaw.com,+14052460600,http://hbolaw.com/,Oklahoma City,OK
"Pelaez Law Firm, Crash Angels",info@pelaezlawfirm.com,+12108019314,https://pelaezlawfirm.com/,San Antonio,TX
Sette Law Personal Injury Law,fred@settelaw.com,+19164420000,https://settelawoffice.com/,Sacramento,CA
Hale Injury Law,info@haleinjurylaw.com,+17027365800,https://haleinjurylaw.com/,Henderson,NV
Rose Sanders Law Firm,info@rosesanderslaw.com,+14692420760,https://rosesanderslaw.com/,McAllen,TX
Brent Adams & Associates,intake@brentadams.com,+19102496891,https://www.brentadams.com/,Clinton,NC
Brent Adams & Associates,intake@brentadams.com,+19102496891,https://www.brentadams.com/,Dunn,NC
Nadrich Accident Injury Lawyers,info@personalinjurylawcal.com,+15103425780,https://personalinjurylawcal.com/,Richmond,CA
Smith Duran Law,reception@smithduranlaw.com,+13603479142,https://www.smithduranlaw.com/,Rochester,WA
Nonni Homola,info@noho.law,+18506011111,https://noho.law/,Tallahassee,FL
Nadrich Accident Injury Lawyers,info@personalinjurylawcal.com,+15103425780,https://personalinjurylawcal.com/,Salinas,CA
J&Y Law Injury and Accident Attorneys,info@jnylaw.com,+18777357035,https://jnylaw.com/,Los Angeles,CA
Crosley Law,info@crosleylaw.com,+12109721741,http://crosleylaw.com/,San Antonio,TX
Nadrich Accident Injury Lawyers,info@personalinjurylawcal.com,+15103425780,https://personalinjurylawcal.com/,Fresno,CA
"Williams Law, P.L.",casey@wlawpi.com,+17722544407,https://wlawpi.com/,Stuart,FL
Brent Adams & Associates,intake@brentadams.com,+19102496891,https://www.brentadams.com/,Fayetteville,NC
Brent Adams & Associates,intake@brentadams.com,+19102496891,https://www.brentadams.com/,Raleigh,NC
Nadrich Accident Injury Lawyers,info@personalinjurylawcal.com,+15103425780,https://personalinjurylawcal.com/,Merced,CA
The Law Offices of Darren T. Moore PC,info@injurylawatty.com,+19178097014,https://www.injurylawatty.com/,New York,NY
"Jeffrey Nadrich, Esq.",info@personalinjurylawcal.com,+15103425780,https://personalinjurylawcal.com/,Los Angeles,CA
Nadrich Accident Injury Lawyers,info@personalinjurylawcal.com,+15103425780,https://personalinjurylawcal.com/,Los Angeles,CA
"Walker Law, LLC",paul@walkerlaw.co,+15706044722,https://walkerlaw.co/,Clarks Summit,PA
Nadrich Accident Injury Lawyers,info@personalinjurylawcal.com,+15103425780,https://personalinjurylawcal.com/,Sacramento,CA
Nadrich Accident Injury Lawyers,info@personalinjurylawcal.com,+15103425780,https://personalinjurylawcal.com/,Palm Desert,CA
Nadrich Accident Injury Lawyers,info@personalinjurylawcal.com,+15103425780,https://personalinjurylawcal.com/,Tulare,CA
Nadrich Accident Injury Lawyers,info@personalinjurylawcal.com,+15103425780,https://personalinjurylawcal.com/,Modesto,CA
Nadrich Accident Injury Lawyers,info@personalinjurylawcal.com,+15103425780,https://personalinjurylawcal.com/,Susanville,CA
"TITAN LAW FIRM, PC",info@titanlawfirm.com,+18888482656,https://titanlawfirm.com/,Beverly Hills,CA
Liberty Law Team,lonny@libertylawteam.com,+12157323474,https://findphillylawyer.com/,Philadelphia,PA
"Schwartz & Schwartz, Attorneys At Law, P.A.",ben.schwartz@schwartzandschwartz.com,+13026788700,https://www.schwartzandschwartz.com/,Wilmington,DE
"Wagoner Attorney, Richard Gray, Richard Loy Gray, Jr",rgray@valornet.com,+19184852889,https://www.richardgrayattorney.com/,Wagoner,OK
"Murray & Murray, LLP",info@murraylawyers.com,+15087544900,http://murraylawyers.com/,Worcester,MA
Osman Law,scott@osmanlawpllc.com,+12549684681,http://osmanlawpllc.com/,Stephenville,TX
"Jared Vaughn, Attorney at Law",JaredVaughn@gadsdenlaw.com,+12565474444,https://www.gadsdenlaw.com/,Gadsden,AL
"Joel A. Nash, Attorney At Law",nashlaw25@gmail.com,+12166913000,http://joelanash.com/,Cleveland,OH
"Anthony P. Troiani, P.C.",anthony@troianilaw.com,+19565414235,http://troianilaw.com/,Brownsville,TX
Middleton Law office,FJM@middletonlaw.org,+17819230300,http://middletonlaw.org/,Brockton,MA
"James & McMullen, LLP Attorneys at Law",lawoffice@james-mcmullen.com,+17074689271,https://james-mcmullen.com/,Ukiah,CA
"Masserman & Ducey, LLP. - Attorneys at Law",litigation@md-llp.com,+18186465000,http://massermanducey.com/,Sherman Oaks,CA
"D & Z Law Group, LLP",info@dzlawgroup.org,+18008858555,https://dzlawgroup.org/,Glendale,CA
The Thumbs Up Guys - Personal Injury Attorneys,intake@mdswlegal.com,+18035001000,https://mdswlegal.com/,Columbia,SC
"Marino Associates, Attorneys at Law",info@marinoassociates.net,+12154623200,https://www.marinoassociates.net/,Philadelphia,PA
"Deaver & Deaver, Trial Attorneys",info@deaverlawfirm.com,+18773661919,https://deaverlawfirm.com/,Wilmington,NC
"Law Offices of Murphy & Murphy, P.C.",email@murphylaw.com,+18006034529,https://www.smmurphyslaw.com/,Brockton,MA
"The Lanier Law Firm, PC",info@lanierlawfirm.com,+18007233216,https://www.lanierlawfirm.com/,Houston,TX
Karns & Karns Personal Injury and Accident Attorneys,contact@karnsandkarns.com,+18887791180,https://www.karnsandkarns.com/,Torrance,CA
JustCallMoe Injury & Accident Attorneys,Moe@justcallmoe.com,+18662255663,https://justcallmoe.com/,Orlando,FL
The Callahan Law Firm,info@thecallahanlawfirm.com,+18882247020,https://www.thecallahanlawfirm.com/,Pasadena,TX
The Bàez Legal Group,info@baezlegal.com,+18882239529,https://baezlegal.com/,New York,NY
Karns & Karns Personal Injury and Accident Attorneys,contact@karnsandkarns.com,+18887791180,https://www.karnsandkarns.com/,Palmdale,CA
Karns & Karns Personal Injury and Accident Attorneys,contact@karnsandkarns.com,+18887791180,https://www.karnsandkarns.com/,San Antonio,TX
Oxner Legha Law Firm,contact@oxnerlegha.com,+13463279500,https://oxnerlegha.com/,Jersey Village,TX
Smith & Williams Law,smith@smithwilliamsllc.com,+19082647228,https://smithwilliamsllc.com/,Westfield,NJ
ARH Consulting LLC,alexhernandezleads@gmail.com,+16462903780,https://alexhernandezlaw.com/,New York,NY
"Leitner, Williams, Dooley & Napolitan, PLLC",lwdn@leitnerfirm.com,+16152557722,https://leitnerfirm.com/,Brentwood,TN
"Leitner, Williams, Dooley & Napolitan, PLLC",recruiting@leitnerfirm.com,+16152557722,https://leitnerfirm.com/,Brentwood,TN
MARKARIAN LAW FIRM,contact@markarianlaw.com,+18776275274,http://markarianlaw.com/,Sherman Oaks,CA
"Hansen Law Offices - A Nationally Recognized Law Firm in Burlington, Iowa",peterhansen@attorneyhansen.com,+13197525515,https://www.attorneyhansen.com/,Burlington,IA
Bruckheim & Patel,Michael@brucklaw.com,+12029303464,https://www.brucklaw.com/,Washington,DC
Bruckheim & Patel,Patel@brucklaw.com,+12029303464,https://www.brucklaw.com/,Washington,DC
Blick Law LLC,info@blicklaw.com,+19148851585,http://blicklaw.com/,Somerset,NJ
The Law Office of Dakota C. Low,dlow@dakotalow.com,+14056018899,https://dakotalow.com/,Mustang,OK
Aronfeld Trial Lawyers,newcase@aronfeld.com,+18665974529,https://www.aronfeld.com/,Miami,FL
Wanjohi & Muli Law Firm PLLC,c.wanjohi@wanjohimulilaw.com,+19195783691,https://wanjohimulilaw.com/,Garner,NC
Brunelle Conklin Attorneys at Law,help@brunelleconklin.com,+16158967060,https://www.brunelleconklin.com/,Murfreesboro,TN
Padway & Padway Ltd,info@padwaylaw.net,+14142779800,https://www.padwaylaw.net/,Glendale,WI
"SNS Law Group, LLP.",info@snslawgroup.com,+14242202052,https://snslawgroup.com/,Los Angeles,CA
"Michael J. Brown, P.C.",MichaelBrownlaw@aol.com,+16312329700,https://michaelbrownlaw.net/,Central Islip,NY
McDonald Worley PC,info@mcdonaldworley.com,+17027109227,http://mcdonaldworley.com/,Houston,TX
The McCollum Firm,jmccollum@jmlaw.net,+13018646070,https://themccollumfirm.com/,College Park,MD
"Warner & Warner, P.L.",info@warnerandwarner.com,+13219721889,https://warnerandwarner.com/,Casselberry,FL
E.L. Law Firm,help@theellawfirm.com,+15032176116,https://theellawfirm.com/,Lake Oswego,OR
Tetro Legal Services,Alexf@tetrolegal.com,+16469789901,https://www.tetrolegal.com/,New Windsor,NY
"Ansel & Miller, LLC",info@anselmiller.com,+19549229100,https://www.anselmiller.com/,Hollywood,FL
Erjavec Injury Law,info@injurylaw941.com,+19419071133,https://injurylaw941.com/,Lakewood Ranch,FL
DiLeonardo Law,info@dileonardoinjuryfirm.com,+12156604077,https://dileonardolaw.com/,Wilmington,DE
Pennebaker Law Firm,doug@pennebakerlaw.com,+12105622885,https://www.pennebakerlaw.com/,San Antonio,TX
Singh Ahluwalia Attorneys at Law,info@singhahluwalia.com,+15594125177,https://www.singhahluwalia.com/,Fresno,CA
Khan Law Firm,shahzad@thekhanlawyers.com,+13369054705,https://thekhanlawyers.com/,Reidsville,NC
Law Office of Joseph K. Plumbar,info@plumbarlaw.com,+17133845507,https://plumbarlaw.com/,Houston,TX
Howell & Thornhill,tri@howellthornhill.com,+18636563782,https://howellthornhill.com/,Winter Haven,FL
"Law Office of William R. Falcone, LLC",bill@falconejustice.com,+17168667036,https://thepeopleslawoffice.com/,Dillon,CO
Rigdon Alexander & Rigdon LLP,eservice@rigdonalexander.com,+13214524111,https://rigdonalexander.com/,Merritt Island,FL
The Law Offices of Edward J. McKarski,info@mckarski-law.com,+16108660198,https://www.mckarski-law.com/,Bethlehem,PA
Howell & Thornhill - Zephyrhills,tri@howellthornhill.com,+18636563782,https://howellthornhill.com/,Zephyrhills,FL
Howell & Thornhill - Lakeland,tri@howellthornhill.com,+18636563782,https://howellthornhill.com/,Lakeland,FL
"Sullivan & Galleshaw, LLP",info@sullivangalleshaw.com,+17188430300,https://www.sullivangalleshaw.com/,Brooklyn,NY
"Morey Law Firm, P.A.",info@moreylawfirm.com,+14074267222,http://moreylawfirm.com/,Orlando,FL
Armada Law,info@armadalaw.com,+18646333739,https://www.armadalaw.com/,Greenville,SC
Dobogai Law,LA@dobolaw.com,+14145413570,https://dobolaw.com/,Milwaukee,WI
Howell and Thornhill - Sebring,tri@howellthornhill.com,+18636563782,https://howellthornhill.com/,Sebring,FL
Sebastian Gibson,SGibsonEsq@aol.com,+17607761810,http://sebastiangibsonlaw.com/,Palm Desert,CA
"Sullivan & Galleshaw, LLP",info@sullivangalleshaw.com,+17188430300,https://www.sullivangalleshaw.com/,New York,NY
Howell & Thornhill - Haines City,tri@howellthornhill.com,+18636563782,https://howellthornhill.com/,Haines City,FL
Law Firm of Sebastian Gibson,SGibsonEsq@aol.com,+17607761810,http://sebastiangibsonlaw.com/,Corona Del Mar,CA
"Espat Law, P.A.",info@legal-strength.com,+18139937200,https://legal-strength.com/,Tampa,FL
Corey Pollard Law,cpollardjba@gmail.com,+17578105614,https://cpollardlaw.com/,Richmond,VA
"Law Offices of Daniel D Skuret, P.C.",djskuret@aol.com,+12037369934,http://ctinjurylaw.com/,Ansonia,CT
"Funes Law Firm, P.A. Abogado seguro de divorcio, accidentes, e inmigracion",info@funeslaw.com,+13057312397,https://funeslaw.com/,Miami,FL
Law Offices of Arnold J. Lizana III,alizana@attorneylizana.com,+18774430999,https://attorneylizana.com/,Springfield,MA
Caras Law Group,dean.caras@deancaras.com,+13124941500,https://deancaras.com/,Chicago,IL
"Ben Bowden, PC Trial Lawyer",bowden@benbowdenlaw.com,+12288965652,https://www.benbowdenlaw.com/,Gulfport,MS
"Ness & Jett, LLC",mh.nessandjett@gmail.com,+18032455178,https://nessandjett.com/,Bamberg,SC
Andruzzi Law,jcandruzzi@andruzzilawoffice.com,+15164338600,https://andruzzilaw.com/,Bethpage,NY
"Melrose Law, PLLC Personal Injury Attorneys",info@mountainverdict.com,+18284523141,https://mountainverdict.com/,Waynesville,NC
RVA Trial Lawyers,TrialLawyers@rvatriallawyers.com,+18049151611,https://rvatriallawyers.com/,Richmond,VA
"TED Law: Accident and Injury Law Firm, LLC",help@tedlaw.com,+18778335297,https://www.tedlaw.com/,Myrtle Beach,SC
Moseley Collins Law,incoming@moseleycollins.com,+18004265546,https://www.moseleycollins.com/,Sacramento,CA
Rosenberg Injury Law,jrose@rosenbergilaw.com,+15613478376,https://rosenberginjurylaw.com/,Boca Raton,FL
Hyatt & Goldbloom | Injury & Accident Attorneys,contactus@hyattandgoldbloom.com,+14103853180,https://hyattandgoldbloom.com/,Baltimore,MD
"Law Office of Anthony T. DiPietro, P.C.",info@atdlaw.com,+18002151003,https://www.atdlaw.com/,New York,NY
The Solomon Law Group,cls@solomonlawsc.com,+18032198870,https://solomonlawsc.com/,Columbia,SC
Barrios Virguez Attorneys: Accident & Injury Law,info@barriosvirguez.com,+16786008000,https://barriosvirguez.com/,Duluth,GA
Butler Kahn - Personal Injury Attorneys,info@butlerfirm.com,+16789401444,https://butlerfirm.com/,Atlanta,GA
Butler Kahn - Personal Injury Attorneys,info@butlerfirm.com,+16789401444,https://butlerfirm.com/,Lawrenceville,GA
Hannon Legal Group,info@hannonlegalgroup.com,+13053583109,https://www.hannonlegalgroup.com/,Miami,FL
"Warshauer Woodward Atkins, LLC, Personal Injury Trial Lawyers",info@warlawgroup.com,+14048924900,https://warlawgroup.com/,Atlanta,GA
"Wolfe, Jones, Wolfe, Hancock, Daniel & South LLC",info@wolfejones.com,+12562068388,https://www.wolfejones.com/,Huntsville,AL
LEGAL ASSISTANCE FOR YOU,contact@karnsandkarns.com,+18887791180,https://www.karnsandkarns.com/,Los Angeles,CA
Law Offices of Judy Greenwood PC - Medical Malpractice and Personal Injury Lawyer,info@greenwoodlawoffice.com,+12155577500,https://greenwoodlawoffice.com/,Philadelphia,PA
Golden Law Office,info@goldenlawoffice.tomahawk.website,+18594695000,https://goldenlawoffice.com/,Lexington,KY
Golden Law Office,dgolden@goldenlawoffice.tomahawk.website,+18594695000,https://goldenlawoffice.com/,Lexington,KY
LawMD,info@lawmd.com,+18447351024,https://www.lawmd.com/,Washington,DC
"Wingate, Russotti, Shapiro, Moses & Halperin, LLP",wrs@wrslaw.com,+13475739592,https://www.wrshlaw.com/,New York,NY
Barrios Virguez Attorneys: Accident & Injury Law,info@barriosvirguez.com,+16786008000,https://barriosvirguez.com/,Augusta,GA
Wardell Law Firm,info@wardelllaw.com,+18133873333,https://www.wardelllaw.com/,Tampa,FL
Ankin Law,CaseReview@ankinlaw.com,+18726000000,https://ankinlaw.com/,Chicago,IL
"Redmond Law Firm, PLLC",credmond@redmondfirm.com,+16462857115,https://redmondfirm.com/,New York,NY
Butler Kahn - Personal Injury Attorneys,info@butlerfirm.com,+16789401444,https://butlerfirm.com/,Roswell,GA
Sabbeth Law - Vermont & New Hampshire Personal Injury Attorneys,mjs@sabbethlaw.com,+16032986117,https://sabbethlaw.com/,White River Junction,VT
NYC Injury Attorneys P.C.,nycinjuryattorneys@gmail.com,+16464523663,https://nyc-injury-attorneys.com/,New York,NY
Capitelli & Wicker Attorneys at Law,info@capitelliandwicker.com,+15045822422,https://capitelliandwicker.com/,New Orleans,LA
ReisLaw,info@reislaw.com,+14048764200,https://reislaw.com/,Sandy Springs,GA
Jim Golden Law,jim@jimgoldenlaw.com,+18669506652,http://jimgoldenlaw.com/,Pell City,AL
"McDaniel Law, LLC",admin@mcdaniellaw.net,+18122145548,https://www.mmcdaniellaw.com/,Lawrenceburg,IN
"Kleem Law, LLC",ckleem@kleemlaw.com,+17062770606,https://kleemlaw.com/,Dalton,GA
Wade Law Group,info@wadelitigation.com,+18887055059,https://wadelitigation.com/,Santa Clara,CA
Barli Law LLC,office@barlilaw.com,+19736381101,https://barlilaw.com/,Clifton,NJ
"Stevens and Brintle, PLLC",office@stevensandbrintle.com,+13367867791,https://www.stevensandbrintle.com/,Mt Airy,NC
Dansie & Dansie LLP,info@dansielaw.com,+12027831597,http://dansielaw.com/,Washington,DC
Moyer & Moyer,info@moyermoyer.com,+14024543321,https://www.moyermoyer.com/,Madison,NE
"Carpenter & Guy, PLLC",agatha@wnc.law,+18283391010,https://wnc.law/,Sylva,NC
"Carpenter & Guy, PLLC",kim@wnc.law,+18283391010,https://wnc.law/,Sylva,NC
"Cramer, Swetz, McManus, Jordan & Saylor, P.C.",BCJordan@csmjslawyer.com,+15704215568,https://www.csmjlawyer.com/,Stroudsburg,PA
"Luschas, Naparsteck & Crane, LLP",lnc@bloomsburglaw.com,+15707999787,https://bloomsburglaw.com/,Bloomsburg,PA
Lampin Law: Attorney Michael L. Boyd,info@lampinlaw.com,+16362299999,https://lampinlaw.com/,St Peters,MO
"The Law Office of Phillip Corey Levin, P.A.",gotpcl@gmail.com,+14105230991,https://gotphil.com/,Baltimore,MD
Barrix Law Firm,jason@barrixlaw.com,+16164561900,https://barrixlaw.com/,Grand Rapids,MI
"Geonetta & Frucht, LLP",kfrucht@gmail.com,+15102502743,http://geonetta-frucht.com/,San Francisco,CA
"C&B Law Group, LLP",lawyers@cblawgroup.com,+18559249965,https://cblawgroup.com/,Burbank,CA
"C&B Law Group, LLP",attorneys@cblawgroup.com,+18559249965,https://cblawgroup.com/,Burbank,CA
Moody Law,info@moodylawyer.com,+17608673300,https://www.moodylawyer.com/,Apple Valley,CA
"Geonetta & Frucht, LLP",kfrucht@gmail.com,+15102502743,http://geonetta-frucht.com/,Oakland,CA
"Sinapi Law Associates, Ltd.",contact@sinapilaw.com,+14017399690,https://sinapilaw.com/,Warwick,RI
"Coughlin & Gerhart, LLP",info@cglawoffices.com,+16078212202,https://www.cglawoffices.com/,Binghamton,NY
"C&B Law Group, LLP",lawyers@cblawgroup.com,+18559249965,https://cblawgroup.com/,Los Angeles,CA
"C&B Law Group, LLP",attorneys@cblawgroup.com,+18559249965,https://cblawgroup.com/,Los Angeles,CA
"Law Offices of Gehrke, Baker, Doull & Kelly, PLLC",david@gehrkelawoffices.com,+12068784100,https://gehrkelawoffices.com/,Des Moines,WA
"Law Offices of Gehrke, Baker, Doull & Kelly, PLLC",info@gehrkelawoffices.com,+12068784100,https://gehrkelawoffices.com/,Des Moines,WA
"Law Offices of Gehrke, Baker, Doull & Kelly, PLLC",josh@gehrkelawoffices.com,+12068784100,https://gehrkelawoffices.com/,Des Moines,WA
"Law Offices of Gehrke, Baker, Doull & Kelly, PLLC",mike@gehrkelawoffices.com,+12068784100,https://gehrkelawoffices.com/,Des Moines,WA
"Law Offices of Gehrke, Baker, Doull & Kelly, PLLC",joseph@gehrkelawoffices.com,+12068784100,https://gehrkelawoffices.com/,Des Moines,WA
Remus Enterprises Law Group,solon@remuslaw.com,+12027923337,https://www.remuslaw.com/,Washington,DC
"Lewis & Feldman, LLC",jon@lewisandfeldman.com,+12055844479,https://www.alabamapersonalinjury.com/,Birmingham,AL
"Lewis & Feldman, LLC",dfeldman@lewisandfeldman.com,+12055844479,https://www.alabamapersonalinjury.com/,Birmingham,AL
Ramos & Law,info@ramoslawfirm.com,+17706370105,http://ramoslawfirm.com/,Atlanta,GA
Rejali Law Firm,info@rejalilawfirm.com,+16198874148,https://www.rejalilawfirm.com/,San Diego,CA
Goldsmith & Mendoza P.L.L.C.,contact@goldsmith-mendoza.com,+15204971138,https://goldsmith-mendoza.com/,Tucson,AZ
Varnum LLP,info@varnum.com,+18664827686,http://varnumlaw.com/,Kalamazoo,MI
"Mark A. Rinaldi, Esq.",MGindele@singleylaw.com,+18564293144,https://singleylaw.com/,Gibbsboro,NJ
"Mark A. Rinaldi, Esq.",info@singleylaw.com,+18564293144,https://singleylaw.com/,Gibbsboro,NJ
"Mark A. Rinaldi, Esq.",GSingley@singleylaw.com,+18564293144,https://singleylaw.com/,Gibbsboro,NJ
"Mark A. Rinaldi, Esq.",MRinaldi@singleylaw.com,+18564293144,https://singleylaw.com/,Gibbsboro,NJ
Law Offices of Maurice McNab LLC,mauricemcnab@gmail.com,+18642321132,https://www.mcnablawfirm.com/,Greenville,SC
Beard & Beard Attorneys,info@beardandbeard.com,+12565823189,https://www.beardandbeard.net/,Guntersville,AL
"MKH Accident Attorneys, APC, a personal injury & family law firm",Consultations@mkhaccidentattorneys.com,+19492997632,https://mkhaccidentattorneys.com/,Newport Beach,CA
The Dickenson Law Firm,info@dickensonlawfirm.com,+15614473326,https://dickensonlawfirm.com/,Boca Raton,FL
"Stewart Melvin & Frost, LLP Attorneys at Law",receptionist@smf-law.com,+17705360101,https://smf-law.com/,Gainesville,GA
C Russell Keep III Law Office,hhlaw@hargray.com,+18437858458,https://www.russkeep.com/,Hilton Head Island,SC
C Russell Keep III Law Office,thehhlaw@gmail.com,+18437858458,https://www.russkeep.com/,Hilton Head Island,SC
Armando Guerra - Attorney at Law,lawoffice@mandoguerra.com,+19563834357,https://mandoguerra.com/,Edinburg,TX
Harris & Engler,info@harrisengler.com,+16146109988,https://www.harrisengler.com/,Columbus,OH
Harris & Engler,contactus@harrisengler.com,+16146109988,https://www.harrisengler.com/,Columbus,OH
Elverson Vasey,hello@elversonlaw.com,+15152431914,http://elversonvasey.com/,Des Moines,IA
Nine Law Office,melissa@ninelawoffice.com,+16417534906,https://www.mninelawoffice.com/,Marshalltown,IA
Moises|Gross,info@moisesgross.com,+13053063055,https://moisesgross.com/,Coral Gables,FL
"Travis W. Bell Attorney at Law, P.S.C.",travis@traviswbelllaw.com,+16063489394,http://traviswbelllaw.com/,Monticello,KY
Chad Barr Law,info@chadbarrlaw.com,+14075999036,https://chadbarrlaw.com/,Altamonte Springs,FL
"John J. Feczko, P.C. Attorneys at Law",jfeczko@johnfeczkolaw.com,+12017942332,https://www.johnfeczkolaw.com/,Elmwood Park,NJ
Karns & Karns Personal Injury and Accident Attorneys,contact@karnsandkarns.com,+18887791180,https://www.karnsandkarns.com/,El Paso,TX
Karns & Karns Personal Injury and Accident Attorneys,contact@karnsandkarns.com,+18887791180,https://www.karnsandkarns.com/,Bakersfield,CA
"A. Cohen Law Firm, P.C.",avi@acohenlawfirm.com,+15163417770,https://acohenlawfirm.com/,Valley Stream,NY
"Lee Law Offices, P.A.",abaker@leelawoffices.org,+17043321577,https://www.leelawoffices.org/,Greenville,SC
"Clayton A. Jones, Attorney At Law",clayton@claytonjoneslaw.com,+18163184266,http://claytonjoneslaw.com/,Raymore,MO
"Law Office of Joan Lauricella, Abogados de Accidentes Cerca de Mi",info@abogadosdeaccidentes.pro,+18889973797,https://abogadosdeaccidentes.pro/,Van Nuys,CA
"Naros Law, P.A.",naros@naroslaw.com,+16127466160,https://naroslaw.com/,Minneapolis,MN
Carrillo Injury Law,office@carrilloinjurylaw.com,+13523714000,https://www.carrilloinjurylaw.com/,Gainesville,FL
"Hammer, Quinn & Shaw PLLC",general@attorneysmontana.com,+14067552225,https://www.attorneysmontana.com/,Kalispell,MT
"TM WOOD LAW, LLC",tom@tmwoodlaw.com,+12516542223,https://www.tmwoodlaw.com/,Mobile,AL
Baron & Herskowitz,info@bhfloridalaw.com,+13056700101,https://www.bhfloridalaw.com/,Miami,FL
Tus Abogados de Accidentes Auto y Trabajo en Joliet,info@abogadosaccidentesjoliet.com,+18887038716,https://abogadosaccidentesjoliet.com/,Joliet,IL
"Jossart Law Office, LLC",info@jossartlaw.com,+19527774277,https://www.jossartlaw.com/,Burnsville,MN
"Backus & Ernst, LLP",sbackus@belawca.com,+12137771778,http://belawca.com/,Los Angeles,CA
"Meridian Law, PLLC",info@meridian.law,+16152297498,https://meridian.law/,Brentwood,TN
Johnson Marlowe LLP,info@johnsonmarlowe.com,+17064258740,https://www.johnsonmarlowe.com/,Athens,GA
"Rankin & Gregory, LLC (RG Injury Law)",help@rginjurylaw.com,+17176565000,https://www.rginjurylaw.com/,Lancaster,PA
"Mark J. Metzger, Esq",mark@metzgerinjurylaw.com,+18454737000,https://metzgerinjurylaw.com/,Poughkeepsie,NY
"Rankin & Gregory, LLC (RG Injury Law)",help@rginjurylaw.com,+17176565000,https://www.rginjurylaw.com/,Lancaster,PA
Barnwell Whaley Patterson & Helms,bwph@barnwell-whaley.com,+19106791388,http://barnwell-whaley.com/,Charleston,SC
Tus Abogados de Accidentes,call@fortworthheritagetracepkypllc.top,+16824327323,https://fortworthheritagetracepkypllc.top/,Fort Worth,TX
"Brill & Rinaldi, The Law Firm",info@brillrinaldi.com,+13058098609,https://www.forpeopleforjustice.com/,Coral Gables,FL
McMinn Personal Injury Lawyers - Salt Lake City,info@mcminnlaw.com,+15124740222,https://www.mcminnlaw.com/,Salt Lake City,UT
Workman Car Accident & Personal Injury Lawyers - Clermont,devon@workmaninjurylaw.com,+19543613997,https://workmaninjurylaw.com/,Clermont,FL
Guardian Accident & Injury Lawyers - Jonesboro Office,info@myguardianlaw.com,+14042559000,https://myguardianlaw.com/,Jonesboro,GA
Martonick Law,martonicklaw@pullman.com,+15093344808,http://martonicklaw.com/,Pullman,WA
Schmittinger & Rodriguez,info@schmittrod.com,+13022271400,https://www.schmittrod.com/,Middletown,DE
"Soule, Leslie, Kidder, Sayward & Loughman, PLLC",marie@soulefirm.com,+16035698044,https://www.soulefirm.com/,Salem,NH
"Soule, Leslie, Kidder, Sayward & Loughman, PLLC",muir@soulefirm.com,+16035698044,https://www.soulefirm.com/,Salem,NH
Pryor Law,info@pryorlaw.com,+17188290222,https://www.pryorlaw.com/,Bronx,NY
"Hickman Fondren, PLLC",rod@hickmanfondren.com,+16622050297,https://hickmanfondren.com/,Macon,MS
"Hickman Fondren, PLLC",denise@hickmanfondren.com,+16622050297,https://hickmanfondren.com/,Macon,MS
Singley & Rinaldi Attorneys at Law,MGindele@singleylaw.com,+18564293144,https://singleylaw.com/,Gibbsboro,NJ
Singley & Rinaldi Attorneys at Law,info@singleylaw.com,+18564293144,https://singleylaw.com/,Gibbsboro,NJ
Singley & Rinaldi Attorneys at Law,GSingley@singleylaw.com,+18564293144,https://singleylaw.com/,Gibbsboro,NJ
Singley & Rinaldi Attorneys at Law,MRinaldi@singleylaw.com,+18564293144,https://singleylaw.com/,Gibbsboro,NJ
Cary London Law,paralegal@carylondonlaw.com,+12122031090,https://carylondonlaw.com/,New York,NY
Cary London Law,attorney@carylondonlaw.com,+12122031090,https://carylondonlaw.com/,New York,NY
Cary London Law,info@carylondonlaw.com,+12122031090,https://carylondonlaw.com/,New York,NY
Baker Law Firm P.C.,adrian@blfmail.com,+16018247455,https://www.bakerlawfirmpc.net/,Brandon,MS
"Downie Law, LLC",jack@downielaw.net,+19123242320,https://downielaw.net/,Vidalia,GA
"Matthew Harris Law, PLLC",FrontDesk@matthewharrislaw.com,+18067024852,https://matthewharrislaw.com/,Lubbock,TX
"Mortenson & Rafie Attorneys, LLP",mortensonandrafie@nvlaw.us,+17023634190,http://mortensonandrafie.com/,Las Vegas,NV
"Lawrence Kahn Law Group, P.S.",staff@lklegal.com,+14254535679,https://lklegal.com/,Tukwila,WA
"Jonathan C. Kieschnick, Trial Lawyer",kim@jck-law.com,+12815389200,http://jck-law.com/,Houston,TX
Simon & O'Rourke Car Accident & Personal Injury Lawyers Houston,info@solawpc.com,+12816674081,https://solawpc.com/,Houston,TX
The Sutton Law Firm,will@willsuttonlaw.com,+15127069709,https://willsuttonlaw.com/,Austin,TX
Stilman Law PLLC,sstilman@stilmanlaw.com,+12488474000,https://www.stilmanlaw.com/,Farmington Hills,MI
"Ogden Sullivan Stover & Saar, P.A.",TSullivan@ogdensullivan.com,+18132235111,https://ogdensullivan.com/,Tampa,FL
Ching & Seto APC,info@chinglawgroup.com,+16196638821,https://www.chingandseto.com/,Irvine,CA
Medina Law Firm,omedina@medinalawfirm.com,+18132582988,http://medinalawfirm.com/,Tampa,FL
Dorta & Ortega PA,info@dortaandortega.com,+13054615454,https://dortaandortega.com/,Coral Gables,FL
"Jazlowiecki & Jazlowiecki, LLC",info@jazlowiecki.com,+18606748000,https://jazlowieckilaw.com/,Bristol,CT
"Feldman Lee, PLLC",MYCASE@feldmanleepllc.com,+12818583355,https://feldmanleepllc.com/,Houston,TX
Torosyan Law Group,info@torosyanlaw.com,+18186503100,https://www.torosyanlaw.com/,Encino,CA
Rose Sanders Law Firm,info@rosesanderslaw.com,+14692420760,https://rosesanderslaw.com/,Dallas,TX
"Russomanno & Borrello, P.A.",info@russomanno.com,+13053732101,https://www.russomanno.com/,Miami,FL
The Baez Legal Group,info@baezlegal.com,+18882239529,https://baezlegal.com/,White Plains,NY
Karns & Karns Personal Injury and Accident Attorneys,contact@karnsandkarns.com,+18887791180,https://www.karnsandkarns.com/,Los Angeles,CA
Riviere Advocacy Group LLC,paulslawbox@gmail.com,+17326465529,https://www.lawofficespjr.com/,Jackson Township,NJ
J. Antonio Tramontana - Attorney at Law,tramontana@comcast.net,+13183401515,https://tramontanalaw.com/,Monroe,LA
The Kemper Law Office,akemperlaw@gmail.com,+15027710588,https://lawhelplouisville.com/,Louisville,KY
"Criscione Ravala, LLP",info@lawcrt.com,+18005831787,https://lawcrt.com/,Fort Lauderdale,FL
"Criscione Ravala, LLP",info@lawcrt.com,+18005831787,https://lawcrt.com/,Parsippany,NJ
Edmond J. Mack,emack@macklawco.com,+13304516883,https://www.macklawco.com/,Canton,OH
"Watson Kuhlman, LLC",ginakuhlman@kuhlwat.com,+12162087858,https://www.kuhlwat.com/,Cleveland,OH
"Watson Kuhlman, LLC",myronwatson@kuhlwat.com,+12162087858,https://www.kuhlwat.com/,Cleveland,OH
"Brennan Lenihan, Trial Attorney & Mediator",bpl@brennanlenihanlaw.com,+18656745294,http://brennanlenihanlaw.com/,Clinton,TN
Schulze Law,help@schulzelaw.com,+18008949267,https://schulzelaw.com/,Boston,MA
"Levin, Rojas, Camassar, and Reck, LLC",help@lrcr.law,+18605354040,https://lrcr.law/,Hartford,CT
McDonald Worley PC,info@mcdonaldworley.com,+17027109227,http://mcdonaldworley.com/,Fort Lauderdale,FL
"Peter Hansen - Hansen Law Offices - Burlington, IA Lawyer",peterhansen@attorneyhansen.com,+13197525515,https://www.attorneyhansen.com/,Burlington,IA
McDonald Worley PC,info@mcdonaldworley.com,+17027109227,http://mcdonaldworley.com/,Houston,TX
"Alex R. White, PLLC",Alex@arwhitelaw.com,+18009294486,https://suedistracteddriver.com/,Louisville,KY
"JaruLaw: Javaherian and Ruszecki, P.C.",info@jarulaw.com,+13108581818,https://jarulaw.com/,Culver City,CA
"Lever & Ecker, PLLC",info@leverecker.com,+19292094624,https://www.leverecker.com/,Bronx,NY
"Lever & Ecker, PLLC | Personal Injury & Accident Attorneys",info@leverecker.com,+19292094624,https://www.leverecker.com/,White Plains,NY
Curan & Ahlers LLP,kahlers@curanahlers.com,+18005853314,http://curanahlers.com/,White Plains,NY
"Ekker Law, P.C. - Steven B. Ekker, Attorney",steve@ekkerlaw.com,+16304668400,http://ekkerlaw.com/,Sugar Grove,IL
Coffey McPharlin,info@coffeymcpharlin.com,+19542896316,https://coffeymcpharlin.com/,Fort Lauderdale,FL
Zimmerle Law,howard@lawzim.com,+13095815336,https://zimmerlelaw.com/,Moline,IL
Solorzano Law- Injury Lawyers,info@solorzanolegal.com,+13053631300,https://solorzanolawpllc.com/,Miami,FL
BLADE INJURY LAW,Blade@bladeinjurylaw.com,+14703508200,https://bladeinjurylaw.com/,Atlanta,GA
"Gottfried Law, PLLC",EJG@gottlawyers.com,+12127665665,http://gottlawyers.com/,New York,NY
McCarthy & Carbone P.C.,carbone@m-clawyers.com,+16319791111,http://m-clawyers.com/,Hauppauge,NY
McCarthy & Carbone P.C.,mccarthy@m-clawyers.com,+16319791111,http://m-clawyers.com/,Hauppauge,NY
Law Offices of J. David Nick,jdavidnick@lawyer.com,+14155524444,https://www.jdavidnick.com/,Palm Springs,CA
Blue Line Law Firm,Intake@tbllf.com,+18886119511,https://tbllf.com/,West Palm Beach,FL
Robert Kersey Attorney at Law,rjkersey@sbcglobal.net,+18175784627,https://kerseylaw.com/,Granbury,TX
Harman Law Firm,info@harmanlaw.com,+17062501960,https://harmanlaw.com/,Augusta,GA
Attorney That Rides,info@gabrieljcarreralaw.com,+19549345678,https://attorneythatrides.com/,Fort Lauderdale,FL
Kerr Law Group,info@russellkerrlaw.com,+15615710358,https://russellkerrlaw.com/,Jupiter,FL
"Jeffrey M. Byrd, P.A.",attorneybyrd@aggressiveattorneys.com,+14074231313,https://aggressiveattorneys.com/,Orlando,FL
"Brasure Law Firm, PLLC",chris@brasurelaw.com,+19569032873,https://www.brasurelaw.com/,McAllen,TX
Capital City Law,closings@capitalcitylawnc.com,+19193467499,https://capitalcitylawnc.com/,Raleigh,NC
Capital City Law,contact@capitalcitylawnc.com,+19193467499,https://capitalcitylawnc.com/,Raleigh,NC
"Gomez Law Offices, LLC",info@gomezlawoffices.com,+15756239448,https://gomezlawoffices.com/,Roswell,NM
Wyman & Hegwer,dan@whcomplaw.com,+14154309650,https://bayareaworkerscomp.com/,San Rafael,CA
Wyman & Hegwer,dan@hegwerlaw.com,+14154309650,https://bayareaworkerscomp.com/,San Rafael,CA
The Thompson Law Firm PC,Jason@thompsonlawfirm.us,+16783314310,http://thompsonlawfirm.us/,Johns Creek,GA
"Coughlin & Gerhart, LLP",info@cglawoffices.com,+16078212202,https://www.cglawoffices.com/,Bainbridge,NY
Agee & Tinsley,general@ageefirm.com,+18004993974,https://www.ageeandageelaw.com/,Lebanon,TN
"Bruce A. Goodman, Esq.",info@bgoodmanlaw.com,+17542225122,http://bgoodmanlaw.com/,Coral Springs,FL
Alford Law PLLC,elliotalford@gmail.com,+19286071710,https://www.alfordlawpllc.com/,Flagstaff,AZ
Mora Law,admin@moralaw.com,+12548704800,https://moralaw.com/,Waco,TX
"Page & Eichenblatt, P.A.",seichenblatt@floridalawonline.com,+14073861900,http://floridalawonline.com/,Orlando,FL
"Stephen P. Cameron, Attorney at Law",spcameronlaw@gmail.com,+15802331456,https://www.spcameronlaw.com/,Enid,OK
Tuley Law Office,dan@tuleylaw.com,+18124341936,https://www.tuleylaw.com/,Evansville,IN
Tuley Law Office,heath@tuleylaw.com,+18124341936,https://www.tuleylaw.com/,Evansville,IN
Tuley Law Office,erin@tuleylaw.com,+18124341936,https://www.tuleylaw.com/,Evansville,IN
Tuley Law Office,aaron@tuleylaw.com,+18124341936,https://www.tuleylaw.com/,Evansville,IN
Johnson & Sundeen Law Office,jslo@dakotalawdogs.com,+17014442211,https://johnsonandsundeen.com/,Watford City,ND
Salt Lake Catastrophic Injury Attorney | Chuck Conrad,info@salt-lake-catastrophic-injury-attorney.com,+18015962814,https://www.salt-lake-catastrophic-injury-attorney.com/,Salt Lake City,UT
"Law Office of Irene H. Gabo, P.C.",info@gabolaw.com,+18005600214,https://www.gabolaw.com/,Brooklyn,NY
"Jeffrey W. Hensley, P.A.",info@hensleylaw.com,+17277813433,https://www.hensleylaw.com/,Palm Harbor,FL
"Law Offices of Antonio F. Gerald, PLLC",geraldlawfirm@gmail.com,+19104833955,http://geraldslawfirm.com/,Fayetteville,NC
"Advocates Law Group, PLLC",info@advocateslg.com,+18884445109,https://www.advocateslg.com/,Issaquah,WA
"Looney Injury Law - John W. Looney, Esq.",jwlooney@looneyinjurylaw.com,+17163007777,https://www.looneyinjurylaw.com/,Williamsville,NY
"The Law Offices of Attorney Timothy J. Pavone, PLLC",legalservices@charlottelawoffices.com,+19806134849,https://charlottelawoffices.com/,Charlotte,NC
"Ntanda Law Firm - Lark Legal, PLLC",info@larklegalfirm.com,+17132580892,https://www.larklegalfirm.com/,Houston,TX
Kohler Law: Donald W Kohler,dkohler@kohlerlaw.com,+16514269980,http://kohlerlaw.com/,St Paul,MN
"The Contiguglia Law Firm, P.C.",tara@contiguglia.com,+18559763783,https://contiguglia.com/,Denver,CO
"The Contiguglia Law Firm, P.C.",ajc@contiguglia.com,+18559763783,https://contiguglia.com/,Denver,CO
MontanaroLaw P.C.,info@montanarolaw.com,+13473285600,https://montanarolaw.com/,New York,NY
"Law Offices of Nicholas Rose, PLLC",info@nroselaw.com,+17182610546,https://nroselaw.com/,Forest Hills,NY
"Wm. Keith Dozier, Trial Attorney",info@wkd-law.com,+15035940333,https://wkd-law.com/,Lake Oswego,OR
"Law Offices of Lisa Michael & Associates, PC",lmichael@lisamichaellaw.com,+12127761800,https://www.nyinjurylawyer911.com/,New York,NY
J&Y Law Injury and Accident Attorneys,info@jnylaw.com,+18777357035,https://jnylaw.com/,Sacramento,CA
Scarlett Law Group,info@scarlettlawgroup.com,+18002627576,https://www.scarlettlawgroup.com/,Larkspur,CA
The Brown Firm,info@harrybrownlaw.com,+18005291441,https://www.harrybrownlaw.com/,Savannah,GA
"J.A. Davis & Associates, L.L.P. Accident Injury Lawyers - McAllen",jaubrydavis@gmail.com,+19569940565,https://www.jadavisinjurylawyers.com/,McAllen,TX
"Brooks Injury Law, LLC",intake@brooksinjurylaw.com,+16788132202,https://brooksinjurylaw.com/,Peachtree Corners,GA
Virginia Injury Law,contact@virginiainjurylaw.com,+18042223344,https://crashva.com/,Richmond,VA
Virginia Injury Law,info@virginiainjurylaw.com,+18042223344,https://crashva.com/,Richmond,VA
"Trial Pro, P.A.",help@trialpro.com,+13215862088,https://www.trialpro.com/,Orlando,FL
Wayne Wright,help@waynewright.com,+12109343748,https://waynewright.com/,San Antonio,TX
Kramer Injury Law LLC,info@kinjury.law,+13122165990,https://kramerinjurylaw.com/,Chicago,IL
The Law Firm of Alton C. Todd Personal Injury Lawyers - Friendswood Office,info@actlaw.com,+12816127550,https://www.txpersonalinjuryfirm.com/,Friendswood,TX
Becker Franklin Rovang,contact@bfrinjurylaw.com,+13608764800,https://bfrinjurylaw.com/,Port Orchard,WA
The Callahan Law Firm,info@thecallahanlawfirm.com,+18882247020,https://www.thecallahanlawfirm.com/,Houston,TX
"Mirman, Markovits & Landau, PC",casecalls@mirmanlawyers.com,+12122274000,https://mirmanlawyers.com/,New York,NY
Nick Major Law,nick@nickmajorlaw.com,+12064105688,https://nickmajorlaw.com/,Seattle,WA
"Kazerouni Law Group, APC",info@kazerouni.com,+18007782065,https://www.kazlg.com/,San Diego,CA
The Brown Firm,info@harrybrownlaw.com,+18005291441,https://www.harrybrownlaw.com/,Fayetteville,GA
Cary Wintroub Tus Abogados Accidentes,info@abogadosaccidenteschicagoil.com,+18882059415,https://abogadosaccidenteschicagoil.com/,Chicago,IL
McAllister Law Firm Car Accident Lawyer,info@jmcallisterlaw.com,+13144037700,https://jmcallisterlaw.com/,St. Louis,MO
Dean M Gettis Law Offices,dean@gettislegal.com,+13058938931,https://deangettis.com/,North Miami,FL
Hoover Medical Malpractice Law Firm,hoovermedicalmalpracticelaw@gmail.com,+12674903988,https://www.hoovermedicalmalpracticelaw.com/,Philadelphia,PA
"The Lapidus Law Firm, PLLC",llapidus@lapiduslawfirm.com,+13018527500,https://lapiduslawfirm.com/,Washington,DC
Lewis Law,info@lewislaw.com,+17708677446,http://lewislawwins.com/,Winder,GA
Malki Law 877-THE-FIRM,afram@thecaraccidentfirm.com,+18135133476,https://www.thecaraccidentfirm.com/,Tampa,FL
Malki Law 877-THE-FIRM,info@thecaraccidentfirm.com,+18135133476,https://www.thecaraccidentfirm.com/,Tampa,FL
"Comitz Law Firm, LLC",info@comitzlaw.com,+15708291111,https://www.comitzlaw.com/,Wilkes-Barre,PA
"Nicholas ""Nicky"" Muscarello",info@njmlawfirm.com,+19853451010,https://njmlawfirm.com/,Hammond,LA
"Frank C. Lawson, P.A.",FrankCLawsonPA@yahoo.com,+13523515510,https://www.lawyerlawson.com/,Ocala,FL
"Roberts & Stevens, P.A.",info@roberts-stevens.com,+18282586955,http://roberts-stevens.com/,Asheville,NC
James Horne Law PA,jhorne@jhornelaw.com,+19412106000,https://jhornelaw.com/,Lakewood Ranch,FL
"Rosenthal, Levy, Simon & Sosa Personal Injury and Workers' Compensation Attorneys",edellamea@rosenthallevy.com,+17728783880,https://www.rosenthallevy.com/,West Palm Beach,FL
"Bryant Law Partners, Attorneys at Law",roni@bryantlawpartners.com,+14794314900,https://www.bryantlawpartners.com/,Fort Smith,AR
Karns & Karns Truck Accident Attorneys,contact@karnsandkarnstruckaccidentattorneys.com,+18335451644,https://karnsandkarnstruckaccidentattorneys.com/,San Antonio,TX
"Heninger Garrison Davis, LLC",info@hgdlawfirm.com,+14049960860,http://hgdlawfirm.com/,Birmingham,AL
"Bouchard, Kleinman & Wright, P.A.",info@bkwlawyers.com,+16036237222,http://bkwlawyers.com/,Manchester,NH
Abogados de Compensación Laboral,info@abogadosdeaccidentes.pro,+18889973797,https://abogadosdeaccidentes.pro/,Pasadena,CA
Law Office of Gary Huebner LLC,garyhuebner@usa.net,+18608843833,https://www.garyhuebnerlaw.com/,New London,CT
Murphy's Law Offices,daniel@murphyslawoffices.com,+12533126122,http://murphyslawoffices.com/,Tacoma,WA
Mika Meyers PLC,questions@mikameyers.com,+12317238333,https://www.mikameyers.com/,Manistee,MI
Tollison & Webb P.A.,info@tollisonlaw.com,+16622347070,http://tollisonlaw.com/,Oxford,MS
"Pulvers, Pulvers & Thompson, L.L.P.",hthompson@pulversthompson.com,+12123558000,https://pulversthompson.com/,New York,NY
Dordulian Law Group,info@dlawgroup.com,+18183224056,https://www.dlawgroup.com/,North Hollywood,CA
Stalwart Law Group,info@stalwartlaw.com,+12126519070,https://stalwartlaw.com/,West Hollywood,CA
PAUL PADDA LAW,info@paulpaddalaw.com,+17027073000,https://paulpaddalaw.com/,Las Vegas,NV
Dordulian Law Group - Injury Attorneys,info@dlawgroup.com,+18183224056,https://www.dlawgroup.com/,Lomita,CA
Dordulian Law Group - Injury Attorneys,info@dlawgroup.com,+18183224056,https://www.dlawgroup.com/,Burbank,CA
Gencarelli & Rimassa Law Firm - Personal Injury Lawyers NJ,email@gencarelliandrimassalaw.com,+12015498737,http://grlawnj.com/,Lyndhurst,NJ
Dordulian Law Group - Injury Attorneys,info@dlawgroup.com,+18183224056,https://www.dlawgroup.com/,Pasadena,CA
Dordulian Law Group - Injury Attorneys,info@dlawgroup.com,+18183224056,https://www.dlawgroup.com/,Long Beach,CA
Oaks Law Firm,info@oakslawfirm.com,+18775395366,https://oakslawfirm.com/,Sherman Oaks,CA
Guardian Legal Group LLP,admin@guardianlegalgrp.com,+18182877099,https://guardianlegalgrp.com/,Encino,CA
"Jarrett & Price, LLC",contact@jarrettfirm.com,+18559093021,https://jarrettfirm.com/,Clarkesville,GA
Saleh Law Group | Personal Injury & Accident Attorneys,rsaleh@salehlawgroup.com,+19494316371,https://salehlawgroup.com/,Huntington Beach,CA
Saleh Law Group | Personal Injury & Accident Attorneys,asaleh@salehlawgroup.com,+19494316371,https://salehlawgroup.com/,Huntington Beach,CA
Babcock Injury Lawyers,pnc@stephenbabcock.com,+12252404053,https://www.stephenbabcock.com/,Baton Rouge,LA
"Summe & Summe, PSC",nsummelaw@gmail.com,+15138130650,http://summeandsumme.com/,Covington,KY
Shocklee Paolino- Clearwater,info@spjustice.com,+17274988771,https://spjustice.com/,Clearwater,FL
Malki Law 877-THE-FIRM,afram@thecaraccidentfirm.com,+18135133476,https://www.thecaraccidentfirm.com/,New Port Richey,FL
Malki Law 877-THE-FIRM,info@thecaraccidentfirm.com,+18135133476,https://www.thecaraccidentfirm.com/,New Port Richey,FL
"Law Offices of Raffi T. Khorozian, P.C.",info@lawyercaraccidentnynj.com,+18886584284,https://lawyercaraccidentnynj.com/,East Orange,NJ
"Martin & Cukjati, LLP",attorney@mcfirm.com,+12102232627,http://mcfirm.com/,San Antonio,TX
"Jarrett & Price, LLC",contact@jarrettfirm.com,+18559093021,https://jarrettfirm.com/,Duluth,GA
Balkan Patterson & Charbonnet - Trial Attorneys,info@balkanpatterson.com,+15617509191,https://bpc-lawyers.com/,Boca Raton,FL
"Silva Injury Law, Inc.",contact@silvainjurylaw.com,+12096004389,https://silvainjurylaw.com/,Salinas,CA
"Law Offices of Raffi T. Khorozian, P.C.",info@lawyercaraccidentnynj.com,+18886584284,https://lawyercaraccidentnynj.com/,Hackensack,NJ
Law Office of Patrick J. Regan,office@regan.law,+19787441220,https://www.regan.law/,Salem,MA
Law Office of Patrick J. Regan,pat@regan.law,+19787441220,https://www.regan.law/,Salem,MA
"Scott & Wallace, LLP",info@scottandwallacelaw.com,+18502227777,https://scottandwallacelaw.com/,Tallahassee,FL
Jackson Law Firm,rjackson@delmarvalawyers.com,+14434291978,https://delmarvalawyers.com/,Salisbury,MD
Edward Baum Law Offices,administration@baumlawfirm.com,+17603252681,http://palmdesertaccident.com/,La Quinta,CA
"Joel H. Schwartz, P.C.",info@joelhschwartz.com,+15086259161,https://www.joelhschwartz.com/,Brockton,MA
Law Office of Stuart Mann,sm@stuartmannlaw.com,+13039912233,https://www.stuartmannlaw.com/,Boulder,CO
Bajalia Law Group,mark@bajalia-law.com,+19043521123,http://bajalia-law.com/,Jacksonville,FL
KING Law Offices,eric.king@888king911.com,+18885464911,http://888king911.com/,Cincinnati,OH
KING Law Offices,eric.king@888king911.com,+18885464911,http://888king911.com/,Cincinnati,OH
The Jerome Law Firm PA,sjerome@jeromefirm.com,+17708730410,https://jeromefirm.com/,Atlanta,GA
"Gartman Legal, PLLC",andrew@gartmanlegal.com,+16237385706,https://www.gartmanlegal.com/,Scottsdale,AZ
"Gartman Legal, PLLC",info@gartmanlegal.com,+16237385706,https://www.gartmanlegal.com/,Scottsdale,AZ
"Law Offices of Raffi T. Khorozian, P.C.",info@lawyercaraccidentnynj.com,+18886584284,https://lawyercaraccidentnynj.com/,East Rutherford,NJ
"Michael E. Thompson Law, LLC",michael@metlaw.net,+14705345887,https://www.metlaw.net/,Conyers,GA
"Joel H. Schwartz, P.C.",info@joelhschwartz.com,+15086259161,https://www.joelhschwartz.com/,Boston,MA
"Law Offices of Raffi T. Khorozian, P.C.",info@lawyercaraccidentnynj.com,+18886584284,https://lawyercaraccidentnynj.com/,Union City,NJ
"Law Offices of Raffi T. Khorozian, P.C.",info@lawyercaraccidentnynj.com,+18886584284,https://lawyercaraccidentnynj.com/,Paramus,NJ
The Greer Law Group,help@gvlegal.net,+17206372467,https://gvlegal.net/,Denver,CO
"Law Offices of Raffi T. Khorozian, P.C.",info@lawyercaraccidentnynj.com,+18886584284,https://lawyercaraccidentnynj.com/,Cranford,NJ
"Brasure Law Firm, PLLC",chris@brasurelaw.com,+19569032873,https://www.brasurelaw.com/,Edinburg,TX
"Cary J. Wintroub & Associates, Tus Abogados de Accidentes",info@abogadosdeaccidentesenchicago.com,+18557817080,http://abogadosdeaccidentesenchicago.com/,Chicago,IL
HMW Law,bh@teamhmwwins.com,+12163691352,https://teamhmwwins.com/,Cleveland,OH
HMW Law,admin@teamhmwwins.com,+12163691352,https://teamhmwwins.com/,Cleveland,OH
Matthews Injury Law,info@fltrials.com,+19418775800,https://matthewspersonalinjurylaw.com/,Tampa,FL
"Law Offices Of Raffi T. Khorozian, P.C.",info@lawyercaraccidentnynj.com,+18886584284,https://lawyercaraccidentnynj.com/,Totowa,NJ
"Law Offices of Raffi T. Khorozian, P.C.",info@lawyercaraccidentnynj.com,+18886584284,https://lawyercaraccidentnynj.com/,Iselin,NJ
DiLeonardo Law,info@dileonardoinjuryfirm.com,+12156604077,https://dileonardolaw.com/,Cherry Hill,NJ
The Williams Firm - Personal Injury Lawyers | Columbus TX,thewilliamsfirm@yahoo.com,+14327777487,https://williamsfirmaccidentlawyers.com/,Columbus,TX
Brosnahan Law Firm,info@brosnahan-law.com,+14048538964,https://brosnahan-law.com/,Atlanta,GA
"Law Offices of Raffi T. Khorozian, P.C.",info@lawyercaraccidentnynj.com,+18886584284,https://lawyercaraccidentnynj.com/,Montclair,NJ
"Lawrence M. Siff, P.A.",lsiff@sifflaw.com,+19542526000,https://sifflaw.com/,Plantation,FL
"Law Offices of Raffi T. Khorozian, P.C.",info@lawyercaraccidentnynj.com,+18886584284,https://lawyercaraccidentnynj.com/,Roseland,NJ
"Born & McCaffrey, PC",info@bornmclegal.com,+13038006996,https://bornmclegal.com/,Denver,CO
"Kaba Law Group, PLLC",Clients@kabalaw.com,+13052459990,https://www.kabalaw.com/,Miami,FL
The Farber Law Firm,info@thefarberlawfirm.com,+13057740134,https://thefarberlawfirm.com/,Coral Gables,FL
Symco Injury Law,jeff@myutahinjurylawyer.com,+18017389999,https://www.symcoinjurylaw.com/,Estero,FL
"A to Z Injury Law, PLLC",info@atozinjurylaw.com,+13052717145,https://www.atozinjurylaw.com/,Miami,FL
Genco Injury Attorneys,info@gencoinjury.com,+17207067673,https://gencoinjury.com/,Denver,CO
"Samples Ames, PLLC",win@tex.law,+14694662600,https://tex.law/,Dallas,TX
Florida Legal | Injury & Accident Lawyers,info@floridalegal.law,+13059012209,https://floridalegal.law/,Miami,FL
"Law Offices of Raffi T. Khorozian, P.C.",info@lawyercaraccidentnynj.com,+18886584284,https://lawyercaraccidentnynj.com/,East Brunswick,NJ
"AFJ Law Firm PLLC, Personal Injury and Car Accident Lawyer",admin@afjlawfirm.com,+14066137000,https://afjlawfirm.com/,Bozeman,MT
"Bradsky, Bradsky & Bradsky, P.C.",info@bradskylaw.com,+16053428970,http://bradskylaw.com/,Rapid City,SD
"Law Offices of Raffi T. Khorozian, P.C.",info@lawyercaraccidentnynj.com,+18886584284,https://lawyercaraccidentnynj.com/,Fort Lee,NJ
Low Law Firm,tara@lowlawfirm.com,+13254551889,https://lowlawfirm.com/,Abilene,TX
"Myones Legal, PLLC",info@myoneslegal.com,+19546683180,https://www.myoneslegal.com/,Fort Lauderdale,FL
Koulianos Law PLLC,george@koulilaw.com,+17272395300,https://koulilaw.com/,Tarpon Springs,FL
KING Law Offices,eric.king@888king911.com,+18885464911,http://888king911.com/,Maumee,OH
KING Law Offices,eric.king@888king911.com,+18885464911,http://888king911.com/,Maumee,OH
Michael Manoussos & Co PLLC,mm@mmlaw-pllc.com,+17184548888,https://mmlaw-pllc.com/,Kew Gardens,NY
Landsem & Meidus,info@reddinginjurylaw.com,+15306053744,https://www.reddinginjurylaw.com/,Redding,CA
"Thon Beck Vanni Callahan & Powell, A Professional Corporation",drose@thonbeck.com,+16262089906,https://thonbeck.com/,Pasadena,CA
Symco Injury Law Group,jeff@myutahinjurylawyer.com,+18017389910,https://myutahinjurylawyer.com/,West Valley City,UT
JJC Law,info@jjclaw.com,+15045138820,https://www.jjclaw.com/,Metairie,LA
"Norsworthy Law, LLC",ken@norsworthyfirm.com,+18648040581,https://www.norsworthyfirm.com/,Greer,SC
Corcoran Law PLLP,tjc@corcoranlaw.com,+15132952552,http://corcoranlaw.com/,Williston,ND
"Pignatelli & Associates, PC",contact@nilawyers.com,+18156260500,https://www.pignatellilaw.com/,Rock Falls,IL
Leitner Williams Dooley Napolitan PLLC,lwdn@leitnerfirm.com,+16152557722,https://leitnerfirm.com/,Chattanooga,TN
Leitner Williams Dooley Napolitan PLLC,recruiting@leitnerfirm.com,+16152557722,https://leitnerfirm.com/,Chattanooga,TN
"Leitner, Williams, Dooley & Napolitan, PLLC",lwdn@leitnerfirm.com,+16152557722,https://leitnerfirm.com/,Memphis,TN
"Leitner, Williams, Dooley & Napolitan, PLLC",recruiting@leitnerfirm.com,+16152557722,https://leitnerfirm.com/,Memphis,TN
"Daily & Woods, P.L.L.C. | Fort Smith",info@dailywoods.com,+14797820361,https://dailywoods.com/,Fort Smith,AR
"Tarlow Stonecipher Weamer & Kelly, PLLC Attorneys",ClientServices@lawmt.com,+14065869714,https://lawmt.com/,Bozeman,MT
George & Joseph,dgeorge@georgeandjoseph.com,+14126386759,http://georgeandjoseph.com/,New Kensington,PA
George & Joseph,djoseph@georgeandjoseph.com,+14126386759,http://georgeandjoseph.com/,New Kensington,PA
Michael P Healy Attorney at Law,honolululawyer@outlook.com,+18085258584,https://mphealylawyer.com/,Honolulu,HI
Avanti Law Group,info@avantilaw.com,+16162576807,https://avantilaw.com/,Wyoming,MI
"George J. Singley, Esq.",MGindele@singleylaw.com,+18564293144,https://singleylaw.com/,Gibbsboro,NJ
"George J. Singley, Esq.",info@singleylaw.com,+18564293144,https://singleylaw.com/,Gibbsboro,NJ
"George J. Singley, Esq.",GSingley@singleylaw.com,+18564293144,https://singleylaw.com/,Gibbsboro,NJ
"George J. Singley, Esq.",MRinaldi@singleylaw.com,+18564293144,https://singleylaw.com/,Gibbsboro,NJ
Law Offices of Timothy Combs,info@combslawcenter.com,+18887224656,https://combslawcenter.com/,Riverside,CA
Relevant Law - Lynchburg,hello@relevantlaw.com,+18444735382,http://lynchburg.relevantlaw.com/,Lynchburg,VA
Alamo Law Center,alamolawcenter@gmail.com,+19566010247,https://alamolawcenter.com/,Alamo,TX
"Woods Law, PLLC",contact@woodslawco.com,+18595784700,https://woodslawco.com/,Fort Wright,KY
Dunnam & Dunnam,reception@dunnamlaw.com,+12547536437,https://dunnamlaw.com/,Waco,TX
"The Washington Firm, P.C.",info@thewfirm.com,+18173391406,https://www.thewfirm.com/,Fort Worth,TX
"Joyner Law Firm, P.C.",jr@joynerlawsc.com,+18432535316,https://www.joynerlawsc.com/,Cheraw,SC
Scozzaro Law LLC,scozzarolaw@gmail.com,+12056243367,https://www.scozzarolaw.com/,Helena,AL
Tomlinson & Prince,tprince@tprincelaw.com,+19098881000,http://tprincelaw.com/,San Bernardino,CA
Mark C Dewland P.C. Berlin N.J. Personal Injury Lawyer,markc.dewland@yahoo.com,+16094721377,https://markcdewland.com/,West Berlin,NJ
"Law Office of Lewis A. Armistead, Jr.",attorneyarmistead@armisteadlaw.com,+17742024210,http://armisteadlaw.com/,New Bedford,MA
"Blake Law Group, LLC",marcia@mpblawoffice.com,+12037640337,https://www.blakelawgroupct.com/,New Haven,CT
"SMB LAW, PC",shaneb@law-smb.com,+15125615004,https://law-smb.com/,Austin,TX
"Northern Valley Law, Winchester",atownsend@northernvalleylaw.com,+15403330330,https://www.kreitzerlaw.com/,Winchester,VA
Harry C. Palmer III. Attorney at Law,hpalmer.hclaw@gmail.com,+13054452424,https://www.hcpalmerlaw.com/,Coral Gables,FL
Tough Law Firm,info@toughlawfirm.net,+12816810808,https://toughlawfirm.net/,Spring,TX
Mulligan Attorneys PLLC,info@mulliganattorneys.com,+19107631100,https://www.mulliganattorneys.com/,Wilmington,NC
"McNeil Law Office, PLLC.",mcneillawoffice@bellsouth.net,+16017835800,https://www.mcneillawoffice.net/,Magnolia,MS
Duckett Bouligny & Collins,support@dbc-law.com,+19795436845,https://dbc-law.com/,El Campo,TX
Law Office of Samuel Reyes PLLC,rocio@attorneyreyes.com,+19564521723,https://www.attorneyreyes.com/,Edinburg,TX
"Universal Law Group, PLLC",info@ulg.law,+18327670339,https://ulg.law/,Houston,TX
Corson Law Offices LLC,info@corsonlaw.com,+15075338415,https://corsonlaw.com/,Preston,MN
Weldon Law Firm,wweldon@weldonlawfirm.com,+17069654007,https://weldonlawfirm.godaddysites.com/,Ringgold,GA
"Sermons Law, PLLC",info@sermonsfirm.com,+19045416492,https://sermonsfirm.com/,Orange Park,FL
Oronoz & Ericsson LLC,contact@oelawyers.com,+17028782889,https://oelawyers.com/,Las Vegas,NV
Smith Ammons Howle and Ricker,info@smithammonslaw.com,+18439002020,https://smithammonslaw.com/,Summerville,SC
Ribstein & Hogan Law Firm,rickribstein@sdakotalaw.com,+16056921818,https://sdakotalaw.com/,Brookings,SD
Ribstein & Hogan Law Firm,timhogan@sdakotalaw.com,+16056921818,https://sdakotalaw.com/,Brookings,SD
Abood Law Firm,carrie@aboodlaw.com,+12485490000,https://aboodlaw.com/,Birmingham,MI
LAW OFFICE OF LINDSAY DEMERS,Lindsay@ldemerslaw.com,+17748230524,https://ldemerslaw.com/,Gulf Shores,AL
Dire Wolves Legal Group,info@direwolveslegal.com,+15039245112,https://www.direwolveslegal.com/,West Palm Beach,FL
McCord Law,matt@mmccordlaw.com,+17706920261,https://matthewmccordlaw.com/,McDonough,GA
D'Agostino Law Firm,info@dagostinolawyers.com,+18035487959,https://dagostinolawyers.com/,York,SC
Crumbley-Blackwell-Price Attorneys,questions@crumbleylaw.com,+12565394464,https://crumbleylaw.com/,Athens,AL
"The Nunley Law Group, PLLC",info@nunleylawgroup.com,+15867784555,https://www.nunleylawgroup.com/,St Clair Shores,MI