business_name,email,phone,website,city,state
Bigger Garage Self-Storage,info@biggergarage.com,+12192616777,https://biggergarageselfstorage.selfstorageunitsnearby.com/all-locations,Carleton,MI
Tuckaway Storage Greenville,dan@foxvalleystorage.com,+19207338825,https://greenvillewistorage.com/,Greenville,WI
Lifetime Storage,info@mylifetimestorage.com,+12077070008,https://www.lifetimestorageme.com/,West Gardiner,ME
East Brownsburg Self Storage,info@freedomstoragemanagement.com,+14632007867,https://freedomstoragemanagement.com/,Brownsburg,IN
Stor-Mor Self Storage,torrance@stor-mor.com,+17146304011,https://stor-mor.com/,Cypress,CA
Stor-Mor Self Storage,cypress@stor-mor.com,+17146304011,https://stor-mor.com/,Cypress,CA
Stor-Mor Self Storage,anaheim@stor-mor.com,+17146304011,https://stor-mor.com/,Cypress,CA
Hilltop Self Storage,info@freedomstoragemanagement.com,+17176247867,https://freedomstoragemanagement.com/,New Oxford,PA
Essential Storage South Haven,custservice@chelsea-storage.com,+17344758888,https://essential-storage.com/,South Haven,MI
Essential Storage South Haven,custservice@essential-storage.com,+17344758888,https://essential-storage.com/,South Haven,MI
Essential Storage South Haven,info@dexter-storage.com,+17344758888,https://essential-storage.com/,South Haven,MI
Essential Storage South Haven,info@chelsea-storage.com,+17344758888,https://essential-storage.com/,South Haven,MI
"Store It Quick Storage Units In Dexter, MO",bluffselfstorage@gmail.com,+15736865599,https://www.storeitquick.com/,Dexter,MO
Superior Storage - East Bend,info@superiorstorage.com,+18005551234,https://www.superiorstorage.com/,East Bend,NC
MyPlace Self Storage,info@myplaceselfstorage.com,+16505551234,https://myplaceselfstorage.com/,Casa Grande,AZ
MyPlace Self Storage,info@myplaceselfstorage.com,+16505551234,https://myplaceselfstorage.com/,Lowell,NC
MyPlace Self Storage,info@myplaceselfstorage.com,+16505551234,https://myplaceselfstorage.com/,Clarksville,TN
MyPlace Self Storage,info@myplaceselfstorage.com,+16505551234,https://myplaceselfstorage.com/,Durham,NC
Superior Storage - Rural Hall,info@superiorstorage.com,+18005551234,https://www.superiorstorage.com/,Rural Hall,NC
Superior Storage - Jensen Beach,info@superiorstorage.com,+18005551234,https://www.superiorstorage.com/,Jensen Beach,FL
Superior Storage - Brunswick,info@superiorstorage.com,+18005551234,https://www.superiorstorage.com/,Brunswick,GA
Superior Storage - King,info@superiorstorage.com,+18005551234,https://www.superiorstorage.com/,King,NC
Superior Storage - Canton,info@superiorstorage.com,+18005551234,https://www.superiorstorage.com/,Canton,GA
Superior Storage - Kenosha,info@superiorstorage.com,+18005551234,https://www.superiorstorage.com/,Kenosha,WI
Superior Storage - Airport Blvd,info@superiorstorage.com,+18005551234,https://www.superiorstorage.com/,Bentonville,AR
MyPlace Self Storage,info@myplaceselfstorage.com,+16505551234,https://myplaceselfstorage.com/,Charlottesville,VA
MyPlace Self Storage,info@myplaceselfstorage.com,+16505551234,https://myplaceselfstorage.com/,Clarksville,TN
MyPlace Self Storage,info@myplaceselfstorage.com,+16505551234,https://myplaceselfstorage.com/,Asheboro,NC
MyPlace Self Storage,info@myplaceselfstorage.com,+16505551234,https://myplaceselfstorage.com/,Akron,OH
Superior Storage - Stutts Rd,info@superiorstorage.com,+18005551234,https://www.superiorstorage.com/,Mooresville,NC
MyPlace Self Storage,info@myplaceselfstorage.com,+16505551234,https://myplaceselfstorage.com/,Punta Gorda,FL
MyPlace Self Storage,info@myplaceselfstorage.com,+16505551234,https://myplaceselfstorage.com/,Camden,SC
Superior Storage - Shady Grove,info@superiorstorage.com,+18005551234,https://www.superiorstorage.com/,Springdale,AR
MyPlace Self Storage,info@myplaceselfstorage.com,+16505551234,https://myplaceselfstorage.com/,Camden,SC
Superior Storage - Hartland,info@superiorstorage.com,+18005551234,https://www.superiorstorage.com/,Hartland,WI
Superior Storage - Centerton,info@superiorstorage.com,+18005551234,https://www.superiorstorage.com/,Centerton,AR
MyPlace Self Storage,info@myplaceselfstorage.com,+16505551234,https://myplaceselfstorage.com/,Ruckersville,VA
MyPlace Self Storage,info@myplaceselfstorage.com,+16505551234,https://myplaceselfstorage.com/,Loganville,GA
Superior Storage - Fond du Lac,info@superiorstorage.com,+18005551234,https://www.superiorstorage.com/,Fond du Lac,WI
Pine Valley Storage,joey@pinevalleystorage.com,+12156768100,https://www.pinevalleystorage.com/,Philadelphia,PA
MyPlace Self Storage,info@myplaceselfstorage.com,+16505551234,https://myplaceselfstorage.com/,Fort Mill,SC
Superior Storage - Pleasant 1,info@superiorstorage.com,+18005551234,https://www.superiorstorage.com/,Springdale,AR
Superior Storage - Dobson,info@superiorstorage.com,+18005551234,https://www.superiorstorage.com/,Dobson,NC
Superior Storage - Farmington,info@superiorstorage.com,+18005551234,https://www.superiorstorage.com/,Farmington,AR
Superior Storage - Joyce Blvd,info@superiorstorage.com,+18005551234,https://www.superiorstorage.com/,Fayetteville,AR
MyPlace Self Storage,info@myplaceselfstorage.com,+16505551234,https://myplaceselfstorage.com/,Mt Dora,FL
MyPlace Self Storage,info@myplaceselfstorage.com,+16505551234,https://myplaceselfstorage.com/,Fort Mill,SC
Superior Storage - Trafalgar,info@superiorstorage.com,+18005551234,https://www.superiorstorage.com/,Bella Vista,AR
Superior Storage - Pleasant 2,info@superiorstorage.com,+18005551234,https://www.superiorstorage.com/,Springdale,AR
Superior Storage - Salisbury,info@superiorstorage.com,+18005551234,https://www.superiorstorage.com/,Salisbury,NC
Superior Storage - Madison,info@superiorstorage.com,+18005551234,https://www.superiorstorage.com/,Madison,WI
MyPlace Self Storage,info@myplaceselfstorage.com,+16505551234,https://myplaceselfstorage.com/,Monroe,GA
MyPlace Self Storage,info@myplaceselfstorage.com,+16505551234,https://myplaceselfstorage.com/,Chapel Hill,NC
Superior Storage - Oak St,info@superiorstorage.com,+18005551234,https://www.superiorstorage.com/,Springdale,AR
MyPlace Self Storage,info@myplaceselfstorage.com,+16505551234,https://myplaceselfstorage.com/,Fort Mill,SC
Superior Storage - Brawley School Rd,info@superiorstorage.com,+18005551234,https://www.superiorstorage.com/,Mooresville,NC
Superior Storage - Walton Blvd,info@superiorstorage.com,+18005551234,https://www.superiorstorage.com/,Bentonville,AR
Delmarva Storage Solutions,info@delmarvastoragesolutions.com,+13022003610,https://www.delmarvastoragesolutions.com/,Delmar,DE
Davidson Self Storage Warehouses,clc2013nc@yahoo.com,+17049560991,https://davidsonministorage.com/,Statesville,NC
Titan Self Storage - Port Arthur,TitanSelfStoreMM@gmail.com,+14099834571,http://titanselfstore.com/,Port Arthur,TX
Big Barn Storage,info@bigbarnstorage.com,+16084903592,https://www.bigbarnstorage.com/,Evansville,WI
Lock Tight Storage - Saginaw,locktightsaginaw@gmail.com,+19897939499,http://storageunitssaginawmi.com/,Saginaw,MI
Liberty Self Storage,info@libertyselfstorage.com,+18005551234,https://www.libertystorage.com/,Mandeville,LA
Liberty Self Storage,info@libertyselfstorage.com,+18005551234,https://www.libertystorage.com/,Covington,LA
Central Self Storage,mgmt@pegasusgroup.net,+18779029992,https://centralselfstorage.com/,Kansas City,MO
Garden Grove Secured Storage,info@totalstoragesolutions.com,+18005551234,https://totalstoragesolutions.com/,Garden Grove,CA
Central Self Storage,mgmt@pegasusgroup.net,+18779029992,https://centralselfstorage.com/,Chandler,AZ
ClearHome Self Storage,info@clearhomestorage.com,+18885551234,https://www.clearhomestorage.com/,Tulsa,OK
Five Star Storage,info@totalstoragesolutions.com,+18005551234,https://totalstoragesolutions.com/,Sherman,TX
Arizona Self Storage at Glendale,peoria@arizonaselfstorage.com,+18482731234,https://www.selfstoragesolutions.com/,Glendale,AZ
Arizona Self Storage at Glendale,tucson@arizonaselfstorage.com,+18482731234,https://www.selfstoragesolutions.com/,Glendale,AZ
Arizona Self Storage at Glendale,gilbert@arizonaselfstorage.com,+18482731234,https://www.selfstoragesolutions.com/,Glendale,AZ
Arizona Self Storage at Glendale,orovalley@arizonaselfstorage.com,+18482731234,https://www.selfstoragesolutions.com/,Glendale,AZ
Arizona Self Storage at Glendale,queencreek@arizonaselfstorage.com,+18482731234,https://www.selfstoragesolutions.com/,Glendale,AZ
Arizona Self Storage at Glendale,sahuarita@arizonaselfstorage.com,+18482731234,https://www.selfstoragesolutions.com/,Glendale,AZ
Arizona Self Storage at Glendale,glendale@arizonaselfstorage.com,+18482731234,https://www.selfstoragesolutions.com/,Glendale,AZ
Arizona Self Storage at Glendale,litchfieldpark@arizonaselfstorage.com,+18482731234,https://www.selfstoragesolutions.com/,Glendale,AZ
Central Self Storage,mgmt@pegasusgroup.net,+18779029992,https://centralselfstorage.com/,Corte Madera,CA
Rockwell Self Storage,info@totalstoragesolutions.com,+18005551234,https://totalstoragesolutions.com/,South Salt Lake,UT
ClearHome Self Storage,info@clearhomestorage.com,+18885551234,https://www.clearhomestorage.com/,Collierville,TN
Five Star Storage,info@fivestarstorage.com,+15072814318,https://www.fivestarstorage.biz/,Rochester,MN
Central Self Storage,mgmt@pegasusgroup.net,+18779029992,https://centralselfstorage.com/,Kansas City,KS
Central Self Storage,mgmt@pegasusgroup.net,+18779029992,https://centralselfstorage.com/,Daly City,CA
Arcadia 210 Self Storage,info@totalstoragesolutions.com,+18005551234,https://totalstoragesolutions.com/,Arcadia,CA
Five Star Storage - Whitesboro,info@totalstoragesolutions.com,+18005551234,https://totalstoragesolutions.com/,Whitesboro,TX
AAA Self Storage,info@totalstoragesolutions.com,+18005551234,https://totalstoragesolutions.com/,Huntington Beach,CA
Airport Mini Storage,info@totalstoragesolutions.com,+18005551234,https://totalstoragesolutions.com/,Riverside,CA
Central Self Storage,mgmt@pegasusgroup.net,+18779029992,https://centralselfstorage.com/,Star,ID
Central Self Storage,mgmt@pegasusgroup.net,+18779029992,https://centralselfstorage.com/,Pacheco,CA
River Crossing Self Storage,info@totalstoragesolutions.com,+18005551234,https://totalstoragesolutions.com/,Avondale,AZ
All American City Self Storage,info@totalstoragesolutions.com,+18005551234,https://totalstoragesolutions.com/,DeSoto,TX
Central Self Storage,mgmt@pegasusgroup.net,+18779029992,https://centralselfstorage.com/,Boise,ID
Townsend Self Storage,info@totalstoragesolutions.com,+18005551234,https://totalstoragesolutions.com/,Santa Ana,CA
King Arthur Self Storage,info@totalstoragesolutions.com,+18005551234,https://totalstoragesolutions.com/,West Jordan,UT
Rainier View Storage,info@daffodilstorage.com,+12065551234,https://daffodilstorage.com/,Buckley,WA
Public Storage,mgmt@pegasusgroup.net,+18779029992,https://centralselfstorage.com/,Glendale,AZ
Five Star Storage,info@fivestarstorage.com,+15072000901,https://www.fivestarstorage.biz/,Rochester,MN
ClearHome Self Storage,info@clearhomestorage.com,+18885551234,https://www.clearhomestorage.com/,Collierville,TN
Central Self Storage,mgmt@pegasusgroup.net,+18779029992,https://centralselfstorage.com/,Glendale,AZ
Instorage Self Storage,info@totalstoragesolutions.com,+18005551234,https://totalstoragesolutions.com/,Rancho Palos Verdes,CA
Tucson Self Storage,info@totalstoragesolutions.com,+18005551234,https://totalstoragesolutions.com/,Tucson,AZ
Central Self Storage,mgmt@pegasusgroup.net,+18779029992,https://centralselfstorage.com/,Mesa,AZ
Central Self Storage,mgmt@pegasusgroup.net,+18779029992,https://centralselfstorage.com/,Belton,MO
Bloomington Self Storage,info@thestoragemanager.com,+12172926600,https://rentselfstoragehere.com/,Bloomington,IL
Storage Depot,info@totalstoragesolutions.com,+18005551234,https://totalstoragesolutions.com/,Murray,UT
Central Self Storage,mgmt@pegasusgroup.net,+18779029992,https://centralselfstorage.com/,Kaneohe,HI
El Monte Stor It Now,info@totalstoragesolutions.com,+18005551234,https://totalstoragesolutions.com/,El Monte,CA
Placentia Self Storage,info@totalstoragesolutions.com,+18005551234,https://totalstoragesolutions.com/,Placentia,CA
MyPlace Self Storage,info@myplaceselfstorage.com,+16505551234,https://myplaceselfstorage.com/,Houston,TX
Instorage Self Storage,info@totalstoragesolutions.com,+18005551234,https://totalstoragesolutions.com/,Costa Mesa,CA
ClearHome Self Storage,info@clearhomestorage.com,+18885551234,https://www.clearhomestorage.com/,Columbus,OH
Instorage Self Storage,info@totalstoragesolutions.com,+18005551234,https://totalstoragesolutions.com/,Stanton,CA
Daffodil Storage,info@daffodilstorage.com,+12065551234,https://daffodilstorage.com/,Milton,WA
ClearHome Self Storage,info@clearhomestorage.com,+18885551234,https://www.clearhomestorage.com/,Oklahoma City,OK
Arrowhead Self Storage,info@totalstoragesolutions.com,+18005551234,https://totalstoragesolutions.com/,Rimforest,CA
ClearHome Self Storage,info@clearhomestorage.com,+18885551234,https://www.clearhomestorage.com/,Longmont,CO
Five Star Storage,info@totalstoragesolutions.com,+18005551234,https://totalstoragesolutions.com/,Denison,TX
College Town Storage - Holly Springs,support@collegetownstoragecompany.com,+16625062770,https://collegetownstoragecompany.com/,Holly Springs,MS
ClearHome Self Storage,info@clearhomestorage.com,+18885551234,https://www.clearhomestorage.com/,Lakeland,FL
ClearHome Self Storage,info@clearhomestorage.com,+18885551234,https://www.clearhomestorage.com/,Shelby Township,MI
Public Storage,mgmt@pegasusgroup.net,+18779029992,https://centralselfstorage.com/,Island Park,NY
Central Self Storage,mgmt@pegasusgroup.net,+18779029992,https://centralselfstorage.com/,Mesa,AZ
Nearby Storage Kaukauna,info@nearbystoragewi.com,+19204226622,https://www.nearbystoragekaukauna.com/,Kaukauna,WI
Beaumont Self Storage,info@totalstoragesolutions.com,+18005551234,https://totalstoragesolutions.com/,Beaumont,CA
Ygnacio Valley Self-Storage,mgmt@pegasusgroup.net,+18779029992,https://centralselfstorage.com/,Concord,CA
ClearHome Self Storage,info@clearhomestorage.com,+18885551234,https://www.clearhomestorage.com/,Mary Esther,FL
Daffodil Storage,info@daffodilstorage.com,+12065551234,https://daffodilstorage.com/,Puyallup,WA
ClearHome Self Storage,info@clearhomestorage.com,+18885551234,https://www.clearhomestorage.com/,Shelby,NC
ClearHome Self Storage,info@clearhomestorage.com,+18885551234,https://www.clearhomestorage.com/,Walkertown,NC
ClearHome Self Storage,info@clearhomestorage.com,+18885551234,https://www.clearhomestorage.com/,Loveland,CO
Public Storage,mgmt@pegasusgroup.net,+18779029992,https://centralselfstorage.com/,San Jose,CA
GOT Storage,info@totalstoragesolutions.com,+18005551234,https://totalstoragesolutions.com/,Layton,UT
Central Self Storage,mgmt@pegasusgroup.net,+18779029992,https://centralselfstorage.com/,Platte City,MO
Citrus Plaza Self Storage,info@totalstoragesolutions.com,+18005551234,https://totalstoragesolutions.com/,Fallbrook,CA
ClearHome Self Storage,info@clearhomestorage.com,+18885551234,https://www.clearhomestorage.com/,Mulberry,FL
Central Self Storage,mgmt@pegasusgroup.net,+18779029992,https://centralselfstorage.com/,Lafayette,CA
Central Self Storage,mgmt@pegasusgroup.net,+18779029992,https://centralselfstorage.com/,Alameda,CA
ClearHome Self Storage,info@clearhomestorage.com,+18885551234,https://www.clearhomestorage.com/,Comstock Park,MI
Rainier View Storage Meridian,info@daffodilstorage.com,+12065551234,https://daffodilstorage.com/,Puyallup,WA
Five Star Storage,info@fivestarstorage.com,+14066706193,https://www.fivestarstorage.biz/,Billings,MT
Riverside Self Storage,info@totalstoragesolutions.com,+18005551234,https://totalstoragesolutions.com/,Riverside,CA
Foothill Mini Storage,info@totalstoragesolutions.com,+18005551234,https://totalstoragesolutions.com/,Arcadia,CA
Normal Self Storage,info@thestoragemanager.com,+13094521213,https://rentselfstoragehere.com/,Normal,IL
ClearHome Self Storage,info@clearhomestorage.com,+18885551234,https://www.clearhomestorage.com/,Pensacola,FL
Palmyra Mini Storage,info@totalstoragesolutions.com,+18005551234,https://totalstoragesolutions.com/,Orange,CA
E Street Self Storage,info@totalstoragesolutions.com,+18005551234,https://totalstoragesolutions.com/,San Bernardino,CA
Spencer Mini-Storage,info@totalstoragesolutions.com,+18005551234,https://totalstoragesolutions.com/,La Porte,TX
Central Self Storage,mgmt@pegasusgroup.net,+18779029992,https://centralselfstorage.com/,Caldwell,ID
Public Storage,mgmt@pegasusgroup.net,+18779029992,https://centralselfstorage.com/,Merced,CA
Security Pro Self Storage,info@totalstoragesolutions.com,+18005551234,https://totalstoragesolutions.com/,Salt Lake City,UT
Central Self Storage,mgmt@pegasusgroup.net,+18779029992,https://centralselfstorage.com/,Rohnert Park,CA
Central Self Storage,mgmt@pegasusgroup.net,+18779029992,https://centralselfstorage.com/,Olathe,KS
Watson & Taylor Self Storage,lewisville@steelcreekss.com,+19034548007,https://www.steelcreekselfstorage.com/,Austin,TX
Watson & Taylor Self Storage,greenville@steelcreekss.com,+19034548007,https://www.steelcreekselfstorage.com/,Austin,TX
Watson & Taylor Self Storage,wt-littleyork@steelcreekmgmt.com,+19034548007,https://www.steelcreekselfstorage.com/,Austin,TX
Public Storage,mgmt@pegasusgroup.net,+18779029992,https://centralselfstorage.com/,Glendale,AZ
Crenshaw Self Storage,info@totalstoragesolutions.com,+18005551234,https://totalstoragesolutions.com/,Los Angeles,CA
Allsize Storage,info@totalstoragesolutions.com,+18005551234,https://totalstoragesolutions.com/,San Clemente,CA
River Crossing Self Storage,info@totalstoragesolutions.com,+18005551234,https://totalstoragesolutions.com/,Goodyear,AZ
Tri City Storage,info@totalstoragesolutions.com,+18005551234,https://totalstoragesolutions.com/,Riverside,CA
Studebaker Self Storage,info@totalstoragesolutions.com,+18005551234,https://totalstoragesolutions.com/,Long Beach,CA
ClearHome Self Storage,info@clearhomestorage.com,+18885551234,https://www.clearhomestorage.com/,Tucson,AZ
Jefferson Self Storage,info@totalstoragesolutions.com,+18005551234,https://totalstoragesolutions.com/,Murrieta,CA
Bethel Self Storage Park,manager@bethelselfstoragepark.com,+18455836626,https://www.bethelselfstoragepark.com/,Bethel,NY
ClearHome Self Storage,info@clearhomestorage.com,+18885551234,https://www.clearhomestorage.com/,Blue Island,IL
Rainier View Storage,info@daffodilstorage.com,+12065551234,https://daffodilstorage.com/,Lacey,WA
Allsize Self Storage,info@totalstoragesolutions.com,+18005551234,https://totalstoragesolutions.com/,Laguna Niguel,CA
Five Star Storage,info@totalstoragesolutions.com,+18005551234,https://totalstoragesolutions.com/,Van Alstyne,TX
ClearHome Self Storage,info@clearhomestorage.com,+18885551234,https://www.clearhomestorage.com/,Howard,WI
Best RV & Self Storage,info@totalstoragesolutions.com,+18005551234,https://totalstoragesolutions.com/,Whittier,CA
ClearHome Self Storage,info@clearhomestorage.com,+18885551234,https://www.clearhomestorage.com/,Hickory,NC
Aware Self Storage,info@totalstoragesolutions.com,+18005551234,https://totalstoragesolutions.com/,Banning,CA
Border Self Storage,info@totalstoragesolutions.com,+18005551234,https://totalstoragesolutions.com/,Yuma,AZ
ClearHome Self Storage,info@clearhomestorage.com,+18885551234,https://www.clearhomestorage.com/,Mary Esther,FL
Public Storage,mgmt@pegasusgroup.net,+18779029992,https://centralselfstorage.com/,Meridian,ID
Public Storage,mgmt@pegasusgroup.net,+18779029992,https://centralselfstorage.com/,Antioch,CA
Public Storage,mgmt@pegasusgroup.net,+18779029992,https://centralselfstorage.com/,Fairfield,CA
Central Self Storage,mgmt@pegasusgroup.net,+18779029992,https://centralselfstorage.com/,Olathe,KS
Central Self Storage,mgmt@pegasusgroup.net,+18779029992,https://centralselfstorage.com/,Tempe,AZ
Storage Centers,info@totalstoragesolutions.com,+18005551234,https://totalstoragesolutions.com/,San Dimas,CA
ClearHome Self Storage,info@clearhomestorage.com,+18885551234,https://www.clearhomestorage.com/,Mary Esther,FL
Rainier View Storage Orting,info@daffodilstorage.com,+12065551234,https://daffodilstorage.com/,Puyallup,WA
Central Self Storage,mgmt@pegasusgroup.net,+18779029992,https://centralselfstorage.com/,Phoenix,AZ
Urbana Secure Self Storage,info@thestoragemanager.com,+12173441800,https://rentselfstoragehere.com/,Urbana,IL
Public Storage,mgmt@pegasusgroup.net,+18779029992,https://centralselfstorage.com/,Mililani,HI
ClearHome Menifee Ranch Self Storage & RV,info@clearhomestorage.com,+18885551234,https://www.clearhomestorage.com/,Menifee,CA
Central Self Storage,mgmt@pegasusgroup.net,+18779029992,https://centralselfstorage.com/,Vallejo,CA
Western States Self Storage,info@totalstoragesolutions.com,+18005551234,https://totalstoragesolutions.com/,Moreno Valley,CA
MyPlace Self Storage,info@myplaceselfstorage.com,+16505551234,https://myplaceselfstorage.com/,Asheville,NC
Greencastle Mini Self Storage,info@freedomstoragemanagement.com,+12237667867,https://freedomstoragemanagement.com/,Greencastle,PA
MyPlace Self Storage,info@myplaceselfstorage.com,+16505551234,https://myplaceselfstorage.com/,Brighton,CO
MyPlace Self Storage,info@myplaceselfstorage.com,+16505551234,https://myplaceselfstorage.com/,Sugar Land,TX
Barr Storage & Warehousing,selfstorage@barrinc.com,+19202302600,https://www.barrstorage.com/,Oshkosh,WI
ClimaStor Self Storage - Bluebonnet,westmonroe@climastor.com,+13183969437,https://www.climastor.com/,Baton Rouge,LA
Lighthouse Self Storage - Whittier,Westminster@lighthousestorage.com,+17605477006,https://www.lighthousestorage.com/,Whittier,CA
Lighthouse Self Storage - Whittier,norco@lighthousestorage.com,+17605477006,https://www.lighthousestorage.com/,Whittier,CA
Lighthouse Self Storage - Whittier,Coopercity@lighthousestorage.com,+17605477006,https://www.lighthousestorage.com/,Whittier,CA
Lighthouse Self Storage - Whittier,Oceanside@lighthousestorage.com,+17605477006,https://www.lighthousestorage.com/,Whittier,CA
Lighthouse Self Storage - Whittier,Whittier@lighthousestorage.com,+17605477006,https://www.lighthousestorage.com/,Whittier,CA
Lighthouse Self Storage - Whittier,Ftlauderdale@lighthousestorage.com,+17605477006,https://www.lighthousestorage.com/,Whittier,CA
Swansboro Self Storage,info@freedomstoragemanagement.com,+12525157867,https://freedomstoragemanagement.com/,Swansboro,NC
A Schillinger Self Storage,manager@beststorehouse.com,+12516330104,https://www.beststorehouse.com/,Mobile,AL
MyPlace Self Storage,info@myplaceselfstorage.com,+16505551234,https://myplaceselfstorage.com/,Pflugerville,TX
MyPlace Self Storage,info@myplaceselfstorage.com,+16505551234,https://myplaceselfstorage.com/,Dallas,TX
Storage on 7th,Leasing@storageon7th.com,+15072600436,https://www.storageon7th.com/,Faribault,MN
Dependable Storage,dependablestorageunits@gmail.com,+19893919642,http://dependablestorageunits.com/,Bay City,MI
MyPlace Self Storage,info@myplaceselfstorage.com,+16505551234,https://myplaceselfstorage.com/,Bethlehem,GA
Storage Elevated,manager@storageelevated.com,+14353334400,https://storageelevated.com/,Park City,UT
Beaumont RV and Self Storage,info@totalstoragesolutions.com,+18005551234,https://totalstoragesolutions.com/,Beaumont,CA
MyPlace Self Storage,info@myplaceselfstorage.com,+16505551234,https://myplaceselfstorage.com/,Auburn,GA
Access Storage,accessstoragekerr@outlook.com,+18307924141,https://accessastorage.com/,Kerrville,TX
Short North Storage,info@shortnorthstorage.com,+16147325672,https://www.shortnorthstorage.com/,Columbus,OH
Premier Storage,premierstoragellc@gmail.com,+13612261884,https://www.premierstoragellc.com/,Aransas Pass,TX
Renner Storage,trt@alliancecom.net,+16053596085,https://www.rennerstorage.com/,Renner,SD
Big Red Barn Self Storage | Temple,barn7@brbtx.com,+12542910439,https://www.bigredbarnselfstorage.com/,Temple,TX
Big Red Barn Self Storage | Temple,barn5@brbtx.com,+12542910439,https://www.bigredbarnselfstorage.com/,Temple,TX
Big Red Barn Self Storage | Temple,barn1@brbtx.com,+12542910439,https://www.bigredbarnselfstorage.com/,Temple,TX
Big Red Barn Self Storage | Temple,barn3@brbtx.com,+12542910439,https://www.bigredbarnselfstorage.com/,Temple,TX
Big Red Barn Self Storage | Temple,barn2@brbtx.com,+12542910439,https://www.bigredbarnselfstorage.com/,Temple,TX
Big Red Barn Self Storage | Temple,barn4@brbtx.com,+12542910439,https://www.bigredbarnselfstorage.com/,Temple,TX
Big Red Barn Self Storage | Temple,barn6@brbtx.com,+12542910439,https://www.bigredbarnselfstorage.com/,Temple,TX
Storage Junction,info@storagejunction.com,+18552297142,https://www.storagejunction.com/,Genoa City,WI
Greenwood Storage Place - Self Storage Units Greenwood IN,store@greenwoodstorageplace.com,+13178824979,http://greenwoodstorageplace.com/,Greenwood,IN
BS Self Storage - Long Prairie,ben_schultz91@hotmail.com,+13202320625,http://bsselfstorage.com/,Long Prairie,MN
Gettysburg Self-Storage,info@freedomstoragemanagement.com,+17173347867,https://freedomstoragemanagement.com/,Gettysburg,PA
Reliable Storage - Bremerton Fairgrounds,kingston@reliablestorage.com,+12068428781,https://www.reliablestorage.com/,Bremerton,WA
Reno Highway Storage - Fallon NV,contact@shieldstorage.com,+14088888888,https://www.shieldstorage.com/,Fallon,NV
Top Self Storage - North Lauderdale,top1@topselfstorage.com,+15612104917,https://www.topselfstorage.com/,Fort Lauderdale,FL
Top Self Storage - North Lauderdale,top4@topselfstorage.com,+15612104917,https://www.topselfstorage.com/,Fort Lauderdale,FL
Elite Storage,erin@elitestorage.llc,+12086565855,http://elitestoragerexburg.com/,Rexburg,ID
AAA Storage Pflugerville,aaastorageroundrock@gmail.com,+15123100001,https://www.aaastoragetx.com/,Pflugerville,TX
One Box Storage,info@oneboxstorage.com,+18124121209,https://oneboxstorage.com/,Evansville,IN
Route 30 Self Storage,info@freedomstoragemanagement.com,+17178480001,https://freedomstoragemanagement.com/,York,PA
Reliable Storage - Bainbridge Island,kingston@reliablestorage.com,+12068428781,https://www.reliablestorage.com/,Bainbridge Island,WA
American Mini Warehouses LLC,madisonwistorage@gmail.com,+16085123817,https://madisonwistorage.com/,Madison,WI
Rocket Shell Self Storage & Portable Storage,support@rocketshell.net,+18888112212,https://www.rocketshell.net/,Winchester,CA
Greenville Self Storage,ArenaVenturesLLC@gmail.com,+17246387505,https://storagegreenvillepa.com/,Greenville,PA
Chambersburg Mini Self Storage,info@freedomstoragemanagement.com,+17177537867,https://freedomstoragemanagement.com/,Chambersburg,PA
A-Affordable Storage,affordablestoragellp@gmail.com,+13374788030,https://www.affordablestoragellp.com/,Lake Charles,LA
Mac's Self Storage - China Spring,ChinaSpringManager@macsselfstorage.com,+12548361043,http://macsselfstorage.com/,China Spring,TX
Storage One Self Storage,Waterford@storage-one.com,+18106876666,http://storage-one.com/,Clio,MI
Storage One Self Storage,Clio@storage-one.com,+18106876666,http://storage-one.com/,Clio,MI
A1 U Store It,ustoreit800whd@gmail.com,+12179787694,https://www.a1ustoreit.com/,St. Louis,MO
A1 U Store It,a1ustoreithwyk@gmail.com,+12179787694,https://www.a1ustoreit.com/,St. Louis,MO
StorageMax Metro Center,smbr@stomax.com,+12253257545,https://www.stomax.com/,Jackson,MS
Columbine Mini Storage,columbineministorage@gmail.com,+13039733300,https://www.columbineministorage.com/,Littleton,CO
Shield Storage,contact@shieldstorage.com,+14088888888,https://www.shieldstorage.com/,Fallon,NV
Advantage Mini Storage,my.ams.pc@gmail.com,+13342978132,http://advantageministorageal.com/,Phenix City,AL
Arizona Self Storage,peoria@arizonaselfstorage.com,+18482731234,https://www.selfstoragesolutions.com/,Tucson,AZ
Arizona Self Storage,tucson@arizonaselfstorage.com,+18482731234,https://www.selfstoragesolutions.com/,Tucson,AZ
Arizona Self Storage,gilbert@arizonaselfstorage.com,+18482731234,https://www.selfstoragesolutions.com/,Tucson,AZ
Arizona Self Storage,orovalley@arizonaselfstorage.com,+18482731234,https://www.selfstoragesolutions.com/,Tucson,AZ
Arizona Self Storage,queencreek@arizonaselfstorage.com,+18482731234,https://www.selfstoragesolutions.com/,Tucson,AZ
Arizona Self Storage,sahuarita@arizonaselfstorage.com,+18482731234,https://www.selfstoragesolutions.com/,Tucson,AZ
Arizona Self Storage,glendale@arizonaselfstorage.com,+18482731234,https://www.selfstoragesolutions.com/,Tucson,AZ
Arizona Self Storage,litchfieldpark@arizonaselfstorage.com,+18482731234,https://www.selfstoragesolutions.com/,Tucson,AZ
StorageMax Luckney,smbr@stomax.com,+12253257545,https://www.stomax.com/,Brandon,MS
East Columbus Self Storage,info@freedomstoragemanagement.com,+17068017867,https://freedomstoragemanagement.com/,Columbus,GA
StorageMax Tupelo 4850 Cliff Gookin,smbr@stomax.com,+12253257545,https://www.stomax.com/,Tupelo,MS
MyPlace Self Storage,info@myplaceselfstorage.com,+16505551234,https://myplaceselfstorage.com/,Palm Bay,FL
Reliable Storage - Kingston,kingston@reliablestorage.com,+12068428781,https://www.reliablestorage.com/,Kingston,WA
Airport Storage Montrose by Southern Star Self Storage,help@southernstarstorage.com,+18445678673,https://www.southernstarstorage.com/,Montrose,CO
Airport Storage Montrose by Southern Star Self Storage,tparrack@southernstarstorage.com,+18445678673,https://www.southernstarstorage.com/,Montrose,CO
Airport Storage Montrose by Southern Star Self Storage,Angela@southernstarstorage.com,+18445678673,https://www.southernstarstorage.com/,Montrose,CO
ULock-It Self Storage,info@ulockitonline.com,+15123212370,https://www.ulockitonline.com/,Cedar Creek,TX
Space Shop Self Storage,info@spaceshopselfstorage.com,+12345678901,https://www.spaceshopselfstorage.com/,Covington,GA
Reliable Storage - Poulsbo,kingston@reliablestorage.com,+12068428781,https://www.reliablestorage.com/,Poulsbo,WA
Blandon Self-Storage,Contact@blandonss.com,+16109161003,https://www.blandonselfstorage.com/,Reading,PA
Liberty Storage,capitolbuilders2011@gmail.com,+12176792407,http://libertystoragespringfield.com/,Springfield,IL
Mobile Me Moving And Portable Storage,mobilememoving@gmail.com,+15302151111,https://www.mobilememoving.com/,Redding,CA
Susquehanna Valley Self Storage,info@freedomstoragemanagement.com,+17179327867,https://freedomstoragemanagement.com/,Lewisberry,PA
Waynesboro Self Storage,info@freedomstoragemanagement.com,+17177887867,https://freedomstoragemanagement.com/,Waynesboro,PA
ClimaStor Self Storage - Perkins,westmonroe@climastor.com,+13183969437,https://www.climastor.com/,Baton Rouge,LA
Storage Masters - South Shores,chesterfield@storagemasters.net,+16366140280,https://www.storagemasters.net/,Decatur,IL
Storage Masters - South Shores,ofallon@storagemasters.net,+16366140280,https://www.storagemasters.net/,Decatur,IL
Storage Masters - South Shores,mtzion@storagemasters.net,+16366140280,https://www.storagemasters.net/,Decatur,IL
Glacier West Self Storage,info@glacierweststorage.com,+14253450000,https://www.glacierwestselfstorage.com/,Vancouver,WA
Budget Storage,info@budgetstoragecolumbus.com,+16142361278,https://budgetstoragecolumbus.com/,Blacklick,OH
Freedom Self Storage Manhattan,info@freedomstoragemanagement.com,+17857897867,https://freedomstoragemanagement.com/,Manhattan,KS
Stor All Self Storage,info@storall.com,+18005551234,http://sastorage.com/,Louisville,KY
Broken Arrow Storage,info@atomicstoragegroup.com,+13039481368,https://thestorageadvantage.com/,Broken Arrow,OK
iBox Self Storage | Murphy Creek,info@iboxselfstorage.com,+13033414462,https://www.iboxselfstorage.com/,Aurora,CO
Norfolk Self Storage,info@freedomstoragemanagement.com,+17579297867,https://freedomstoragemanagement.com/,Norfolk,VA
Steelcreek Storage Lewisville,lewisville@steelcreekss.com,+19034548007,https://www.steelcreekselfstorage.com/,Lewisville,TX
Steelcreek Storage Lewisville,greenville@steelcreekss.com,+19034548007,https://www.steelcreekselfstorage.com/,Lewisville,TX
Steelcreek Storage Lewisville,wt-littleyork@steelcreekmgmt.com,+19034548007,https://www.steelcreekselfstorage.com/,Lewisville,TX
Must Stash It,owner@must-stash-it.com,+15852040034,https://www.must-stash-it.com/,Canandaigua,NY
Space Shop Self Storage,info@spaceshopselfstorage.com,+12345678901,https://www.spaceshopselfstorage.com/,Mentor,OH
Hi-Tech Self Storage,hitechselfstorageutah@gmail.com,+18013944400,http://hitechselfstorage.com/,Ogden,UT
Dupo Self Storage,info@freedomstoragemanagement.com,+16189477867,https://freedomstoragemanagement.com/,Dupo,IL
Storage Masters - Woodford,chesterfield@storagemasters.net,+16366140280,https://www.storagemasters.net/,Decatur,IL
Storage Masters - Woodford,ofallon@storagemasters.net,+16366140280,https://www.storagemasters.net/,Decatur,IL
Storage Masters - Woodford,mtzion@storagemasters.net,+16366140280,https://www.storagemasters.net/,Decatur,IL
Exeter Self Storage,info@freedomstoragemanagement.com,+16105824040,https://freedomstoragemanagement.com/,Reading,PA
Briggs Self Storage,info@briggsselfstorage.com,+16146862902,https://www.briggsselfstorage.com/,Columbus,OH
Storage Zone Self Storage and Business Centers,support@storagezone.com,+14078675321,https://mystoragezone.com/,Longwood,FL
Storage Zone Self Storage and Business Centers,info@warnerrobinsstoragezone.com,+14078675321,https://mystoragezone.com/,Longwood,FL
Storage Zone Self Storage and Business Centers,info@delraybeachstoragezone.com,+14078675321,https://mystoragezone.com/,Longwood,FL
Storage Zone Self Storage and Business Centers,info@storagezone.com,+14078675321,https://mystoragezone.com/,Longwood,FL
Storage Zone Self Storage and Business Centers,sales@storagezone.com,+14078675321,https://mystoragezone.com/,Longwood,FL
Storage Zone Self Storage and Business Centers,info@bradentonstoragezone.com,+14078675321,https://mystoragezone.com/,Longwood,FL
Storage Zone Self Storage and Business Centers,info@greenwoodstoragezone.com,+14078675321,https://mystoragezone.com/,Longwood,FL
Storage Zone Self Storage and Business Centers,info@tiftonstoragezone.com,+14078675321,https://mystoragezone.com/,Longwood,FL
Storage Zone Self Storage and Business Centers,customerservice@storagezone.com,+14078675321,https://mystoragezone.com/,Longwood,FL
Storage Zone Self Storage and Business Centers,info@gainesvillestoragezone.com,+14078675321,https://mystoragezone.com/,Longwood,FL
Storage Zone Self Storage and Business Centers,info@hephzibahstoragezone.com,+14078675321,https://mystoragezone.com/,Longwood,FL
Storage Zone Self Storage and Business Centers,info@avonparkstoragezone.com,+14078675321,https://mystoragezone.com/,Longwood,FL
Storage Zone Self Storage and Business Centers,info@longwoodstoragezone.com,+14078675321,https://mystoragezone.com/,Longwood,FL
Storage Zone Self Storage and Business Centers,info@newberrystoragezone.com,+14078675321,https://mystoragezone.com/,Longwood,FL
Storage Zone Self Storage and Business Centers,info@tallahasseestoragezone.com,+14078675321,https://mystoragezone.com/,Longwood,FL
Storage Zone Self Storage and Business Centers,info@lakealesstoragezone.com,+14078675321,https://mystoragezone.com/,Longwood,FL
Storage Zone Self Storage and Business Centers,info@jacksonvillestoragezone.com,+14078675321,https://mystoragezone.com/,Longwood,FL
Storage Zone Self Storage and Business Centers,contact@storagezone.com,+14078675321,https://mystoragezone.com/,Longwood,FL
Storage Zone Self Storage and Business Centers,info@davenportstoragezone.com,+14078675321,https://mystoragezone.com/,Longwood,FL
Storage Zone Self Storage and Business Centers,info@lakehamiltonstoragezone.com,+14078675321,https://mystoragezone.com/,Longwood,FL
Storage Zone Self Storage and Business Centers,info@greenvillesstoragezone.com,+14078675321,https://mystoragezone.com/,Longwood,FL
Storage Zone Self Storage and Business Centers,info@lakelandstoragezone.com,+14078675321,https://mystoragezone.com/,Longwood,FL
Storage Zone Self Storage and Business Centers,info@delandstoragezone.com,+14078675321,https://mystoragezone.com/,Longwood,FL
Storage Zone Self Storage and Business Centers,info@atlanticbeachstoragezone.com,+14078675321,https://mystoragezone.com/,Longwood,FL
Storage Zone Self Storage and Business Centers,info@augustastoragezone.com,+14078675321,https://mystoragezone.com/,Longwood,FL
Brock Self Storage,office@brockselfstorage.net,+18439600070,https://www.brockselfstorage.net/,Myrtle Beach,SC
Chelsea Self Storage,custservice@chelsea-storage.com,+17344758888,https://essential-storage.com/,Chelsea,MI
Chelsea Self Storage,custservice@essential-storage.com,+17344758888,https://essential-storage.com/,Chelsea,MI
Chelsea Self Storage,info@dexter-storage.com,+17344758888,https://essential-storage.com/,Chelsea,MI
Chelsea Self Storage,info@chelsea-storage.com,+17344758888,https://essential-storage.com/,Chelsea,MI
"COME AND STORE IT, LLC Storage & Shops",ComeAndStoreIt@gmail.com,+13615500632,https://www.comeandstoreit.com/,Victoria,TX
Stoughton Self Storage LLC,madisonwistorage@gmail.com,+16085123817,https://madisonwistorage.com/,Stoughton,WI
Stuff Safe Secure Storage,info-bp@bpdmanagement.com,+18303538583,http://stuffsafesecurestorage.com/,Kerrville,TX
Waldorf Maryland Self Storage,info@freedomstoragemanagement.com,+13018187867,https://freedomstoragemanagement.com/,Waldorf,MD
Amazing Spaces Storage Centers,holcombe@amazingspaces.com,+12816028942,https://amazingspaces.com/,Shenandoah,TX
Amazing Spaces Storage Centers,louetta@amazingspaces.com,+12816028942,https://amazingspaces.com/,Shenandoah,TX
Amazing Spaces Storage Centers,springwoods@amazingspaces.com,+12816028942,https://amazingspaces.com/,Shenandoah,TX
Amazing Spaces Storage Centers,greenway@amazingspaces.com,+12816028942,https://amazingspaces.com/,Shenandoah,TX
Amazing Spaces Storage Centers,fm2978@amazingspaces.com,+12816028942,https://amazingspaces.com/,Shenandoah,TX
Amazing Spaces Storage Centers,woodlands@amazingspaces.com,+12816028942,https://amazingspaces.com/,Shenandoah,TX
Where U-Store-It,info@thestoragemanager.com,+16185322499,https://rentselfstoragehere.com/,Centralia,IL
"Bluff Self Storage - RV, Camper, Boat & Mini Storage",bluffselfstorage@gmail.com,+15736865599,https://www.storeitquick.com/,Poplar Bluff,MO
Standard Storage Co - Grand Forks,Bison@statestoragegroup.com,+17017072166,http://standardstorageco.com/,Grand Forks,ND
Standard Storage Co - Grand Forks,info@standardstorageco.com,+17017072166,http://standardstorageco.com/,Grand Forks,ND
Malden Mini Storage,bluffselfstorage@gmail.com,+15736865599,https://www.storeitquick.com/,Malden,MO
Quincy Storage (Mont Alto),storage@qwmastorage.com,+17178648537,https://qwmastorage.com/,Waynesboro,PA
U-Store-It,info@thestoragemanager.com,+13098376434,https://rentselfstoragehere.com/,Macomb,IL
Arizona Self Storage at Oro Valley,peoria@arizonaselfstorage.com,+18482731234,https://www.selfstoragesolutions.com/,Oro Valley,AZ
Arizona Self Storage at Oro Valley,tucson@arizonaselfstorage.com,+18482731234,https://www.selfstoragesolutions.com/,Oro Valley,AZ
Arizona Self Storage at Oro Valley,gilbert@arizonaselfstorage.com,+18482731234,https://www.selfstoragesolutions.com/,Oro Valley,AZ
Arizona Self Storage at Oro Valley,orovalley@arizonaselfstorage.com,+18482731234,https://www.selfstoragesolutions.com/,Oro Valley,AZ
Arizona Self Storage at Oro Valley,queencreek@arizonaselfstorage.com,+18482731234,https://www.selfstoragesolutions.com/,Oro Valley,AZ
Arizona Self Storage at Oro Valley,sahuarita@arizonaselfstorage.com,+18482731234,https://www.selfstoragesolutions.com/,Oro Valley,AZ
Arizona Self Storage at Oro Valley,glendale@arizonaselfstorage.com,+18482731234,https://www.selfstoragesolutions.com/,Oro Valley,AZ
Arizona Self Storage at Oro Valley,litchfieldpark@arizonaselfstorage.com,+18482731234,https://www.selfstoragesolutions.com/,Oro Valley,AZ
U-Store-It,info@thestoragemanager.com,+13098376434,https://rentselfstoragehere.com/,Lewistown,IL
U-Store-It,info@thestoragemanager.com,+13098376434,https://rentselfstoragehere.com/,Macomb,IL
Community Storage Pell City,info@communitystorageal.com,+12564850020,http://communitystoragepellcity.com/,Cropwell,AL
Arizona Self Storage & RV Storage at Litchfield Park,peoria@arizonaselfstorage.com,+18482731234,https://www.selfstoragesolutions.com/,Litchfield Park,AZ
Arizona Self Storage & RV Storage at Litchfield Park,tucson@arizonaselfstorage.com,+18482731234,https://www.selfstoragesolutions.com/,Litchfield Park,AZ
Arizona Self Storage & RV Storage at Litchfield Park,gilbert@arizonaselfstorage.com,+18482731234,https://www.selfstoragesolutions.com/,Litchfield Park,AZ
Arizona Self Storage & RV Storage at Litchfield Park,orovalley@arizonaselfstorage.com,+18482731234,https://www.selfstoragesolutions.com/,Litchfield Park,AZ
Arizona Self Storage & RV Storage at Litchfield Park,queencreek@arizonaselfstorage.com,+18482731234,https://www.selfstoragesolutions.com/,Litchfield Park,AZ
Arizona Self Storage & RV Storage at Litchfield Park,sahuarita@arizonaselfstorage.com,+18482731234,https://www.selfstoragesolutions.com/,Litchfield Park,AZ
Arizona Self Storage & RV Storage at Litchfield Park,glendale@arizonaselfstorage.com,+18482731234,https://www.selfstoragesolutions.com/,Litchfield Park,AZ
Arizona Self Storage & RV Storage at Litchfield Park,litchfieldpark@arizonaselfstorage.com,+18482731234,https://www.selfstoragesolutions.com/,Litchfield Park,AZ
Waynecastle Storage,storage@qwmastorage.com,+17178648537,https://qwmastorage.com/,Greencastle,PA
Watson & Taylor Self Storage,lewisville@steelcreekss.com,+19034548007,https://www.steelcreekselfstorage.com/,Austin,TX
Watson & Taylor Self Storage,greenville@steelcreekss.com,+19034548007,https://www.steelcreekselfstorage.com/,Austin,TX
Watson & Taylor Self Storage,wt-littleyork@steelcreekmgmt.com,+19034548007,https://www.steelcreekselfstorage.com/,Austin,TX
Arizona Self Storage at Gilbert,peoria@arizonaselfstorage.com,+18482731234,https://www.selfstoragesolutions.com/,Gilbert,AZ
Arizona Self Storage at Gilbert,tucson@arizonaselfstorage.com,+18482731234,https://www.selfstoragesolutions.com/,Gilbert,AZ
Arizona Self Storage at Gilbert,gilbert@arizonaselfstorage.com,+18482731234,https://www.selfstoragesolutions.com/,Gilbert,AZ
Arizona Self Storage at Gilbert,orovalley@arizonaselfstorage.com,+18482731234,https://www.selfstoragesolutions.com/,Gilbert,AZ
Arizona Self Storage at Gilbert,queencreek@arizonaselfstorage.com,+18482731234,https://www.selfstoragesolutions.com/,Gilbert,AZ
Arizona Self Storage at Gilbert,sahuarita@arizonaselfstorage.com,+18482731234,https://www.selfstoragesolutions.com/,Gilbert,AZ
Arizona Self Storage at Gilbert,glendale@arizonaselfstorage.com,+18482731234,https://www.selfstoragesolutions.com/,Gilbert,AZ
Arizona Self Storage at Gilbert,litchfieldpark@arizonaselfstorage.com,+18482731234,https://www.selfstoragesolutions.com/,Gilbert,AZ
Arizona Self Storage & RV Storage at Sahuarita,peoria@arizonaselfstorage.com,+18482731234,https://www.selfstoragesolutions.com/,Sahuarita,AZ
Arizona Self Storage & RV Storage at Sahuarita,tucson@arizonaselfstorage.com,+18482731234,https://www.selfstoragesolutions.com/,Sahuarita,AZ
Arizona Self Storage & RV Storage at Sahuarita,gilbert@arizonaselfstorage.com,+18482731234,https://www.selfstoragesolutions.com/,Sahuarita,AZ
Arizona Self Storage & RV Storage at Sahuarita,orovalley@arizonaselfstorage.com,+18482731234,https://www.selfstoragesolutions.com/,Sahuarita,AZ
Arizona Self Storage & RV Storage at Sahuarita,queencreek@arizonaselfstorage.com,+18482731234,https://www.selfstoragesolutions.com/,Sahuarita,AZ
Arizona Self Storage & RV Storage at Sahuarita,sahuarita@arizonaselfstorage.com,+18482731234,https://www.selfstoragesolutions.com/,Sahuarita,AZ
Arizona Self Storage & RV Storage at Sahuarita,glendale@arizonaselfstorage.com,+18482731234,https://www.selfstoragesolutions.com/,Sahuarita,AZ
Arizona Self Storage & RV Storage at Sahuarita,litchfieldpark@arizonaselfstorage.com,+18482731234,https://www.selfstoragesolutions.com/,Sahuarita,AZ
PeerStorage,support@peerstorage.co,+16073973787,https://peerstorage.co/,Issaquah,WA
Sharp Storage Ramsey,manager@sharp-storage.com,+17637775651,https://www.sharp-storage.com/,Ramsey,MN
Royal Storage of Pattison,RoyalManager@consolidated.net,+12813758008,https://www.royalstoragetexas.com/,Pattison,TX
West Harbor Conditioned Self Storage,westharborstorage@gmail.com,+14195004111,http://westharborstorage.com/,Port Clinton,OH
Seneca Storage,senecastorages@gmail.com,+18643246719,https://senecastorages.weebly.com/,Seneca,SC
James Street Self Storage,info@jamesstreetselstorage.com,+16167867243,http://jamesstreetstorage.com/,Holland,MI
Fifty One Self Storage,fiftyoneselfstorage@gmail.com,+16082280686,https://fiftyoneselfstorage.com/,Windsor,WI
H2 Self Storage Sturgis,storeit@h2selfstorage.com,+12695031933,https://h2selfstorage.com/,Sturgis,MI
"Flex Storage, Seneca",info@flexstorage.com,+18648882292,https://www.flexstorage.com/,Seneca,SC
Global Self Storage,edmond@globalselfstorage.us,+18607771295,https://www.globalselfstorage.us/,Summerville,SC
Global Self Storage,clinton@globalselfstorage.us,+18607771295,https://www.globalselfstorage.us/,Summerville,SC
MB2 Storage,mb2storage@gmail.com,+19203609703,https://www.mb2storage.com/,Oneida,WI
MB2 Storage,mb2storage@gmail.com,+19203609703,https://www.mb2storage.com/,Marion,WI
Ray Self Storage - Spring Garden Street,rssn@rayselfstorage.com,+13362181536,https://www.rayselfstorage.com/,Greensboro,NC
Ray Self Storage - Spring Garden Street,rsssp@rayselfstorage.com,+13362181536,https://www.rayselfstorage.com/,Greensboro,NC
Ray Self Storage - Spring Garden Street,rssg@rayselfstorage.com,+13362181536,https://www.rayselfstorage.com/,Greensboro,NC
Mad River Storage Services,madriverstorage@gmail.com,+15672144700,https://madriverstorageservices.com,Bellevue,OH
Little Vine Storage,denice@saulsstoragegroup.com,+17703284503,https://www.littlevinestorage.com/,Villa Rica,GA
BS Self Storage - Little Falls,ben_schultz91@hotmail.com,+13202320625,http://bsselfstorage.com/,Little Falls,MN
Madison Self Storage,storagemadison1306@gmail.com,+16084453348,http://storageunitmadison.com/,Madison,WI
NORTHERN LAKES STORAGE,eric.schoessow@gmail.com,+14143336580,http://northernlakes-storage.com/,Sayner,WI
Ray Self Storage - Norwalk Avenue,rssn@rayselfstorage.com,+13362181536,https://www.rayselfstorage.com/,Greensboro,NC
Ray Self Storage - Norwalk Avenue,rsssp@rayselfstorage.com,+13362181536,https://www.rayselfstorage.com/,Greensboro,NC
Ray Self Storage - Norwalk Avenue,rssg@rayselfstorage.com,+13362181536,https://www.rayselfstorage.com/,Greensboro,NC
Superior Storage - Pilot Mountain,info@superiorstorage.com,+18005551234,https://www.superiorstorage.com/,Pilot Mountain,NC
Superior Storage - Robinson Ave,info@superiorstorage.com,+18005551234,https://www.superiorstorage.com/,Springdale,AR
Superior Storage - Elkin,info@superiorstorage.com,+18005551234,https://www.superiorstorage.com/,Elkin,NC
Storage USA LV,info@mystorageusa.net,+17024105400,https://storageusalv.com/,Las Vegas,NV
Secured Storage - Warehouse,securedstorage@yahoo.com,+18143153239,https://www.securedstorageeriepa.com/,Erie,PA
The Storage Barn - Hillsboro - Plaza,info@thestoragebarn.com,+16034644870,https://www.thestoragebarn.com/,Hillsborough,NH
Up Nort Storage,jamesonrealty@yahoo.com,+17156020498,http://upnortstorage.com/,Mountain,WI
T&T Storage,ttstoreit@gmail.com,+15188050000,https://ttstoreit.com/,Cohoes,NY
Up Nort Storage,jamesonrealty@yahoo.com,+17156020498,http://upnortstorage.com/,Conover,WI
T-Town Storage,t.townstorageinfo@gmail.com,+19185214404,https://www.t-townstorage.com/,Tulsa,OK
Self Storage Brothers Climate Controlled Greenville NC,management@selfstoragebrothers.com,+12527517615,https://selfstoragebrothers.com/,Greenville,NC
TGI Storage Seguin,info@tgistorage.com,+15127227228,http://tgiseguin.com/,Seguin,TX
Huntsville Self Storage,huntsvilleministorage@gmail.com,+12567912508,http://huntsvillealselfstorage.com/,Huntsville,AL
Xtreme Storage Albuquerque,tracey@xtremestoragenm.com,+15058882430,http://xtremestoragenm.com/,Albuquerque,NM
Daffodil Storage,info@daffodilstorage.com,+12065551234,https://daffodilstorage.com/,North Puyallup,WA
Kanab Cowboy Storage | Self Storage - Mini Storage - Kanab UT Storage Units,kanabcowboystorage@gmail.com,+14357671553,http://kanabcowboystorage.com/,Kanab,UT
Hudson Self Storage,info@hudsonself-storage.com,+17275134527,https://www.hudsonself-storage.com/,Hudson,FL
Storage Pros,andyfescemyer101@gmail.com,+18142276589,https://rentstoragepros.com/,Butler,PA
Iron Forge Storage,ironforgestorage@gmail.com,+17172580334,https://www.ironforgestorage.com/,Carlisle,PA
"The Storage Barn - Epping, NH",info@thestoragebarn.com,+16034644870,https://www.thestoragebarn.com/,Epping,NH
MyPlace Self Storage,info@myplaceselfstorage.com,+16505551234,https://myplaceselfstorage.com/,Apache Junction,AZ
"U Lock It Storage of Shelby, NC now with Climate Control",sherry@aaaministorages.com,+17044849587,http://aaaministorages.com/,Shelby,NC
"U Lock It Storage of Shelby, NC now with Climate Control",sandra@aaaministorages.com,+17044849587,http://aaaministorages.com/,Shelby,NC
"U Lock It Storage of Shelby, NC now with Climate Control",rose@aaaministorages.com,+17044849587,http://aaaministorages.com/,Shelby,NC
"U Lock It Storage of Shelby, NC now with Climate Control",cherryville@aaaministorages.com,+17044849587,http://aaaministorages.com/,Shelby,NC
"U Lock It Storage of Shelby, NC now with Climate Control",forestcity@aaaministorages.com,+17044849587,http://aaaministorages.com/,Shelby,NC
"U Lock It Storage of Shelby, NC now with Climate Control",aaagaffney@gmail.com,+17044849587,http://aaaministorages.com/,Shelby,NC
"U Lock It Storage of Shelby, NC now with Climate Control",kingsmtn@aaaministorages.com,+17044849587,http://aaaministorages.com/,Shelby,NC
Tri-Village Self Storage,info@tvssohio.com,+16146109966,https://www.trivillageselfstorage.com/,Columbus,OH
"AAA Climate Control/Self Storage of Newton, North Carolina",sherry@aaaministorages.com,+17044849587,http://aaaministorages.com/,Newton,NC
"AAA Climate Control/Self Storage of Newton, North Carolina",sandra@aaaministorages.com,+17044849587,http://aaaministorages.com/,Newton,NC
"AAA Climate Control/Self Storage of Newton, North Carolina",rose@aaaministorages.com,+17044849587,http://aaaministorages.com/,Newton,NC
"AAA Climate Control/Self Storage of Newton, North Carolina",cherryville@aaaministorages.com,+17044849587,http://aaaministorages.com/,Newton,NC
"AAA Climate Control/Self Storage of Newton, North Carolina",forestcity@aaaministorages.com,+17044849587,http://aaaministorages.com/,Newton,NC
"AAA Climate Control/Self Storage of Newton, North Carolina",aaagaffney@gmail.com,+17044849587,http://aaaministorages.com/,Newton,NC
"AAA Climate Control/Self Storage of Newton, North Carolina",kingsmtn@aaaministorages.com,+17044849587,http://aaaministorages.com/,Newton,NC
Tri-Village Self Storage,info@tvssohio.com,+16146109966,https://www.trivillageselfstorage.com/,Plain City,OH
All Hours Storage,info@allhoursstorage.com,+19709279494,http://allhoursstorage.com/,Basalt,CO
"AAA Climate Control Storage of Shelby, NC",sherry@aaaministorages.com,+17044849587,http://aaaministorages.com/,Shelby,NC
"AAA Climate Control Storage of Shelby, NC",sandra@aaaministorages.com,+17044849587,http://aaaministorages.com/,Shelby,NC
"AAA Climate Control Storage of Shelby, NC",rose@aaaministorages.com,+17044849587,http://aaaministorages.com/,Shelby,NC
"AAA Climate Control Storage of Shelby, NC",cherryville@aaaministorages.com,+17044849587,http://aaaministorages.com/,Shelby,NC
"AAA Climate Control Storage of Shelby, NC",forestcity@aaaministorages.com,+17044849587,http://aaaministorages.com/,Shelby,NC
"AAA Climate Control Storage of Shelby, NC",aaagaffney@gmail.com,+17044849587,http://aaaministorages.com/,Shelby,NC
"AAA Climate Control Storage of Shelby, NC",kingsmtn@aaaministorages.com,+17044849587,http://aaaministorages.com/,Shelby,NC
Synergy Storage,synergystorage96@gmail.com,+16154102038,http://synergy-storage.com/,Burns,TN
Bluff Self Storage - Southside Location,bluffselfstorage@gmail.com,+15736865599,https://www.storeitquick.com/,Poplar Bluff,MO
Chapman Storage,info@chapmanselfstorage.com,+18658687867,https://www.chapmanselfstorage.com/,Knoxville,TN
"Legend Secured Storage - Paris, Texas",legendsecuredstorage@gmail.com,+19039826565,https://www.legendsecuredstorage.com/,Paris,TX
Amazing Spaces Storage Centers,holcombe@amazingspaces.com,+12816028942,https://amazingspaces.com/,Spring,TX
Amazing Spaces Storage Centers,louetta@amazingspaces.com,+12816028942,https://amazingspaces.com/,Spring,TX
Amazing Spaces Storage Centers,springwoods@amazingspaces.com,+12816028942,https://amazingspaces.com/,Spring,TX
Amazing Spaces Storage Centers,greenway@amazingspaces.com,+12816028942,https://amazingspaces.com/,Spring,TX
Amazing Spaces Storage Centers,fm2978@amazingspaces.com,+12816028942,https://amazingspaces.com/,Spring,TX
Amazing Spaces Storage Centers,woodlands@amazingspaces.com,+12816028942,https://amazingspaces.com/,Spring,TX
Lighthouse Self Storage - Oceanside,Westminster@lighthousestorage.com,+17605477006,https://www.lighthousestorage.com/,Oceanside,CA
Lighthouse Self Storage - Oceanside,norco@lighthousestorage.com,+17605477006,https://www.lighthousestorage.com/,Oceanside,CA
Lighthouse Self Storage - Oceanside,Coopercity@lighthousestorage.com,+17605477006,https://www.lighthousestorage.com/,Oceanside,CA
Lighthouse Self Storage - Oceanside,Oceanside@lighthousestorage.com,+17605477006,https://www.lighthousestorage.com/,Oceanside,CA
Lighthouse Self Storage - Oceanside,Whittier@lighthousestorage.com,+17605477006,https://www.lighthousestorage.com/,Oceanside,CA
Lighthouse Self Storage - Oceanside,Ftlauderdale@lighthousestorage.com,+17605477006,https://www.lighthousestorage.com/,Oceanside,CA
Enterprise Self Storage,essglendale@gmail.com,+18187651966,https://enterpriseselfstorage.com/,North Hollywood,CA
Enterprise Self Storage,contact@enterpriseselfstorage.com,+18187651966,https://enterpriseselfstorage.com/,North Hollywood,CA
Enterprise Self Storage,essnohollywood@gmail.com,+18187651966,https://enterpriseselfstorage.com/,North Hollywood,CA
Enterprise Self Storage,essvannuys@gmail.com,+18187651966,https://enterpriseselfstorage.com/,North Hollywood,CA
Enterprise Self Storage,esssunvalley@gmail.com,+18187651966,https://enterpriseselfstorage.com/,North Hollywood,CA
Murfreesboro Mini Self Storage,info@freedomstoragemanagement.com,+16157227867,https://freedomstoragemanagement.com/,Murfreesboro,TN
SE STORAGE,tyler@sehousingllc.com,+17658010784,http://sestoragellc.com/,Anderson,IN
Storage Depot - Harpersville,info@storagedepot.co,+16596781934,https://storagedepot.co/,Harpersville,AL
Clarksville Self Storage - Clarksville,westfork@clarksvilleselfstorage.com,+19312297423,https://www.clarksvilleselfstorage.com/,Clarksville,TN
Clarksville Self Storage - Clarksville,info@clarksvilleselfstorage.com,+19312297423,https://www.clarksvilleselfstorage.com/,Clarksville,TN
Daffodil Storage,info@daffodilstorage.com,+12065551234,https://daffodilstorage.com/,Tacoma,WA
Daffodil Storage,info@daffodilstorage.com,+12065551234,https://daffodilstorage.com/,Port Orchard,WA
Selma Self Storage - Selma,info@storageward.com,+12518673390,https://www.selfstoragegreen.com/,Selma,AL
Selma Self Storage - Selma,info@selmaselfstorage.com,+12518673390,https://www.selfstoragegreen.com/,Selma,AL
Selma Self Storage - Selma,info@abcdeconostorage.com,+12518673390,https://www.selfstoragegreen.com/,Selma,AL
Selma Self Storage - Selma,info@brewtonstorage.com,+12518673390,https://www.selfstoragegreen.com/,Selma,AL
Selma Self Storage - Selma,info@atmorestorage.com,+12518673390,https://www.selfstoragegreen.com/,Selma,AL
Stack N Stor - Saratoga,patterson@stacknstor.com,+15185004180,https://www.stacknstor.com/,Ballston Spa,NY
Stack N Stor - Saratoga,milton@stacknstor.com,+15185004180,https://www.stacknstor.com/,Ballston Spa,NY
Stack N Stor - Saratoga,rotterdam@stacknstor.com,+15185004180,https://www.stacknstor.com/,Ballston Spa,NY
Load and Lock Self Storage  Lehighton  Self Service,walnutport@loadlockselfstorage.com,+16105727253,https://www.loadlockselfstorage.com/,Lehighton,PA
Load and Lock Self Storage  Lehighton  Self Service,albrightsville@loadlockselfstorage.com,+16105727253,https://www.loadlockselfstorage.com/,Lehighton,PA
Load and Lock Self Storage  Lehighton  Self Service,canadensis@loadlockselfstorage.com,+16105727253,https://www.loadlockselfstorage.com/,Lehighton,PA
Vault Storage Co - Millington - Self Service,perryville@vaultstorageco.com,+14108102533,http://vaultstorageco.com/,Millington,MD
Vault Storage Co - Millington - Self Service,millington@vaultstorageco.com,+14108102533,http://vaultstorageco.com/,Millington,MD
Vault Storage Co - Millington - Self Service,chestertown@vaultstorageco.com,+14108102533,http://vaultstorageco.com/,Millington,MD
Vault Storage Co - Millington - Self Service,berwyn@vaultstorageco.com,+14108102533,http://vaultstorageco.com/,Millington,MD
Hillside Self Storage - Amarillo,info@hillsideselfstoragetx.com,+18063813564,https://www.hillsideselfstoragetx.com/,Amarillo,TX
Storage Depot of Dallas - Flower Mound,info@storagedepotofdallas.com,+19722658236,https://www.storagedepotofdallas.com/,Flower Mound,TX
Pioneer Valley Storage - Hatfield,stadium@pioneervalleystorage.com,+14135866908,https://www.pioneervalleystorage.com/,Hatfield,MA
Pioneer Valley Storage - Hatfield,amherst@pioneervalleystorage.com,+14135866908,https://www.pioneervalleystorage.com/,Hatfield,MA
Pioneer Valley Storage - Hatfield,hatfield@pioneervalleystorage.com,+14135866908,https://www.pioneervalleystorage.com/,Hatfield,MA
Macoby Self Storage - Pennsburg,info@macobyselfstorage.com,+12155411000,https://www.macobyselfstorage.com/,Pennsburg,PA
Hogan Self Storage II,manager@hoganstorage.com,+16097378300,https://www.hoganstorage.com/,Pennington,NJ
Storage Depot,info@storagedepot.co,+13184310133,https://storagedepot.co/,Mansfield,LA
Storage Depot of Gainesville - Gainesville,info@storagedepotgainesville.com,+13523710852,https://www.storagedepotgainesville.com/,Gainesville,FL
West Main Storage - Mount Joy,info@westmainstoragemtjoy.com,+17172659164,https://www.westmainstoragemtjoy.com/,Mount Joy,PA
All Storage - Plano,chisholmtrail@allstorage.com,+16829004070,https://www.allstorageonline.com/,Plano,TX
All Storage - Plano,saginaw@allstorageonline.com,+16829004070,https://www.allstorageonline.com/,Plano,TX
StorTropolis Self-Storage - Blue Springs,bluesprings@stortropolis.com,+18164633202,https://www.stortropolis.com/,Blue Springs,MO
StorTropolis Self-Storage - Blue Springs,shawnee@stortropolis.com,+18164633202,https://www.stortropolis.com/,Blue Springs,MO
StorTropolis Self-Storage - Blue Springs,lenexa@stortropolis.com,+18164633202,https://www.stortropolis.com/,Blue Springs,MO
StorTropolis Self-Storage - Blue Springs,brighton@stortropolis.com,+18164633202,https://www.stortropolis.com/,Blue Springs,MO
StorTropolis Self-Storage - Blue Springs,tiffanysprings@stortropolis.com,+18164633202,https://www.stortropolis.com/,Blue Springs,MO
Peninsula Mini Storage - Blades,info@penmini.com,+13026295743,http://penmini.com/,Blades,DE
Economy Self Storage - Honey Brook,info@selfstorageeconomy.com,+16102732075,https://www.selfstorageeconomy.com/,Honey Brook,PA
ValuSpace Personal Storage - Albany,info@valuspace.com,+15184661000,https://www.valuspace.com/,Albany,NY
Marion Self Storage,info@marionohselfstorage.com,+12206660956,https://www.marionohselfstorage.com/,Marion,OH
S'more Space Storage - Willow Street,info@smorespace.com,+17177425888,https://www.smorespacestorage.com/,Willow Street,PA
S'more Space Storage - Willow Street,willowstreet@smorespace.com,+17177425888,https://www.smorespacestorage.com/,Willow Street,PA
Hi-Park Business Center - Omaha,info@hiparkoffices.com,+17343756235,https://www.hiparkoffices.com/,Omaha,NE
Pioneer Valley Storage - Stadium,stadium@pioneervalleystorage.com,+14135866908,https://www.pioneervalleystorage.com/,Hadley,MA
Pioneer Valley Storage - Stadium,amherst@pioneervalleystorage.com,+14135866908,https://www.pioneervalleystorage.com/,Hadley,MA
Pioneer Valley Storage - Stadium,hatfield@pioneervalleystorage.com,+14135866908,https://www.pioneervalleystorage.com/,Hadley,MA
Storage Depot - Danville,info@storagedepot.co,+12173361099,https://storagedepot.co/,Danville,IL
New Market Mini Storage - New Market,info@newmarketministorage.com,+13018659545,https://www.newmarketministorage.com/,New Market,MD
Rainier View Storage,info@daffodilstorage.com,+12065551234,https://daffodilstorage.com/,Silverdale,WA
Load and Lock Self Storage  Palmerton  Self Service,walnutport@loadlockselfstorage.com,+16105727253,https://www.loadlockselfstorage.com/,Palmerton,PA
Load and Lock Self Storage  Palmerton  Self Service,albrightsville@loadlockselfstorage.com,+16105727253,https://www.loadlockselfstorage.com/,Palmerton,PA
Load and Lock Self Storage  Palmerton  Self Service,canadensis@loadlockselfstorage.com,+16105727253,https://www.loadlockselfstorage.com/,Palmerton,PA
Zia Stor-All - Hobbs,odessa@missionstorage.com,+3524361794,http://missionstorage.com/,Hobbs,NM
Zia Stor-All - Hobbs,crystalriver@missionstorage.com,+3524361794,http://missionstorage.com/,Hobbs,NM
Zia Stor-All - Hobbs,info@ziastor-all.com,+3524361794,http://missionstorage.com/,Hobbs,NM
Zia Stor-All - Hobbs,hernando@missionstorage.com,+3524361794,http://missionstorage.com/,Hobbs,NM
All Storage - Saginaw,chisholmtrail@allstorage.com,+16829004070,https://www.allstorageonline.com/,Fort Worth,TX
All Storage - Saginaw,saginaw@allstorageonline.com,+16829004070,https://www.allstorageonline.com/,Fort Worth,TX
Scot Stor Mini Storage - Moyock,info@scotstor.com,+12524352531,https://www.scotstor.com/,Moyock,NC
Lock and Roll Storage - Forest,lynchburg@lockandrollstorageva.com,+14342210364,https://www.lockandrollstorageva.com/,Forest,VA
Lock and Roll Storage - Forest,forest@lockandrollstorageva.com,+14342210364,https://www.lockandrollstorageva.com/,Forest,VA
422 Storage - Palmyra,info@422storage.com,+17178384820,https://www.422storage.com/,Palmyra,PA
Appletree Storage - Gonzales,perkins@appletreestorage.com,+12256638900,https://www.appletreestorage.com/,Gonzales,LA
Appletree Storage - Gonzales,gonzales@appletreestorage.com,+12256638900,https://www.appletreestorage.com/,Gonzales,LA
Clarksville Self Storage - Clarksville,westfork@clarksvilleselfstorage.com,+19312297423,https://www.clarksvilleselfstorage.com/,Clarksville,TN
Clarksville Self Storage - Clarksville,info@clarksvilleselfstorage.com,+19312297423,https://www.clarksvilleselfstorage.com/,Clarksville,TN
All Storage - Viridian,chisholmtrail@allstorage.com,+16829004070,https://www.allstorageonline.com/,Euless,TX
All Storage - Viridian,saginaw@allstorageonline.com,+16829004070,https://www.allstorageonline.com/,Euless,TX
ABC Storage - Harrisburg,info@abcstorageharrisburg.com,+17174690800,https://www.abcstorageharrisburg.com/,Harrisburg,PA
SubTropolis Storage - Kansas City,info@subtropolis.biz,+18164550168,https://www.subtropolis.biz/,Kansas City,MO
Summit View Storage,info@daffodilstorage.com,+12065551234,https://daffodilstorage.com/,Puyallup,WA
Five Star Storage,info@fivestarstorage.com,+17016631561,https://www.fivestarstorage.biz/,Mandan,ND
Moose Crossing Self Storage - Blakeslee,info@moosecrossinginc.com,+15703552090,https://www.moosecrossinginc.com/,Blakeslee,PA
ABCD Econo Storage - Brooksville,info@storageward.com,+12518673390,https://www.selfstoragegreen.com/,Brooksville,FL
ABCD Econo Storage - Brooksville,info@selmaselfstorage.com,+12518673390,https://www.selfstoragegreen.com/,Brooksville,FL
ABCD Econo Storage - Brooksville,info@abcdeconostorage.com,+12518673390,https://www.selfstoragegreen.com/,Brooksville,FL
ABCD Econo Storage - Brooksville,info@brewtonstorage.com,+12518673390,https://www.selfstoragegreen.com/,Brooksville,FL
ABCD Econo Storage - Brooksville,info@atmorestorage.com,+12518673390,https://www.selfstoragegreen.com/,Brooksville,FL
Mr. Storage - Toledo,glendale@mrstoragetoledo.com,+14195379000,https://www.mrstoragetoledo.com/,Toledo,OH
Mr. Storage - Toledo,reynolds@mrstoragetoledo.com,+14195379000,https://www.mrstoragetoledo.com/,Toledo,OH
Mr. Storage - Toledo,southtoledo@mrstoragetoledo.com,+14195379000,https://www.mrstoragetoledo.com/,Toledo,OH
ProSafe Storage - Parma,richmond@prosafestorage.com,+18042922366,https://www.prosafestorage.com/,Parma,OH
ProSafe Storage - Parma,parma@prosafestorage.com,+18042922366,https://www.prosafestorage.com/,Parma,OH
Nestory Park Self Storage - Machesney Park,machesney@nestorypark.com,+18156374720,https://machesney.nestorypark.com/,Machesney Park,IL
4 Storage - Bristol,bristol@4storage4you.com,+12156619199,https://www.4storage4you.com/,Bristol,PA
4 Storage - Bristol,bethlehempike@4storage4you.com,+12156619199,https://www.4storage4you.com/,Bristol,PA
4 Storage - Bristol,oceantownship@4storage4you.com,+12156619199,https://www.4storage4you.com/,Bristol,PA
4 Storage - Bristol,philadelphia@4storage4you.com,+12156619199,https://www.4storage4you.com/,Bristol,PA
Bigger Garage Self-Storage,info@biggergarage.com,+12192616777,https://biggergarageselfstorage.selfstorageunitsnearby.com/all-locations,La Porte,IN
Appletree Storage - Saint Amant,perkins@appletreestorage.com,+12256638900,https://www.appletreestorage.com/,St Amant,LA
Appletree Storage - Saint Amant,gonzales@appletreestorage.com,+12256638900,https://www.appletreestorage.com/,St Amant,LA
Ocean Storage - Norfolk,info@oceanstorage.com,+16099999999,https://www.oceanstorage.com/,Norfolk,VA
Sunrise Storage - Orwigsburg,customerservice@thesunrisestorage.com,+15703668565,https://www.thesunrisestorage.com/,Orwigsburg,PA
A-1 Self Storage - Beacon Falls,info@a1beaconfallsselfstorage.com,+12037292100,https://www.a1beaconfallsselfstorage.com/,Beacon Falls,CT
B & G Storage - Atmore,info@storageward.com,+12518673390,https://www.selfstoragegreen.com/,Atmore,AL
B & G Storage - Atmore,info@selmaselfstorage.com,+12518673390,https://www.selfstoragegreen.com/,Atmore,AL
B & G Storage - Atmore,info@abcdeconostorage.com,+12518673390,https://www.selfstoragegreen.com/,Atmore,AL
B & G Storage - Atmore,info@brewtonstorage.com,+12518673390,https://www.selfstoragegreen.com/,Atmore,AL
B & G Storage - Atmore,info@atmorestorage.com,+12518673390,https://www.selfstoragegreen.com/,Atmore,AL
ValuSpace Personal Storage - Halfmoon,info@valuspace.com,+15184661000,https://www.valuspace.com/,Clifton Park,NY
Air Base Storage,info@airbasestorage.com,+16185935688,https://www.airbasestorage.com/,Belleville,IL
Storage Depot of Gainesville GA - Airport,info@storagedepotofgainesvillega.com,+17705360019,http://storagedepotofgainesvillega.com/,Gainesville,GA
Defender Self Storage - Pittsburgh - Greentree,lorain@defenderselfstorage.com,+14402614418,https://www.defenderselfstorage.com/,Pittsburgh,PA
Defender Self Storage - Pittsburgh - Greentree,pittsburgh@defenderselfstorage.com,+14402614418,https://www.defenderselfstorage.com/,Pittsburgh,PA
Defender Self Storage - Pittsburgh - Greentree,greentree@defenderselfstorage.com,+14402614418,https://www.defenderselfstorage.com/,Pittsburgh,PA
Keep Safe Storage - West Haven,info@keep-safe.com,+12039331387,http://ksstorage.com/,West Haven,CT
Mission Storage - Crystal River,odessa@missionstorage.com,+3524361794,http://missionstorage.com/,Crystal River,FL
Mission Storage - Crystal River,crystalriver@missionstorage.com,+3524361794,http://missionstorage.com/,Crystal River,FL
Mission Storage - Crystal River,info@ziastor-all.com,+3524361794,http://missionstorage.com/,Crystal River,FL
Mission Storage - Crystal River,hernando@missionstorage.com,+3524361794,http://missionstorage.com/,Crystal River,FL
iLockStorage - Greenville,info@ilockstorage.net,+12523470826,https://www.ilockstorage.net/,Greenville,NC
StorTropolis Self-Storage - Brighton,bluesprings@stortropolis.com,+18164633202,https://www.stortropolis.com/,Kansas City,MO
StorTropolis Self-Storage - Brighton,shawnee@stortropolis.com,+18164633202,https://www.stortropolis.com/,Kansas City,MO
StorTropolis Self-Storage - Brighton,lenexa@stortropolis.com,+18164633202,https://www.stortropolis.com/,Kansas City,MO
StorTropolis Self-Storage - Brighton,brighton@stortropolis.com,+18164633202,https://www.stortropolis.com/,Kansas City,MO
StorTropolis Self-Storage - Brighton,tiffanysprings@stortropolis.com,+18164633202,https://www.stortropolis.com/,Kansas City,MO
Music's U-Drop U-Lock Storage - Annville,info@udropulock.com,+17178671159,https://www.udropulock.com/,Annville,PA
Max Storage - Hurricane,Max@mountainwestselfstorage.com,+12087156747,https://www.mountainwestselfstorage.com/,Hurricane,UT
Max Storage - Hurricane,Secure@mountainwestselfstorage.com,+12087156747,https://www.mountainwestselfstorage.com/,Hurricane,UT
Max Storage - Hurricane,Elite@mountainwestselfstorage.com,+12087156747,https://www.mountainwestselfstorage.com/,Hurricane,UT
Max Storage - Hurricane,StorageBros@mountainwestselfstorage.com,+12087156747,https://www.mountainwestselfstorage.com/,Hurricane,UT
Storage Depot - Hiawatha,info@storagedepot.co,+13192096947,https://storagedepot.co/,Hiawatha,IA
Storage Depot of Dallas - Wylie,info@storagedepotofdallas.com,+19722658236,https://www.storagedepotofdallas.com/,Wylie,TX
Vault Storage Co - Perryville,perryville@vaultstorageco.com,+14108102533,http://vaultstorageco.com/,Perryville,MD
Vault Storage Co - Perryville,millington@vaultstorageco.com,+14108102533,http://vaultstorageco.com/,Perryville,MD
Vault Storage Co - Perryville,chestertown@vaultstorageco.com,+14108102533,http://vaultstorageco.com/,Perryville,MD
Vault Storage Co - Perryville,berwyn@vaultstorageco.com,+14108102533,http://vaultstorageco.com/,Perryville,MD
Freedom Self Storage - St Marys,info@freedomselfstorage.org,+19125761776,https://www.freedomselfstorage.org/,St Marys,GA
Fairless Hills Self Storage - Fairless Hills,info@fairlesshillsselfstorage.com,+12675809119,https://www.fairlesshillsselfstorage.com/,Fairless Hills,PA
Summit Self Storage - Mills River,mtpleasant@storeitatsummit.com,+17066640101,https://www.storeitatsummit.com/,Mills River,NC
Summit Self Storage - Mills River,riverwatch@storeitatsummit.com,+17066640101,https://www.storeitatsummit.com/,Mills River,NC
Summit Self Storage - Mills River,millsriver@storeitatsummit.com,+17066640101,https://www.storeitatsummit.com/,Mills River,NC
4 Storage - Montgomeryville,bristol@4storage4you.com,+12156619199,https://www.4storage4you.com/,Montgomeryville,PA
4 Storage - Montgomeryville,bethlehempike@4storage4you.com,+12156619199,https://www.4storage4you.com/,Montgomeryville,PA
4 Storage - Montgomeryville,oceantownship@4storage4you.com,+12156619199,https://www.4storage4you.com/,Montgomeryville,PA
4 Storage - Montgomeryville,philadelphia@4storage4you.com,+12156619199,https://www.4storage4you.com/,Montgomeryville,PA
Fountainbleau Self Storage - New Orleans,info@fountainbleauselfstorage.com,+15044862227,https://www.fountainbleauselfstorage.com/,New Orleans,LA
Trindle Self Storage - Carlisle,info@trindleselfstorage.com,+17172450026,https://www.trindleselfstorage.com/,Carlisle,PA
Storage Depot,info@storagedepot.co,+13185418890,https://storagedepot.co/,Monroe,LA
Brownsville Storage Units,info@brownsvillestorageunits.com,+19565416900,https://www.brownsvillestorageunits.com/,Brownsville,TX
Stirling Storage - Phoenixville,info@stirlingstorage.com,+16109152020,https://www.stirlingstorage.com/,Phoenixville,PA
Appletree Storage - Perkins,perkins@appletreestorage.com,+12256638900,https://www.appletreestorage.com/,Baton Rouge,LA
Appletree Storage - Perkins,gonzales@appletreestorage.com,+12256638900,https://www.appletreestorage.com/,Baton Rouge,LA
Storage Depot - Yorkville,info@storagedepot.co,+16303320254,https://storagedepot.co/,Yorkville,IL
Storage Depot,info@storagedepot.co,+12569547941,https://storagedepot.co/,Franklin,NC
Clarksville Self Storage - West Fork,westfork@clarksvilleselfstorage.com,+19312297423,https://www.clarksvilleselfstorage.com/,Clarksville,TN
Clarksville Self Storage - West Fork,info@clarksvilleselfstorage.com,+19312297423,https://www.clarksvilleselfstorage.com/,Clarksville,TN
106 Self Storage,info@106selfstorage.com,+17815851242,https://www.106selfstorage.com/,Plympton,MA
Vault Storage Co - Chestertown,perryville@vaultstorageco.com,+14108102533,http://vaultstorageco.com/,Chestertown,MD
Vault Storage Co - Chestertown,millington@vaultstorageco.com,+14108102533,http://vaultstorageco.com/,Chestertown,MD
Vault Storage Co - Chestertown,chestertown@vaultstorageco.com,+14108102533,http://vaultstorageco.com/,Chestertown,MD
Vault Storage Co - Chestertown,berwyn@vaultstorageco.com,+14108102533,http://vaultstorageco.com/,Chestertown,MD
Ocean Storage - Virginia Beach,info@oceanstorage.com,+16099999999,https://www.oceanstorage.com/,Virginia Beach,VA
Summit Self-Storage  Downtown Victor  Self Service,info@summitself-storage.com,+12087877867,https://www.summitself-storage.com/,Victor,ID
Load and Lock Self Storage - Albrightsville,walnutport@loadlockselfstorage.com,+16105727253,https://www.loadlockselfstorage.com/,Albrightsville,PA
Load and Lock Self Storage - Albrightsville,albrightsville@loadlockselfstorage.com,+16105727253,https://www.loadlockselfstorage.com/,Albrightsville,PA
Load and Lock Self Storage - Albrightsville,canadensis@loadlockselfstorage.com,+16105727253,https://www.loadlockselfstorage.com/,Albrightsville,PA
TNC Self Storage - Souderton,info@tncselfstorage.com,+12157030200,http://tncselfstorage.com/,Souderton,PA
Lakeland Hills Heated Storage,info@daffodilstorage.com,+12065551234,https://daffodilstorage.com/,Auburn,WA
Pioneer Valley Storage - Amherst,stadium@pioneervalleystorage.com,+14135866908,https://www.pioneervalleystorage.com/,Belchertown,MA
Pioneer Valley Storage - Amherst,amherst@pioneervalleystorage.com,+14135866908,https://www.pioneervalleystorage.com/,Belchertown,MA
Pioneer Valley Storage - Amherst,hatfield@pioneervalleystorage.com,+14135866908,https://www.pioneervalleystorage.com/,Belchertown,MA
Storage Depot,info@storagedepot.co,+12569388052,https://storagedepot.co/,Albertville,AL
Store-It - Halethorpe,lansdowne@storeit-usa.com,+14102470470,https://www.storeit-usa.com/,Halethorpe,MD
Swartz Creek Mini Storage - Swartz Creek,office@swartzcreekministorage.com,+18106354455,https://www.swartzcreekministorage.com/,Swartz Creek,MI
StorTropolis Self-Storage - Lenexa,bluesprings@stortropolis.com,+18164633202,https://www.stortropolis.com/,Lenexa,KS
StorTropolis Self-Storage - Lenexa,shawnee@stortropolis.com,+18164633202,https://www.stortropolis.com/,Lenexa,KS
StorTropolis Self-Storage - Lenexa,lenexa@stortropolis.com,+18164633202,https://www.stortropolis.com/,Lenexa,KS
StorTropolis Self-Storage - Lenexa,brighton@stortropolis.com,+18164633202,https://www.stortropolis.com/,Lenexa,KS
StorTropolis Self-Storage - Lenexa,tiffanysprings@stortropolis.com,+18164633202,https://www.stortropolis.com/,Lenexa,KS
Brooks Mini Storage - Kinston,manager@brooksministorage.com,+12525270913,https://www.brooksministorage.com/,Kinston,NC
Blythe Landing Self Storage - Huntersville,info@blythelandingselfstorage.com,+17048851905,https://www.blythelandingselfstorage.com/,Huntersville,NC
Bay Storage - Cape Charles,info@oceanstorage.com,+16099999999,https://www.oceanstorage.com/,Cape Charles,VA
Summit Self Storage - Augusta,mtpleasant@storeitatsummit.com,+17066640101,https://www.storeitatsummit.com/,Augusta,GA
Summit Self Storage - Augusta,riverwatch@storeitatsummit.com,+17066640101,https://www.storeitatsummit.com/,Augusta,GA
Summit Self Storage - Augusta,millsriver@storeitatsummit.com,+17066640101,https://www.storeitatsummit.com/,Augusta,GA
Acorn Self Storage - Marlborough,manager@acornselfstoragemarlborough.com,+15084811144,https://www.selfstoragemarlboro.com/,Marlborough,MA
Printworks Mill Storage - Greensboro,info@printworksmillstorage.com,+13364558025,https://www.printworksmillstorage.com/,Greensboro,NC
ProSafe Storage - Richmond,richmond@prosafestorage.com,+18042922366,https://www.prosafestorage.com/,Richmond,VA
ProSafe Storage - Richmond,parma@prosafestorage.com,+18042922366,https://www.prosafestorage.com/,Richmond,VA
Community Park Storage - Cranberry Township,info@communityparkstorage.com,+18145809367,https://www.communityparkselfstorage.com/,Cranberry Twp,PA
Bowman Plains Self Storage - Frederick,manager@bowmanselfstorage.com,+13016681111,https://www.bowmanselfstorage.com/,Frederick,MD
Ironclad Storage - Prior Lake,info@ironcladselfstorage.com,+19526797787,https://www.ironcladselfstorage.com/,Prior Lake,MN
Load and Lock Self Storage  Weissport  Self Service,walnutport@loadlockselfstorage.com,+16105727253,https://www.loadlockselfstorage.com/,Weissport,PA
Load and Lock Self Storage  Weissport  Self Service,albrightsville@loadlockselfstorage.com,+16105727253,https://www.loadlockselfstorage.com/,Weissport,PA
Load and Lock Self Storage  Weissport  Self Service,canadensis@loadlockselfstorage.com,+16105727253,https://www.loadlockselfstorage.com/,Weissport,PA
4 Storage - Ocean Township,bristol@4storage4you.com,+12156619199,https://www.4storage4you.com/,Ocean Township,NJ
4 Storage - Ocean Township,bethlehempike@4storage4you.com,+12156619199,https://www.4storage4you.com/,Ocean Township,NJ
4 Storage - Ocean Township,oceantownship@4storage4you.com,+12156619199,https://www.4storage4you.com/,Ocean Township,NJ
4 Storage - Ocean Township,philadelphia@4storage4you.com,+12156619199,https://www.4storage4you.com/,Ocean Township,NJ
Mission Storage - Hernando,odessa@missionstorage.com,+3524361794,http://missionstorage.com/,Hernando,FL
Mission Storage - Hernando,crystalriver@missionstorage.com,+3524361794,http://missionstorage.com/,Hernando,FL
Mission Storage - Hernando,info@ziastor-all.com,+3524361794,http://missionstorage.com/,Hernando,FL
Mission Storage - Hernando,hernando@missionstorage.com,+3524361794,http://missionstorage.com/,Hernando,FL
B & G Storage - Brewton,info@storageward.com,+12518673390,https://www.selfstoragegreen.com/,Brewton,AL
B & G Storage - Brewton,info@selmaselfstorage.com,+12518673390,https://www.selfstoragegreen.com/,Brewton,AL
B & G Storage - Brewton,info@abcdeconostorage.com,+12518673390,https://www.selfstoragegreen.com/,Brewton,AL
B & G Storage - Brewton,info@brewtonstorage.com,+12518673390,https://www.selfstoragegreen.com/,Brewton,AL
B & G Storage - Brewton,info@atmorestorage.com,+12518673390,https://www.selfstoragegreen.com/,Brewton,AL
StorTropolis Self-Storage - Shawnee,bluesprings@stortropolis.com,+18164633202,https://www.stortropolis.com/,Shawnee,KS
StorTropolis Self-Storage - Shawnee,shawnee@stortropolis.com,+18164633202,https://www.stortropolis.com/,Shawnee,KS
StorTropolis Self-Storage - Shawnee,lenexa@stortropolis.com,+18164633202,https://www.stortropolis.com/,Shawnee,KS
StorTropolis Self-Storage - Shawnee,brighton@stortropolis.com,+18164633202,https://www.stortropolis.com/,Shawnee,KS
StorTropolis Self-Storage - Shawnee,tiffanysprings@stortropolis.com,+18164633202,https://www.stortropolis.com/,Shawnee,KS
Guardian Self Storage - Chamblee,info@gbcatl.com,+17704586633,http://guardianselfstorageinc.com/,Chamblee,GA
Guardian Self Storage - Chamblee,info@guardianselfstorageinc.com,+17704586633,http://guardianselfstorageinc.com/,Chamblee,GA
Vault Storage Co - Chestertown,perryville@vaultstorageco.com,+14108102533,http://vaultstorageco.com/,Chestertown,MD
Vault Storage Co - Chestertown,millington@vaultstorageco.com,+14108102533,http://vaultstorageco.com/,Chestertown,MD
Vault Storage Co - Chestertown,chestertown@vaultstorageco.com,+14108102533,http://vaultstorageco.com/,Chestertown,MD
Vault Storage Co - Chestertown,berwyn@vaultstorageco.com,+14108102533,http://vaultstorageco.com/,Chestertown,MD
Daffodil Storage,info@daffodilstorage.com,+12065551234,https://daffodilstorage.com/,Puyallup,WA
ABCD Econo Storage - Brooksville - Annex,info@storageward.com,+12518673390,https://www.selfstoragegreen.com/,Brooksville,FL
ABCD Econo Storage - Brooksville - Annex,info@selmaselfstorage.com,+12518673390,https://www.selfstoragegreen.com/,Brooksville,FL
ABCD Econo Storage - Brooksville - Annex,info@abcdeconostorage.com,+12518673390,https://www.selfstoragegreen.com/,Brooksville,FL
ABCD Econo Storage - Brooksville - Annex,info@brewtonstorage.com,+12518673390,https://www.selfstoragegreen.com/,Brooksville,FL
ABCD Econo Storage - Brooksville - Annex,info@atmorestorage.com,+12518673390,https://www.selfstoragegreen.com/,Brooksville,FL
Load and Lock Self Storage - Walnutport,walnutport@loadlockselfstorage.com,+16105727253,https://www.loadlockselfstorage.com/,Walnutport,PA
Load and Lock Self Storage - Walnutport,albrightsville@loadlockselfstorage.com,+16105727253,https://www.loadlockselfstorage.com/,Walnutport,PA
Load and Lock Self Storage - Walnutport,canadensis@loadlockselfstorage.com,+16105727253,https://www.loadlockselfstorage.com/,Walnutport,PA
All Storage - Chisholm,chisholmtrail@allstorage.com,+16829004070,https://www.allstorageonline.com/,Crowley,TX
All Storage - Chisholm,saginaw@allstorageonline.com,+16829004070,https://www.allstorageonline.com/,Crowley,TX
Street Smart Storage,info@streetsmartstorage.com,+19107912323,https://www.streetsmartstorage.com/,Wilmington,NC
Beehive Pros Storage - Southborough,southboroughstorage@beehivepros.com,+15086359192,https://storage.beehivepros.com/,Southborough,MA
Stack-N-Stor - Schenectady,patterson@stacknstor.com,+15185004180,https://www.stacknstor.com/,Rotterdam,NY
Stack-N-Stor - Schenectady,milton@stacknstor.com,+15185004180,https://www.stacknstor.com/,Rotterdam,NY
Stack-N-Stor - Schenectady,rotterdam@stacknstor.com,+15185004180,https://www.stacknstor.com/,Rotterdam,NY
Storage Ward - Tuckahoe,info@storageward.com,+12518673390,https://www.selfstoragegreen.com/,Corbin City,NJ
Storage Ward - Tuckahoe,info@selmaselfstorage.com,+12518673390,https://www.selfstoragegreen.com/,Corbin City,NJ
Storage Ward - Tuckahoe,info@abcdeconostorage.com,+12518673390,https://www.selfstoragegreen.com/,Corbin City,NJ
Storage Ward - Tuckahoe,info@brewtonstorage.com,+12518673390,https://www.selfstoragegreen.com/,Corbin City,NJ
Storage Ward - Tuckahoe,info@atmorestorage.com,+12518673390,https://www.selfstoragegreen.com/,Corbin City,NJ
Stack N Stor - Patterson,patterson@stacknstor.com,+15185004180,https://www.stacknstor.com/,Patterson,NY
Stack N Stor - Patterson,milton@stacknstor.com,+15185004180,https://www.stacknstor.com/,Patterson,NY
Stack N Stor - Patterson,rotterdam@stacknstor.com,+15185004180,https://www.stacknstor.com/,Patterson,NY
Ocean Storage - Portsmouth,info@oceanstorage.com,+16099999999,https://www.oceanstorage.com/,Portsmouth,VA
Princeton Self Storage - Princeton,manager@princetonselfstorage.com,+16092792199,https://www.princetonselfstorage.com/,Princeton,NJ
Summit Self-Storage  Driggs  Outdoor Storage  Self Service,info@summitself-storage.com,+12087877867,https://www.summitself-storage.com/,Driggs,ID
Load and Lock Self Storage - Canadensis,walnutport@loadlockselfstorage.com,+16105727253,https://www.loadlockselfstorage.com/,Canadensis,PA
Load and Lock Self Storage - Canadensis,albrightsville@loadlockselfstorage.com,+16105727253,https://www.loadlockselfstorage.com/,Canadensis,PA
Load and Lock Self Storage - Canadensis,canadensis@loadlockselfstorage.com,+16105727253,https://www.loadlockselfstorage.com/,Canadensis,PA
ValuSpace Personal Storage - Troy,info@valuspace.com,+15184661000,https://www.valuspace.com/,Troy,NY
Storage Depot of Gainesville GA - Woodlake,info@storagedepotofgainesvillega.com,+17705360019,http://storagedepotofgainesvillega.com/,Gainesville,GA
4 Storage - Philadelphia,bristol@4storage4you.com,+12156619199,https://www.4storage4you.com/,Philadelphia,PA
4 Storage - Philadelphia,bethlehempike@4storage4you.com,+12156619199,https://www.4storage4you.com/,Philadelphia,PA
4 Storage - Philadelphia,oceantownship@4storage4you.com,+12156619199,https://www.4storage4you.com/,Philadelphia,PA
4 Storage - Philadelphia,philadelphia@4storage4you.com,+12156619199,https://www.4storage4you.com/,Philadelphia,PA
3 Key Self Storage,info@3keyselfstorage.com,+12702152938,https://www.3keyselfstorage.com/,Campbellsville,KY
Vault Storage - Berwyn,perryville@vaultstorageco.com,+14108102533,http://vaultstorageco.com/,Berwyn,PA
Vault Storage - Berwyn,millington@vaultstorageco.com,+14108102533,http://vaultstorageco.com/,Berwyn,PA
Vault Storage - Berwyn,chestertown@vaultstorageco.com,+14108102533,http://vaultstorageco.com/,Berwyn,PA
Vault Storage - Berwyn,berwyn@vaultstorageco.com,+14108102533,http://vaultstorageco.com/,Berwyn,PA
Ocean Storage - Suffolk,info@oceanstorage.com,+16099999999,https://www.oceanstorage.com/,Suffolk,VA
Ocean Storage - Greenyard,info@oceanstorage.com,+16099999999,https://www.oceanstorage.com/,Chester,VA
Storage Depot of Dallas - Fort Worth - Self Service,info@storagedepotofdallas.com,+19722658236,https://www.storagedepotofdallas.com/,Fort Worth,TX
Ocean Storage -Virginia Beach,info@oceanstorage.com,+16099999999,https://www.oceanstorage.com/,Virginia Beach,VA
Guardian Business Center - Chamblee,info@gbcatl.com,+17704586633,http://guardianselfstorageinc.com/,Chamblee,GA
Guardian Business Center - Chamblee,info@guardianselfstorageinc.com,+17704586633,http://guardianselfstorageinc.com/,Chamblee,GA
Rent-A-Space,crossroad@rent-a-space.com,+18603979562,https://www.rent-a-space.com/,Niantic,CT
Rent-A-Space,eastlyme@rent-a-space.com,+18603979562,https://www.rent-a-space.com/,Niantic,CT
Rent-A-Space,route85@rent-a-space.com,+18603979562,https://www.rent-a-space.com/,Niantic,CT
All Pro Storage - Canton,info@allprostorageohio.com,+13304530588,https://www.allprostorageohio.com/,Canton,OH
Mason Lansing Self Storage - Mason,info@masonlansingsafestorage.com,+15176768660,https://www.masonlansingsafestorage.com/,Mason,MI
StorTropolis Self Storage - Tiffany Springs,bluesprings@stortropolis.com,+18164633202,https://www.stortropolis.com/,Kansas City,MO
StorTropolis Self Storage - Tiffany Springs,shawnee@stortropolis.com,+18164633202,https://www.stortropolis.com/,Kansas City,MO
StorTropolis Self Storage - Tiffany Springs,lenexa@stortropolis.com,+18164633202,https://www.stortropolis.com/,Kansas City,MO
StorTropolis Self Storage - Tiffany Springs,brighton@stortropolis.com,+18164633202,https://www.stortropolis.com/,Kansas City,MO
StorTropolis Self Storage - Tiffany Springs,tiffanysprings@stortropolis.com,+18164633202,https://www.stortropolis.com/,Kansas City,MO
Mission Storage - Odessa,odessa@missionstorage.com,+3524361794,http://missionstorage.com/,Odessa,FL
Mission Storage - Odessa,crystalriver@missionstorage.com,+3524361794,http://missionstorage.com/,Odessa,FL
Mission Storage - Odessa,info@ziastor-all.com,+3524361794,http://missionstorage.com/,Odessa,FL
Mission Storage - Odessa,hernando@missionstorage.com,+3524361794,http://missionstorage.com/,Odessa,FL
Ocean Storage - Nettles Drive,info@oceanstorage.com,+16099999999,https://www.oceanstorage.com/,Newport News,VA
Storage Depot of Virginia Beach at Castleton Commerce Park - Virginia Beach,info@storagedepotvirginiabeach.com,+17574277437,http://storagedepotvirginiabeach.com/,Virginia Beach,VA
Ocean Storage - Yorktown,info@oceanstorage.com,+16099999999,https://www.oceanstorage.com/,Yorktown,VA
Ocean Storage - Chesapeake,info@oceanstorage.com,+16099999999,https://www.oceanstorage.com/,Chesapeake,VA
Rent-A-Space - Cross Road,crossroad@rent-a-space.com,+18603979562,https://www.rent-a-space.com/,Waterford,CT
Rent-A-Space - Cross Road,eastlyme@rent-a-space.com,+18603979562,https://www.rent-a-space.com/,Waterford,CT
Rent-A-Space - Cross Road,route85@rent-a-space.com,+18603979562,https://www.rent-a-space.com/,Waterford,CT
Available Self Storage,office@availableselfstorage.com,+12514712767,https://www.availableselfstorage.com/,Mobile,AL
S'more Space Storage - Landisville,info@smorespace.com,+17177425888,https://www.smorespacestorage.com/,Landisville,PA
S'more Space Storage - Landisville,willowstreet@smorespace.com,+17177425888,https://www.smorespacestorage.com/,Landisville,PA
Zia Stor-All - Hobbs,odessa@missionstorage.com,+3524361794,http://missionstorage.com/,Hobbs,NM
Zia Stor-All - Hobbs,crystalriver@missionstorage.com,+3524361794,http://missionstorage.com/,Hobbs,NM
Zia Stor-All - Hobbs,info@ziastor-all.com,+3524361794,http://missionstorage.com/,Hobbs,NM
Zia Stor-All - Hobbs,hernando@missionstorage.com,+3524361794,http://missionstorage.com/,Hobbs,NM
Stor-in-Dor - Wausau,info@storindor.com,+17155986285,https://www.storindor.com/,Wausau,WI
First Storage - Opelika,opelika@first-storage.com,+12513321849,https://www.first-storage.com/,Opelika,AL
South End Self Storage - Charlotte,manager@southendself-storage.com,+17045290362,http://southendself-storage.com/,Charlotte,NC
Salisbury Storage Warehouse - Salisbury,info@salisburystorage.com,+14107427772,https://www.salisburystorage.com/,Salisbury,MD
West Creek Self Storage - West Creek,manager@westcreekselfstorage.com,+16092966643,https://www.westcreekselfstorage.com/,West Creek,NJ
Stored Away Self Storage - Sneads Ferry,info@storedawayselfstorage.com,+19103272933,https://www.storedawayselfstorage.com/,Sneads Ferry,NC
Storage Depot of Dallas - Aubrey,info@storagedepotofdallas.com,+19722658236,https://www.storagedepotofdallas.com/,Aubrey,TX
Coastal Mini Storage - Sneads Ferry,info@coastalministoragesneadsferry.com,+19103272433,http://coastalministoragesneadsferry.com/,Sneads Ferry,NC
Street Smart Storage - Vass,info@streetsmartstorage.com,+19106924886,https://www.streetsmartstorage.com/,Vass,NC
Storage Depot of Gainesville GA - Westside,info@storagedepotofgainesvillega.com,+17705360019,http://storagedepotofgainesvillega.com/,Gainesville,GA
Defender Self Storage - Lorain,lorain@defenderselfstorage.com,+14402614418,https://www.defenderselfstorage.com/,Lorain,OH
Defender Self Storage - Lorain,pittsburgh@defenderselfstorage.com,+14402614418,https://www.defenderselfstorage.com/,Lorain,OH
Defender Self Storage - Lorain,greentree@defenderselfstorage.com,+14402614418,https://www.defenderselfstorage.com/,Lorain,OH
Storage Depot,info@storagedepot.co,+12569388063,https://storagedepot.co/,Fort Payne,AL
Calverton Self Storage - Catlett,info@calvertonstorage.com,+15407883213,http://calvertonstorage.com/,Catlett,VA
Defender Self Storage - Penn Hills,lorain@defenderselfstorage.com,+14402614418,https://www.defenderselfstorage.com/,Penn Hills,PA
Defender Self Storage - Penn Hills,pittsburgh@defenderselfstorage.com,+14402614418,https://www.defenderselfstorage.com/,Penn Hills,PA
Defender Self Storage - Penn Hills,greentree@defenderselfstorage.com,+14402614418,https://www.defenderselfstorage.com/,Penn Hills,PA
Ocean Storage - Chesapeake,info@oceanstorage.com,+16099999999,https://www.oceanstorage.com/,Chesapeake,VA
Mini-Maxi Storage Center - Tampa,office@mini-maxistorage.com,+18139336233,http://mini-maxistorage.com/,Tampa,FL
Storage Depot of Gainesville GA - Industrial,info@storagedepotofgainesvillega.com,+17705360019,http://storagedepotofgainesvillega.com/,Gainesville,GA
Mr. Storage - Toledo,glendale@mrstoragetoledo.com,+14195379000,https://www.mrstoragetoledo.com/,Toledo,OH
Mr. Storage - Toledo,reynolds@mrstoragetoledo.com,+14195379000,https://www.mrstoragetoledo.com/,Toledo,OH
Mr. Storage - Toledo,southtoledo@mrstoragetoledo.com,+14195379000,https://www.mrstoragetoledo.com/,Toledo,OH
B & G Storage - Atmore,info@storageward.com,+12518673390,https://www.selfstoragegreen.com/,Atmore,AL
B & G Storage - Atmore,info@selmaselfstorage.com,+12518673390,https://www.selfstoragegreen.com/,Atmore,AL
B & G Storage - Atmore,info@abcdeconostorage.com,+12518673390,https://www.selfstoragegreen.com/,Atmore,AL
B & G Storage - Atmore,info@brewtonstorage.com,+12518673390,https://www.selfstoragegreen.com/,Atmore,AL
B & G Storage - Atmore,info@atmorestorage.com,+12518673390,https://www.selfstoragegreen.com/,Atmore,AL
Storage Depot of Douglasville,info@storagedepotofdouglasville.com,+17709208000,https://www.storagedepotofdouglasville.com/,Douglasville,GA
Suncrest Mini Storage - Peoria,info@suncrestministorage.com,+16238788020,https://www.suncrestministorage.com/,Peoria,AZ
Georgetown Self Storage,info@georgetowndeselfstorage.com,+13028559800,https://www.georgetowndeselfstorage.com/,Georgetown,DE
Peninsula Mini Storage - Dagsboro,info@penmini.com,+13026295743,http://penmini.com/,Dagsboro,DE
Storage Bros - Idaho Falls,Max@mountainwestselfstorage.com,+12087156747,https://www.mountainwestselfstorage.com/,Idaho Falls,ID
Storage Bros - Idaho Falls,Secure@mountainwestselfstorage.com,+12087156747,https://www.mountainwestselfstorage.com/,Idaho Falls,ID
Storage Bros - Idaho Falls,Elite@mountainwestselfstorage.com,+12087156747,https://www.mountainwestselfstorage.com/,Idaho Falls,ID
Storage Bros - Idaho Falls,StorageBros@mountainwestselfstorage.com,+12087156747,https://www.mountainwestselfstorage.com/,Idaho Falls,ID
Mr. Storage - Toledo,glendale@mrstoragetoledo.com,+14195379000,https://www.mrstoragetoledo.com/,Toledo,OH
Mr. Storage - Toledo,reynolds@mrstoragetoledo.com,+14195379000,https://www.mrstoragetoledo.com/,Toledo,OH
Mr. Storage - Toledo,southtoledo@mrstoragetoledo.com,+14195379000,https://www.mrstoragetoledo.com/,Toledo,OH
Route 24 Self Storage,info@rt24selfstorage.com,+13029346800,https://www.rt24selfstorage.com/,Millsboro,DE