business_name,email,phone,website,city,state
Veterinary Cardiology Consultants,info@vetcardiologyconsultants.com,+12489464322,https://www.vetcardiologyconsultants.com/,Novi,MI
"Beall Animal Clinic: Larry Beall DVM, Heather Welsh DVM",beallanimalclinic@yahoo.com,+13372392435,https://beallanimalclinic.com/,Leesville,LA
Fedore Large Animal Veterinary Services,info@fedorevetservices.com,+12694450002,http://fedorevetservices.com/,Cassopolis,MI
Euclid Veterinary Hospital,euclidvethospital@yahoo.com,+19095914706,https://euclidveterinaryhospital.com/,Ontario,CA
Pine Banks Animal Hospital,pinebanksah@gmail.com,+17813211300,http://pinebanksanimalhospital.com/,Malden,MA
Doc's Veterinary Hospital,dvhrecords@gmail.com,+17758844362,https://docsvets.com/,Carson City,NV
Copper Country Veterinary Clinic,ccvc@pasty.net,+19064821771,https://ccvc.cc/,Atlantic Mine,MI
Monroe David DVM,tahoevet36@yahoo.com,+15305421952,https://sierraveterinaryhospital.com/,South Lake Tahoe,CA
Aycock Veterinary Clinic,aycockcustomer@hotmail.com,+19549898393,http://aycockvetclinic.com/,Davie,FL
Stonecrest Animal Medical Center,stonecrest@advancedvets.com,+13045251800,https://www.stonecrestanimalmedicalcenter.com/,Huntington,WV
North Florida Veterinary Specialists,info.jacksonville@bluepearlvet.com,+19046455585,http://nfvs.com/,Jacksonville,FL
PetCare Animal Hospital,reception@fbpetcare.com,+17709653773,https://flowerybranchpetcare.com/,Flowery Branch,GA
Alta Vista Veterinary Hospital,info@altavistavet.com,+16022771464,https://www.altavistavet.com/,Phoenix,AZ
South Fork Animal Clinic,forms@southforkanimalclinic.com,+12087457791,https://southforkanimalclinic.com/,Rigby,ID
River Ridge Animal Hospital,staff@riverridgevets.com,+18152883394,http://riverridgevets.com/,Dixon,IL
Heartland Animal Hospital,info@heartlandanimalvets.com,+15072147387,https://heartlandanimalvets.com/,Owatonna,MN
Pet Care & Surgery Center,staff@petcarecenter.org,+16203086454,http://petcarecenter.org/,Pittsburg,KS
5 Points Animal Hospital,info@5pointsanimalhospital.net,+16157505864,http://5pointsanimalhospital.net/,Nashville,TN
Double Oak Veterinary Medical Center,doubleoakveterinary@gmail.com,+19722212275,http://dovmc.com/,Double Oak,TX
HOPE Veterinary Clinic,hopevetclinicla@gmail.com,+12252718052,http://hopeveterinaryclinic.com/,Walker,LA
Richland Animal Clinic,clientcare@richlandanimalclinic.com,+16153566534,http://richlandanimalclinic.com/,Nashville,TN
Roswell Vets4Pets,receptionrvp@gmail.com,+17705949731,https://www.roswellvets4pets.com/,Roswell,GA
Paw Haven Animal Hospital,info@pawhavenvet.com,+18632931428,https://pawhavenvet.com/,Winter Haven,FL
Paws Whiskers and Claws,catspwc@pawswhiskersandclaws.com,+17705796001,https://pawswhiskersandclaws.com/,Marietta,GA
Block House Creek Animal Hospital,clientcare@bhcah.com,+15122594200,http://bhcah.com/,Cedar Park,TX
Chattahoochee Animal Clinic,1176CAC@gmail.com,+17709936329,https://myatlantavet.com/,Roswell,GA
The Bird & Exotic Hospital,info@birdexoticvet.com,+15619642121,https://birdexoticvet.com/,Greenacres,FL
"Lindale Veterinary Clinic, LLC",lindalevet@lindalevetclinic.com,+19034375110,http://lindalevet.com/,Lindale,TX
St. Bernard's Animal Hospital,stbernard904@gmail.com,+19046774430,http://stbernardsanimalhospitaljax.com/,Jacksonville,FL
Dr. Dawn's Pet Stop LLC,petstop@daktel.com,+17019527387,https://www.drdawnspetstop.com/,Jamestown,ND
Owings Mills Veterinary Center,hello@owingsmillsvet.com,+14108078193,https://www.owingsmillsvet.com/,Owings Mills,MD
Sploot Veterinary Care - RiNo,info@splootvets.com,+13125846127,https://www.splootvets.com/,Denver,CO
Finn Hill Animal Hospital Kirkland WA,info@finnhillanimalhospital.com,+14258142220,https://finnhillanimalhospital.com/,Kirkland,WA
Low Cost Pet Vet,contact@lowcostpetvet.net,+18176177387,https://www.lowcostpetvet.net/,Irving,TX
Crystal Springs Pet Hospital,info@crystalspringsph.com,+16503413438,https://crystalspringsph.com/,San Mateo,CA
Uptown Animal Hospital,abcvetut@gmail.com,+16192996020,https://uptownanimalhospitalsd.com/,San Diego,CA
Piper Glen Animal Hospital,piperglenah@gmail.com,+17045417171,http://piperglenanimalhospital.com/,Charlotte,NC
PetVet365 Pet Hospital & Dental Center Lexington/Brannon Crossing,info@petvet365.com,+14152000000,https://www.petvet365.com/,Nicholasville,KY
Palo Pinto Veterinary Clinic,palopintovc@gmail.com,+19402080012,https://palopintovetclinic.com/,Mineral Wells,TX
Sewell Animal Hospital,sewell.dvm@att.net,+19184235100,https://sewellanimalhospital.com/,McAlester,OK
Prosser Animal Hospital,contact@prosservet.com,+15097861393,https://prosseranimalhospital.vetstreet.com/,Prosser,WA
Cedar Animal Hospital,cedaranimalhospital@yahoo.com,+19127567560,http://cedaranimalhospital.com/,Richmond Hill,GA
Inglemoor Animal Hospital,inglemooranimalh@hotmail.com,+14254026500,https://inglemooranimalhospital.net/,Kenmore,WA
Summer Creek Animal Clinic,hello@summercreekvet.com,+18175231139,http://summercreekvet.com/,Fort Worth,TX
Clements Ferry Veterinary,hello@clementsferryveterinary.com,+18434711711,https://www.clementsferryveterinary.com/,Charleston,SC
Melton Veterinary Hospital,clientcare@meltonvet.com,+13182830656,http://meltonvet.com/,Bastrop,LA
Animal Medical Center of the Village,info@amcofthevillage.com,+17135243800,http://amcofthevillage.com/,Houston,TX
Airport Animal Hospital,airportanimal@gmail.com,+17148794531,https://www.airportanimal.net/,Fullerton,CA
Hoegemeyer Animal Clinic,clientcare@hoegemeyeranimalclinic.com,+18308966787,http://hoegemeyeranimalclinic.com/,Kerrville,TX
"Dollys Animal Clinic Miami, FL",dollysanimalclinic@yahoo.com,+17863961209,https://dollysanimalclinic.com/,Miami,FL
Animal Medical Center of Baytown,amc4601@gmail.com,+12814222821,http://amcofbaytown.com/,Baytown,TX
Airport Veterinary Clinic USDA Accreditated Veterinarian Class 2 All Animals.,airportvetclinic@gmail.com,+12066044509,http://airportvetclinic.com/,Tukwila,WA
Rising Sun Animal Care,info@risingsunanimalcare.com,+17202825769,http://risingsunanimalcare.com/,Denver,CO
Maricamp Animal Hospital,office@maricampanimalhospital.com,+13526240300,http://maricampanimalhospital.com/,Ocala,FL
Gage Animal Hospital,office@gage-animalhospital.com,+17852728876,https://www.gageanimalhospital.com/,Topeka,KS
Lone Star Animal Hospital,admin@lonestarvetcare.com,+17377778613,http://lonestarvetcare.com/,Dripping Springs,TX
Eastside Animal Hospital,office@eastsideanimalhospital.net,+15173322511,https://eastsideanimalhospital.net/,East Lansing,MI
Tyrone Veterinary Hospital,info@tyronevet.com,+17273818911,http://tyronevet.com/,St. Petersburg,FL
Goodwin Animal Hospital at Pike Road,gahpr@goodwinanimalhospital.com,+13342790500,http://goodwinanimalhospitalpikeroad.com/,Pike Rd,AL
Dr Pet MD,info@drpetmd.com,+17182742867,https://drpetmd.com/,Astoria,NY
Standiford Veterinary Center,standifordveterinarycenter@yahoo.com,+12095773481,https://www.standifordveterinary.com/,Modesto,CA
Garden Valley Veterinary Hospital,hello@gardenvalleyvet.com,+19706745105,http://gardenvalleyvet.com/,Windsor,CO
Los Altos Veterinary Clinic,frontdesk@losaltosvet.com,+16509488287,https://www.losaltosvet.com/,Los Altos,CA
Charlotte Street Animal Hospital,info@csahmail.com,+18282320440,http://charlottestreetanimalhospital.com/,Asheville,NC
Houston Veterinary Clinic PC,knoxhilliarddvm@gmail.com,+14789976677,https://www.houstonvetclinicga.com/,Warner Robins,GA
Paces Ferry Veterinary Clinic,records@pacesvet.com,+17704369822,http://pacesvet.com/,Atlanta,GA
Wilkinson Veterinary Clinic Premont,wilkinsonvet@gmail.com,+13614152356,https://wilkinsonvetclinic.com/,Premont,TX
Wilkinson Veterinary Clinic Premont,info@wilkinsonvetclinic.com,+13614152356,https://wilkinsonvetclinic.com/,Premont,TX
Parmer Lane Pet Hospital,parmerlanepethospital@gmail.com,+15122606957,http://parmerlanepethospital.com/,Cedar Park,TX
Chelsea Animal Hospital,info@chelseaanimal.com,+12056788895,http://chelseaanimal.com/,Chelsea,AL
Farrell Animal Hospital,info@farrellah.com,+18172656276,http://farrellah.com/,Arlington,TX
San Dimas Pet Clinic,sandimaspetclinic@gmail.com,+19092947478,https://www.sandimaspetclinic.com/,San Dimas,CA
Flat Creek Animal Clinic,flatcreekac@flatcreekac.com,+17704875354,http://flatcreekac.com/,Peachtree City,GA
Glen Oak Dog & Cat Hospital,ContactUs@glenoakanimalhospital.com,+18477295200,https://glenoakanimalhospital.com/,Glenview,IL
Village Veterinary,villagevetjupiter@yahoo.com,+15617943350,https://www.villagevet.net/,Tequesta,FL
Desert Ridge Animal Hospital,info@desertridgevets.com,+14806185333,https://desertridgevets.com/,Phoenix,AZ
Animal Medical Center,amcfvvet@gmail.com,+17145311155,https://www.amcfv.com/,Fountain Valley,CA
Coddle Creek Animal Hospital,reception@coddlecreekvet.com,+17047959005,http://coddlecreekvet.com/,Concord,NC
Hess Ridge Animal Hospital,admin@hessridgeanimalhospital.com,+17206007400,https://hessridgeanimalhospital.com/,Parker,CO
Ingleside Animal Hospital,ingleside@ingleside.com,+16028337511,https://www.ingleside.com/,Phoenix,AZ
West Denver Veterinary Hospital & Wellness,westdenverveterinary@gmail.com,+13034221262,http://westdenverveterinary.com/,Wheat Ridge,CO
Hurstbourne Animal Hospital,louisvillepetvet@gmail.com,+15024950509,http://louisvillepetvet.com/,Louisville,KY
Breckinridge Park Animal Hospital,info@bpah.net,+19726906900,http://bpah.net/,Richardson,TX
Salish Veterinary Hospital,frontdesk@salishvet.com,+14252920288,https://www.salishvet.com/,Snoqualmie,WA
Pleasant Valley Veterinary Clinic,pleasantvalleyvets@gmail.com,+15012173878,http://pleasantvalleyvetclinic.com/,Little Rock,AR
Lake Austin Blvd Animal Hospital,info@labah.com,+15124748888,http://labah.com/,Austin,TX
Southeast Veterinary Hospital,sevethospital@gmail.com,+19048231270,http://southeastveterinaryhospital.com/,St. Augustine,FL
Barbour Lane Animal Hospital,barbourlane@gmail.com,+15024265051,http://barbourlaneanimalhospital.com/,Louisville,KY
Bluffton Veterinary Hospital,blufftonvet@gmail.com,+18438155899,http://blufftonvet.com/,Bluffton,SC
Hillside Animal Clinic,records@hillsideanimalclinic.com,+18129238825,http://hillsideanimalclinic.com/,Floyds Knobs,IN
University Animal Clinic,staff@uacvet.com,+19412535218,http://theuniversityanimalclinic.com/,Bradenton,FL
Catawba Heights Animal Hospital,catawbaheightsah@gmail.com,+17048221966,https://www.catawbaheightsanimalhospital.com/,Belmont,NC
Catawba Heights Animal Hospital,clawsandpaws407@gmail.com,+17048221966,https://www.catawbaheightsanimalhospital.com/,Belmont,NC
Clark Road Animal Clinic,contact@clarkroadanimalclinic.com,+19419225007,https://www.clarkroadanimalclinic.com/,Sarasota,FL
Boise Animal Health and Urgent Care,info@boiseanimalhealth.com,+12089018360,https://www.boiseanimalhealth.com/,Boise,ID
Seventy First Animal Hospital,clientcare.seven@svp.vet,+19104875070,http://seventyfirstanhosp.com/,Fayetteville,NC
Animal Wellness Clinic of Tamarac,animalwellnessclinictamarac@gmail.com,+19547222100,http://tamaracvet.com/,Tamarac,FL
Intermountain Pet Hospital,info@iphmiddleton.com,+12085853041,https://www.iphmiddleton.com/,Middleton,ID
Hamburg Veterinary Clinic,hamburgvet@ptd.net,+19738272777,https://hamburgveterinaryclinic.com/,Hamburg,NJ
Dedham Veterinary Associates,info@dedhamvetassociates.com,+17813262800,https://dedhamvetassociates.com/,Dedham,MA
Goose Creek Veterinary Hospital,goosecreekvet@gmail.com,+15712919110,http://thegoosecreekvet.com/,Ashburn,VA
Cherokee Animal Hospital,info@cherokeeanimalhospital.com,+17704796505,https://cherokeeanimalhospital.com/,Canton,GA
Pouncey Tract Veterinary Hospital,askpouncey@ptvethospital.com,+18043644448,http://ptvethospital.com/,Glen Allen,VA
Columbia Pike Animal Hospital & Emergency Center,info@columbiapikeanimalh.com,+17032568414,https://www.columbiapikeanimalh.com/,Annandale,VA
Animal Medical Center of Chandler,myvet@amcofc.com,+14808782588,http://amcofc.com/,Chandler,AZ
Wellness Animal Hospital - Bradenton,info@wellnessah.com,+19414997171,https://wellnessanimalhospital.com/,Bradenton,FL
Animal Hospital of the Woodlands,reception@animalhospitalofthewoodlands.com,+18323812957,http://animalhospitalofthewoodlands.com/,The Woodlands,TX
Sploot Veterinary Care - Arvada,info@splootvets.com,+13125846127,https://www.splootvets.com/,Arvada,CO
Animal Care Veterinary Hospital,animalcareclinic@aol.com,+16158969503,http://animalcarevet.net/,Murfreesboro,TN
The Drake Center for Veterinary Care,clientservices@thedrakecenter.com,+17604569556,https://www.thedrakecenter.com/,Encinitas,CA
Shelbyville Road Veterinary Clinic,srvcvets@gmail.com,+15022453994,http://shelbyvilleroadvetclinic.com/,Louisville,KY
Southpoint Animal Hospital,info@southpointpets.com,+18662721484,http://southpointpets.com/,Durham,NC
Just 4 Pets Wellness Center,info@just4petsfl.vet,+12392705721,https://www.just4petsfl.vet/,Fort Myers,FL
Pets and Vets as Partners,staff@petsandvetsaspartners.com,+17654637877,https://petsandvetsaspartners.com/,West Lafayette,IN
Small Door Veterinary - Spring Valley,hi@smalldoorvet.com,+12129339044,https://www.smalldoorvet.com/,Washington,DC
Bakersfield Large Animal Hospital,BakersfieldLargeAnimal@gmail.com,+16618321150,https://www.bakersfieldlargeanimal.com/,Bakersfield,CA
Powers Ferry Animal Hospital,pfah5565@gmail.com,+17709551291,http://powersferryanimalhospital.com/,Atlanta,GA
Southwest Virginia Veterinary Services,svvspets1975@gmail.com,+12768895515,https://www.svvspets.com/,Lebanon,VA
Small Door Veterinary - Bethesda,hi@smalldoorvet.com,+12129339044,https://www.smalldoorvet.com/,Bethesda,MD
Pharr Road Animal Hospital,info@prahvet.com,+14042374601,http://prahvet.com/,Atlanta,GA
Bright Vet,hello@bright.vet,+18289982855,https://www.bright.vet/,Arden,NC
Radiocat,info@radiocat.com,+18003239729,http://radiocat.com/,Catonsville,MD
Urban Veterinary Associates,info@urbanvet.com,+16305418088,http://urbanpetvet.net/,Westmont,IL
All Creatures Veterinary Hospital,dvm@newburghvet.com,+18452551890,https://newpaltzvet.com/,New Paltz,NY
Rhinebeck Animal Hospital,info@rhinebeckanimalhospital.com,+18458766008,https://rhinebeckanimalhospital.com/,Rhinebeck,NY
Avondale Animal Hospital,avondaleanimal@gmail.com,+12053228566,http://avondaleanimal.com/,Birmingham,AL
Brevard Animal Hospital,bah@brevardanimalhospital.com,+18288838107,http://brevardanimalhospital.com/,Brevard,NC
White Plains Veterinary Hospital,whiteplainsvets@gmail.com,+19149460558,https://whiteplainsvets.com/,White Plains,NY
Kind Animal Hospital,Frontdesk@kindanimalhospital.com,+13059450409,http://kindanimalhospital.com/,North Miami Beach,FL
Cooper City Animal Clinic,mendydvm@gmail.com,+19544346166,https://www.coopercityanimalclinic.com/,Cooper City,FL
Edgewater Animal Hospital,edgewater@vipvets.com,+14072930212,http://edgewatervets.com/,Orlando,FL
"Winters Chapel Animal Hospital - Animal Clinic, Vets in Dunwoody GA",info@winterschapel.com,+17703940030,https://www.winterschapel.com/,Atlanta,GA
Pet Doctor of Chandler,office@petdoctoraz.com,+14806816866,http://petdoctoraz.com/,Chandler,AZ
Inman Park Animal Hospital,frontdesk@inmanparkanimalhospital.com,+14045880671,http://inmanparkanimalhospital.com/,Atlanta,GA
Beaver Meadow Veterinary Clinic,officemanager@beavermeadowvet.com,+13158962658,https://beavermeadowvet.com/,Barneveld,NY
380 West Animal Hospital,info@380westanimalhospital.com,+12145447881,http://380westanimalhospital.com/,McKinney,TX
Creekside Animal Hospital,creeksideah@gmail.com,+17657372742,https://www.creeksideah.com/,West Lafayette,IN
Wheat Ridge Animal Hospital,wrahbloodbank@wrah.com,+13034243325,http://wrah.com/,Wheat Ridge,CO
Wheat Ridge Animal Hospital,wrahinfo@wrah.com,+13034243325,http://wrah.com/,Wheat Ridge,CO
Republican Valley Vet Clinic,rvvc@republicanvalleyveterinaryclinic.com,+17853322262,https://republicanvalleyveterinaryclinic.com/,St Francis,KS
Hillsdale Animal Hospital,hillsdaleah@yourvetdoc.com,+13362813344,https://hillsdaleanimalhospital.com/,Advance,NC
Happy Tails Veterinary Center,info@happytailsveterinary.com,+13032227777,http://happytailsveterinary.com/,Aurora,CO
Crestview Veterinary Clinic at Tech Ridge,info@crestviewvctechridge.com,+15125726777,http://crestviewveterinaryclinictechridge.com/,Austin,TX
River City Veterinary Hospital,info@rivercityvet.com,+12088887300,http://vetmeridian.com/,Meridian,ID
Wilmington Animal Healthcare Veterinary Hospital,wilmingtonanimalhealthcare@gmail.com,+18775680954,http://wilmingtonanimalhealthcare.com/,Wilmington,NC
City Pet Hospital,staff@thecitypethospital.com,+14158493777,http://thecitypethospital.com/,Daly City,CA
Lake Forest Animal Hospital,frontdesk@lakeforestanimalhospital.com,+13017401565,http://lakeforestanimalhospital.com/,Gaithersburg,MD
Hefner Road Animal Hospital,hrah@hrahokc.com,+14057227257,https://hefnerroadanimalhospital.com/,Oklahoma City,OK
Tribby’s Hill High Animal Hospital,appt@hillhighanimal.com,+17068011008,https://hillhighanimal.com/www.hillhighanimal.com/index.php,Augusta,GA
Crossroads Animal Hospital,crossroadsanimalhospitalga@gmail.com,+17702531020,http://crossroadsanimalvet.com/,Newnan,GA
Plantation Animal Hospital,staff@plantationanimalhospital.net,+19042846997,http://plantationanimalhospital.net/,Fleming Island,FL
Clackamas Pet Clinic,info@clackamaspetclinic.com,+12035551234,https://www.clackamaspetclinic.com/site/home,Clackamas,OR
Viking Veterinary Hospital Idaho Falls Animal Emergency,info@vvhidaho.com,+12085460979,https://vvhidaho.com/,Idaho Falls,ID
Caldwell Mill Animal Clinic,receptionist@cmacvet.com,+12059810568,http://cmacvet.com/,Birmingham,AL
Veterinary Home Healthcare & Canine Chiropractic,contact@veterinaryhomehealthcare.net,+17318195149,https://veterinaryhomehealthcare.net/,Martin,TN
Purdue University Small Animal Hospital,vetwebteam@purdue.edu,+17654947607,https://vet.purdue.edu/,West Lafayette,IN
Gentle Touch Animal Hospital,staff@gentletouchanimalhospital.com,+13037595659,http://gentletouchanimalhospital.com/,Denver,CO
Gotham Veterinary Center,gvc@gothamvetcenter.com,+12122221900,https://gothamvetcenter.com/,New York,NY
Dr. Nina's Animal Hospital Sarasota,clientcare.ninas@svp.vet,+19413661222,http://drnina.com/,Sarasota,FL
Sugar River Animal Hospital,grantham.vet@gmail.com,+16033694446,https://www.sugarriveranimalhospital.com/,Grantham,NH
Pet Medical Center,info@pet-medcenter.com,+12546907017,http://pet-medcenter.com/,Harker Heights,TX
Animal Care of Ponte Vedra,reception@animalcareofpontevedra.com,+19042804544,http://animalcareofpontevedra.com/,Ponte Vedra Beach,FL
Dutch Fork Animal Hospital,dfah@dfah.net,+18037817483,http://dutchforkanimalhospital.com/,Irmo,SC
HousePaws Mobile Veterinary Service of Mount Laurel,Pharmacy@housepawsmobilevet.com,+12156311313,https://housepaws.us/,Mt Laurel Township,NJ
HousePaws Mobile Veterinary Service of Mount Laurel,info@housepawsmobilevet.com,+12156311313,https://housepaws.us/,Mt Laurel Township,NJ
Alpine Animal Hospital,AlpineAnimalHospital@frontier.com,+15093344561,https://www.alpineanimalhospital.com/,Pullman,WA
Advanced Pet Care Clinic,apcc@advancedpetcareclinic.com,+13192777653,https://www.advancedpetcareclinic.com/,Cedar Falls,IA
Long Animal Hospital and Emergency Center | Charlotte NC,care@longanimal.com,+17045232996,http://longanimal.com/,Charlotte,NC
La Cumbre Animal Hospital,frontdesk@lcah.com,+18056263388,https://www.lcah.com/,Santa Barbara,CA
Premium Vet Care - Mobile Animal Hospital,records@premiumvetcare.com,+17549002030,https://premiumvetcare.com/,Coral Gables,FL
Premium Vet Care - Mobile Animal Hospital,records@premiumvetcare.com,+17549002030,https://premiumvetcare.com/,Coral Springs,FL
Redwood Animal Hospital,redwood_info@yahoo.com,+13103795061,http://animalhousedoctor.com/,Redondo Beach,CA
Small Door Veterinary - McLean,hi@smalldoorvet.com,+12129339044,https://www.smalldoorvet.com/,McLean,VA
Isa Animal Clinic,isavetclinic@gmail.com,+13056461590,https://www.animalclinictamiami.com/,Miami,FL
Sepulveda Animal Hospital,info@sepulvedaanimalhospital.com,+13103970774,https://www.sepulvedaanimalhospital.com/,Culver City,CA
Pet Care Center Chalmette,info@petcarecenterchalmette.com,+15042774949,http://petcarecenterchalmette.com/,Chalmette,LA
Advanced Pet Care of Parker,records@apcofparker.com,+13038406300,http://apcofparker.com/,Parker,CO
Dominion Crossing Veterinary Hospital,reception@dominioncrossingvet.com,+12106476022,http://dominioncrossingvet.com/,San Antonio,TX
Striegel Animal Hospital,info@striegelvet.com,+16184574133,https://www.striegelvet.com/,Carbondale,IL
Summertree Animal & Bird Clinic,sabcclientservices@gmail.com,+19723874168,http://summertreevet.com/,Dallas,TX
Mobley Veterinary Clinic,mobleyvetclinic@comcast.net,+16152620415,http://mobleyveterinaryclinic.com/,Nashville,TN
Aspen Arbor Animal Hospital,info@aspenarborah.com,+13034236021,http://aspenarboranimalhospital.com/,Broomfield,CO
Shores Animal Hospital,clientcare@shoresanhosp.com,+13523719072,http://shoresanhosp.com/,Gainesville,FL
Tuscawilla Animal Hospital,TuscaDVM@gmail.com,+14076991500,http://tuscawillavet.com/,Winter Springs,FL
Hingham Animal Clinic,HinghamAnimalClinic@gmail.com,+17817491243,https://hinghamanimalclinic.com/,Hingham,MA
Stagecoach Pet Hospital,stagecoachpethospital@gmail.com,+12542009559,http://stagecoachpet.com/,Killeen,TX
Brookside Veterinary Hospital,petfriends@brookvet.com,+12535251539,https://www.brookvet.com/,Gig Harbor,WA
Hickory Ridge Animal Hospital,hickoryridgeanimalhospital@yahoo.com,+14107307444,http://hickoryridgeanimal.com/,Columbia,MD
Animal Medical Centre Of Greensboro,amcpetsgreensboro@gmail.com,+13368555821,https://amcpets.com/,Greensboro,NC
Blairsville Animal Hospital,blairsvillecs@gmail.com,+17067456987,http://blairsvilleanimalhospital.com/,Blairsville,GA
Sunset Canyon Veterinary Clinic,sunsetcanyonvetclinic@yahoo.com,+15128940266,http://sunsetcanyonveterinaryclinic.com/,Dripping Springs,TX
Oakdale Veterinary Group,info@oakdalevetgroup.com,+12092873222,https://www.oakdaleveterinarygroup.com/,Oakdale,CA
Suburban Animal Hospital,reception@sahgainesville.com,+13523773361,http://sahgainesville.com/,Gainesville,FL
The Oncology Service - Richmond,leesburg@tosvets.com,+15712091176,https://www.tosvets.com/,Richmond,VA
The Oncology Service - Richmond,richmond@tosvets.com,+15712091176,https://www.tosvets.com/,Richmond,VA
The Oncology Service - Richmond,springfield@tosvets.com,+15712091176,https://www.tosvets.com/,Richmond,VA
Crossroads Veterinary Hospital,info@crossroadsvethospital.com,+12545428700,http://crossroadsvethospital.com/,Copperas Cove,TX
Care Animal Hospital of Libertyville,cah@carelibertyville.com,+18475498500,https://www.carelibertyville.vet/,Libertyville,IL
Clayton Animal Hospital,clientcare@claytonanimalhospital.com,+19195534601,http://claytonanimalhospital.com/,Clayton,NC
Warren County Veterinary Clinic,info@warrencountyvetclinic.com,+15406354176,http://wcvet.com/,Front Royal,VA
River Road Veterinary Hospital,info@riverroadvets.com,+15048380288,https://riverroadvets.com/,Jefferson,LA
Above & Beyond Veterinary Hospital,info@abvethospital.com,+12818439069,https://abvethospital.com/,Pearland,TX
Broadway Veterinary Hospital,vetbroadway@gmail.com,+12083443863,http://broadwayvethosp.net/,Boise,ID
Acorn Hills Animal Center / Amador Veterinary Emergency Clinic,acornhillsanimalcenter@gmail.com,+12092675554,http://acornhillsanimalcenter.com/,Sutter Creek,CA
Helena Veterinary Clinic,clientcare@helenavetclinic.com,+12056212021,http://helenavetclinic.com/,Helena,AL
Veterinary Urgent Care Center - Braintree,dedham@veturgentcare.com,+17742518576,https://veturgentcare.com/,Braintree,MA
Veterinary Urgent Care Center - Braintree,eastprovidence@veturgentcare.com,+17742518576,https://veturgentcare.com/,Braintree,MA
Veterinary Urgent Care Center - Braintree,easton@veturgentcare.com,+17742518576,https://veturgentcare.com/,Braintree,MA
Veterinary Urgent Care Center - Braintree,worcester@veturgentcare.com,+17742518576,https://veturgentcare.com/,Braintree,MA
Veterinary Urgent Care Center - Braintree,plymouth@veturgentcare.com,+17742518576,https://veturgentcare.com/,Braintree,MA
Veterinary Urgent Care Center - Braintree,braintree@veturgentcare.com,+17742518576,https://veturgentcare.com/,Braintree,MA
Veterinary Urgent Care Center - Braintree,saugus@veturgentcare.com,+17742518576,https://veturgentcare.com/,Braintree,MA
South 71 Veterinary Clinic,south71@south71vetemail.com,+13202357396,https://south71vet.com/,Willmar,MN
Central Texas Veterinary Specialty & Emergency Hospital,info@ctvseh.com,+15128929038,https://www.ctvsh.com/,Round Rock,TX
Crestview Veterinary Clinic,info@crestviewvc.com,+15125352100,http://crestviewvc.com/,Austin,TX
Haas Animal Hospital,haasanimalhosp@aol.com,+13186484986,https://haasanimalhospital.com/,Pineville,LA
Main Street Veterinary Hospital,mainstvethospital@verizon.net,+14108333646,http://mainstvet.com/,Reisterstown,MD
Marco Veterinary Hospital,staff@marcovethospital.com,+12393942535,http://marcovethospital.com/,Marco Island,FL
Andover Animal Hospital,mailaah@andoveranimal.com,+19784753600,https://andoveranimal.com/,Andover,MA
Northrock Hospital for Animals,info@northrockvet.com,+13166361200,http://northrockvet.com/,Wichita,KS
The Animal Clinic,clientcare@theanimalclinictn.com,+16158240580,http://theanimalclinictn.com/,Hendersonville,TN
Griffith Small Animal Hospital,gsahstaff@griffithvet.net,+15124535889,http://griffithanimalhospital.com/,Austin,TX
Beauchamp Animal Hospital,beauchampanimalhospital@comcast.net,+16157945685,https://beauchampanimalhospital.com/,Franklin,TN
Northwind Animal Hospital,northwindanimalhospital@gmail.com,+14106684806,https://www.northwindvethospital.com/,Parkville,MD
Grote Veterinary Clinic,grote@riverstonevetgroup.com,+18172709415,https://www.riverstonevetgroup.com/,Weatherford,TX
Grote Veterinary Clinic,riverstone@riverstonevetgroup.com,+18172709415,https://www.riverstonevetgroup.com/,Weatherford,TX
Sploot Veterinary Care - Logan Square,info@splootvets.com,+13125846127,https://www.splootvets.com/,Chicago,IL
Central Texas Veterinary Speciality and Emergency Hospital,info@ctvseh.com,+15128929038,https://www.ctvsh.com/,Austin,TX
Firehouse Animal Health Center Westlake,westlakeinfo@firehouse.vet,+15127659009,https://firehouseaustin.com/,Austin,TX
Parker Road Veterinary Hospital,office@parkerroadvet.com,+19724426523,http://parkerroadvet.com/,Wylie,TX
Commonwealth Animal Hospital,info@commonwealthanimal.com,+18047635600,http://commonwealthanimal.com/,Midlothian,VA
"Southwood Animal Hospital, Inc.",southwoodanimalhospital@gmail.com,+14789230118,http://southwoodanimalhospital.net/,Warner Robins,GA
Animal Doctors,animaldoctors@jtownvets.com,+15022674087,https://jtownvets.com/,Louisville,KY
Carolina Forest Veterinary Hospital,carolinaforestvh@yahoo.com,+18432367383,http://carolinaforestveterinary.com/,Myrtle Beach,SC
Woodruff Road Animal Hospital,clientservices@woodruffrdah.com,+18642345995,http://woodruffrdah.com/,Simpsonville,SC
Animal Medical Center of Plano,animalmedcenter@yahoo.com,+19729858448,http://amcofplano.com/,Plano,TX
Northlake Veterinary Hospital,petcare.northlakevet@gmail.com,+19856260212,http://northlakeveterinaryhospital.com/,Mandeville,LA
Snow Animal Health Care,info@snowanimalhealth.com,+15176634000,https://www.snowanimalhealth.com/,Eaton Rapids,MI
Best Friends Animal Hospital,callbestfriends@gmail.com,+19127647387,http://bestfriendsanimals.com/,Statesboro,GA
Columbus Veterinary Medical Center,cvmc2005@gmail.com,+17065613341,http://cvmcvet.com/,Columbus,GA
River Valley Veterinary Hospital | Fox Chapel | Oakmont | Springdale,clientinfo@rivervalleyvh.com,+17242745575,https://www.rivervalleyvh.com/,Springdale,PA
Waco Animal Hospital,aacwaco@gmail.com,+18593695678,https://www.advancedanimalcare.com/locations/waco-animal-hospital,Waco,KY
Bonnie Brae Veterinary Hospital,clientcare@bonniebrae.vet,+18288946064,http://bonniebraeveterinaryhospital.com/,Columbus,NC
Treasure Valley Veterinary Hospital,frontdesk@treasurevalleyvet.com,+12089226811,http://treasurevalleyvetkuna.com/,Kuna,ID
Carroll Gardens Veterinary Group,staff@thegardenvet.com,+17188757007,https://thegardenvet.com/,Brooklyn,NY
Feather & Fur Animal Hospital,featherandfurah@gmail.com,+18082541548,http://featherandfur.com/,Kailua,HI
Neabore Veterinary Clinic,info@neaborevet.com,+18565284222,https://neaborevet.com/,Haddonfield,NJ
Roseville Veterinary Clinic,roseville@svp.vet,+15408371334,http://rosevillevet.com/,Boyce,VA
Alpine Veterinary Hospital,alpineveterinaryhospital@comcast.net,+19258258464,http://alpinevethosp.com/,Concord,CA
PetVet365 Pet Hospital Florence,info@petvet365.com,+14152000000,https://www.petvet365.com/,Florence,KY
Premium Vet Care - Mobile Animal Hospital,records@premiumvetcare.com,+17549002030,https://premiumvetcare.com/,Fort Lauderdale,FL
Power Road Animal Hospital,info@powerroadpet.com,+14806414141,http://powerroadanimalhospital.com/,Mesa,AZ
Southside Animal Hospital,southsidevets@gmail.com,+16153333655,http://southsidevets.com/,Nashville,TN
Sun City Center Veterinary Clinic,suncityvetclinic@gmail.com,+18133314444,http://suncityvet.net/,Sun City Center,FL
Neighborhood Vets Mobile Care,info@neighborhoodvets.com,+19134238375,https://www.neighborhoodvets.com/,Leawood,KS
Hickory Veterinary and Specialty Hospital,info@hickoryvet.com,+16102157717,https://www.hickoryvet.com/,Plymouth Meeting,PA
Hickory Veterinary and Specialty Hospital,hpi@hickorypetinn.com,+16102157717,https://www.hickoryvet.com/,Plymouth Meeting,PA
Hickory Veterinary and Specialty Hospital,info@hickoryvetambler.com,+16102157717,https://www.hickoryvet.com/,Plymouth Meeting,PA
Crosby Veterinary Clinic,crosbyveterinaryclinic@gmail.com,+12813284221,http://crosbyvet.com/,Crosby,TX
Sploot Veterinary Care - Platt Park,info@splootvets.com,+13125846127,https://www.splootvets.com/,Denver,CO
Cave Spring Veterinary Clinic,frontdesk@cavespringvet.com,+15407768265,https://cavespringvet.com/,Roanoke,VA
Morganna Animal Clinic & Boarding Kennel,morgannaanimalclinic@gmail.com,+17033614196,https://morgannaanimalclinicva.com/,Manassas,VA
Cumming Veterinary Clinic,info@cummingvetclinic.com,+17702095355,http://cummingvetclinic.com/,Cumming,GA
Cumming Veterinary Clinic,info@cummings.beyondindigopets.com,+17702095355,http://cummingvetclinic.com/,Cumming,GA
Lyon Veterinary Clinic,frontdesk@lyonveterinaryclinic.com,+12484865600,https://lyonveterinaryclinic.com/,South Lyon,MI
Community Animal Clinic,cacofsp@yahoo.com,+16784014588,https://thecommunityvet.com/,Powder Springs,GA
East Greenville Animal Hospital,info@eastgreenvilleanimalhospital.com,+18642923210,http://eastgreenvilleanimalhospital.com/,Taylors,SC
Northside Veterinary Hospital,northsidevethospital@yahoo.com,+13374579999,http://northsideveterinaryhospital.com/,Eunice,LA
Abadie Veterinary Hospital,avh@abadie.vet,+15047378353,http://abadievet.com/,Harahan,LA
Noah's Ark Veterinary Hospital,noahsarkcaryvet@gmail.com,+19194690029,http://noahsarkcary.com/,Cary,NC
Valley West Veterinary Hospital,staff@elkvalleyvets.com,+13049150944,https://www.valleywestvets.com/,Charleston,WV
Valley West Veterinary Hospital,staff@valleywestvets.com,+13049150944,https://www.valleywestvets.com/,Charleston,WV
San Francisco Pet Hospital,info@sfpethospital.com,+14158438788,https://www.sfpethospital.com/,San Francisco,CA
Faithful Friends Veterinary Clinic,clientcare@faithfulfriendsvc.com,+16143890997,https://faithfulfriendsvetclinic.com/,Dublin,OH
Boyd Lake Veterinary Center,boydlakevet@gmail.com,+19705931717,http://boydlakevet.com/,Loveland,CO
Bayshore Animal Hospital & Avian Practice,bayshoredvm@gmail.com,+17273813900,http://bayshorevetstpete.com/,St. Petersburg,FL
"Dr. Nina Krajewski, Veterinarian",info@wellnessah.com,+19414997171,https://wellnessanimalhospital.com/,Bradenton,FL
Livermore Family Pet Hospital,wecare@livermorefamilypet.com,+19257446421,https://www.livermorefamilypet.com/,Livermore,CA
Linworth Animal Hospital,linworthah@gmail.com,+16148885170,http://linworthanimalhospital.com/,Worthington,OH
Hemlock Bluffs Animal Hospital,info@hemlockbluffs.com,+19193621223,http://hemlockbluffsanimalhospital.com/,Holly Springs,NC
North Greenville Animal Hospital,NGAH1300@gmail.com,+18642448281,http://northgreenvilleanimalhospital.com/,Greenville,SC
Tisdale Animal Hospital Emergency & Wellness Center,tisdaleanimalhospital@gmail.com,+15023843260,https://tisdaleanimalhospital.com/,Louisville,KY
Livewell Animal Urgent Care of East Nashville,hello@livewelleastnashville.com,+16156568538,https://livewellanimaleastnashville.com/,Nashville,TN
Carroll County Veterinary Clinic,info@carrollcovet.com,+14108483100,https://carrollcovet.com/,Westminster,MD
Dorado Animal Hospital & Surgical Center,info@doradohospital.com,+17607306626,https://www.doradohospital.com/,Oceanside,CA
"Loudoun Veterinary Service, Inc",loudounvet@verizon.net,+15403387118,http://loudounvetservice.com/,Purcellville,VA
Small Door Veterinary - Navy Yard,hi@smalldoorvet.com,+12129339044,https://www.smalldoorvet.com/,Washington,DC
Memphis Animal Clinic,clientcare@memphisanimalclinic.com,+19012721815,http://memphisanimalclinic.com/,Memphis,TN
Animal Medical Clinic P.C.,info@amchuntsville.com,+12564345290,https://www.amchuntsville.com/,Huntsville,AL
Silver Star Animal Hospital,silverstarvets@gmail.com,+14072937297,https://silverstarvets.com/,Orlando,FL
Hays Veterinary Hospital,hvhosp@eaglecom.net,+17856257398,http://haysvethosp.com/,Hays,KS
Animal Infirmary of Hoboken,hobokenvet@michaeltuderdvm.com,+12014207387,https://michaeltuderdvm.com/,Hoboken,NJ
Animal Infirmary of Hoboken,jcheightsvet@michaeltuderdvm.com,+12014207387,https://michaeltuderdvm.com/,Hoboken,NJ
Animal Infirmary of Hoboken,jcdowntownvet@michaeltuderdvm.com,+12014207387,https://michaeltuderdvm.com/,Hoboken,NJ
Animal Infirmary of Hoboken,bayonnevet@michaeltuderdvm.com,+12014207387,https://michaeltuderdvm.com/,Hoboken,NJ
Vine Animal Hospital,office@vinevet.com,+17706965668,https://vinevet.com/,Alpharetta,GA
Middletown Animal Hospital,support@mah.vet,+15134220615,https://middletownah.com/,Middletown,OH
Quivira Crossing Veterinary Clinic,quiviracrossingvc@yahoo.com,+19132988327,https://quiviracrossingvetclinic.com/,Overland Park,KS
Best Friend Veterinary & Pet Lodge,bestfriendvets@comcast.net,+17708677146,http://bestfriendvets.com/,Braselton,GA
Small Door Veterinary - Williamsburg,hi@smalldoorvet.com,+12129339044,https://www.smalldoorvet.com/,Brooklyn,NY
Bees Ferry Veterinary Hospital,helpline@beesferry.com,+18437696784,http://beesferry.com/,Charleston,SC
Tenth Street Animal Hospital,infotenthstvet@gmail.com,+12528300881,http://tenthstvet.com/,Greenville,NC
Lombard Veterinary Hospital,info@lombardvet.com,+16306277096,https://www.lombardvet.com/,Lombard,IL
Lombard Veterinary Hospital,refills@lombardvet.com,+16306277096,https://www.lombardvet.com/,Lombard,IL
Hope Advanced Veterinary Center,contact@hopeadvancedvet.com,+17032810149,http://hopecentervet.com/,Vienna,VA
Belton Veterinary Clinic,info@beltonvetclinic.com,+12549353693,https://www.beltonvetclinic.com/?wait-before-scraping=1000&save-html=false&save-markdown=true,Belton,TX
Carson Animal Hospital,carsonvet337@yahoo.com,+13378068960,https://www.carsonvet.com/,Lafayette,LA
Millwood Animal Hospital,info@millwoodanimalhosp.com,+19149411801,https://www.millwoodanimalhosp.com/,Millwood,NY
Woodlands Creek Animal Hospital,info@woodlandscreekanimalhospital.com,+12813565705,http://woodlandscreekanimalhospital.com/,Magnolia,TX
Cypress Veterinary Clinic,info@cypressvetcare.com,+14847340686,http://cypressveterinaryclinic.com/,Kennett Square,PA
Animal Hospital of Statesville,staff@ahofstatesville.com,+17048021280,https://www.ahofstatesville.com/,Statesville,NC
Family Pet Hospital of Stone Oak,familypethospitalofstoneoak@yahoo.com,+12104952722,http://familypethospitalofstoneoak.net/,San Antonio,TX
Gwinnett Animal Hospital,gahteam@aol.com,+17709720447,http://gwinnettanimalhospital.com/,Snellville,GA
Orange City Family Animal Care,ocsmallanimal@famanimalcare.com,+17127072273,https://ocfamilyanimalcare.com/,Orange City,IA
Doerr Animal Clinic,dac@doerranimalclinic.com,+15024251275,http://doerranimalclinic.com/,Louisville,KY
ZippiVet,starranch@zippivet.com,+15125963749,https://zippivethutto.com/,Hutto,TX
Cat Care Center,help@catcarecenter.com,+12252281039,https://www.catcarecenter.com/,Baton Rouge,LA
Livewell Animal Hospital of Huntersville,hello@livewellhuntersville.com,+17045572487,https://livewellanimalhuntersville.com/,Huntersville,NC
Animal House Veterinary Center,animalhousedelray@gmail.com,+15614548094,https://www.animalhouseveterinarycenterdelray.com/,Delray Beach,FL
South Franklin Animal Hospital,cherylssdvm@gmail.com,+16155952337,https://southfranklinanimalhospital.com/,Franklin,TN
South Franklin Animal Hospital,southfranklinanimalhospital@gmail.com,+16155952337,https://southfranklinanimalhospital.com/,Franklin,TN
Cibolo Creek Veterinary Hospital,mail@cibolocreekvethospital.com,+18772496994,http://cibolocreekvethospital.com/,Boerne,TX
Hurst Animal Clinic,Reception@hurstanimalclinic.com,+18172821463,http://hurstanimalclinic.com/,Hurst,TX
Madison Veterinary Hospital,info@madisonvet.com,+12568373648,http://madisonvet.com/,Madison,AL
Mountain Animal Hospital Center,info@mountainanimalhospitalcenter.com,+19703286809,http://mountainanimalhospitalcenter.com/,Eagle,CO
Springtown Veterinary Hospital,springtownvethospital@gmail.com,+15123532717,http://springtownvet.com/,San Marcos,TX
All About Animals Inc,allaboutanimalsfl@gmail.com,+18136818387,http://allaboutanimals.biz/,Seffner,FL
All Creatures Animal Hospital,info@txacvet.com,+18173266262,https://www.allcreaturesgranbury.com/,Granbury,TX
Intermountain Pet Hospital - Nampa,info@iphnampa.com,+12086158902,https://www.iphnampa.com/,Nampa,ID
Town & Country Animal Hospital,info@townandcountryanimalh.com,+17032732110,http://townandcountryanimalh.com/,Fairfax,VA
GentleCare Pet Hospital,vet@gentlecarepethospital.com,+18139494416,https://gentlecarepethospital.com/,Land O' Lakes,FL
St. Matthews Animal Clinic,staff@stmatthewsanimalclinic.com,+15028958100,https://stmatthewsanimalclinic.com/,Louisville,KY
Newport Animal Hospital,hello@newportveterinary.com,+12399709376,https://www.newportveterinary.com/,Bonita Springs,FL
Ark Animal Hospital,ArkinPace@gmail.com,+18509940677,http://arkanimalhospitalinpace.com/,Pace,FL
Jones Bridge Animal Hospital,clientcare@jonesbridgevet.com,+17704100044,http://jonesbridgevet.com/,Johns Creek,GA
Signal Hill Animal Clinic,signalhillanimal@yahoo.com,+17033306767,http://signalhillanimalclinic.net/,Manassas,VA
Stewart Animal Clinic,clientcare@stewartanimalclinic.com,+12056478140,http://stewartanimalclinic.com/,Warrior,AL
Chandler Gilbert Animal Hospital,info@chandlerpet.com,+14808955650,http://chandlergilbertanimalhospital.com/,Chandler,AZ
Avery Creek Pet Hospital,staff.acph@gmail.com,+18286510458,http://averycreekpethospital.com/,Arden,NC
Stone Ridge Veterinary Medical Center,info@mystoneridgevet.com,+19368562927,http://willisvet.com/,Willis,TX
Tall Grass Animal Hospital,admin@tallgrassanimalhospital.com,+17204209922,http://tallgrassanimalhospital.com/,Aurora,CO
Companion Lake Zurich,mailbox@companionlz.com,+18474383750,https://companionlz.com/,Lake Zurich,IL
"Intermountain Pet Hospitals, Chinden",info@iphchinden.com,+12088882457,https://www.iphchinden.com/,Meridian,ID
Animal Medical Center of Middletown,amcdrs@bestvets.com,+15022456252,http://bestvets.com/,Louisville,KY
DePorre Veterinary Hospital,info@deporrevet.com,+12486091625,https://www.deporrevet.com/,Bloomfield Hills,MI
Seiler Animal Hospital,seileranimalhospital@comcast.net,+19547272571,http://seileranimalhospital.com/,Fort Lauderdale,FL
East Louisville Animal Hospital,info@eastlouisvilleanimalhospital.com,+15022667007,https://eastlouisvilleanimalhospital.com/,Louisville,KY
"Cicero Animal Clinic, P.C",info@ciceroanimalclinic.com,+13156990050,https://ciceroanimalclinic.com/,Brewerton,NY
Oak View Animal Hospital,info@oakviewah.com,+12059883559,http://oakviewah.com/,Hoover,AL
Firetower Animal Clinic,firetowerac@gmail.com,+12523531072,http://firetowervet.com/,Winterville,NC
Scottsdale Animal Healthcare,Reception@scottsdaleanimalhealthcare.com,+14805389000,http://scottsdaleanimalhealthcare.com/,Scottsdale,AZ
Black Butte Veterinary Clinic,blackbuttevet@gmail.com,+15309265233,https://www.blackbuttevet.com/,Sisters,OR
LifeCare Animal Hospital,info@lifecareah.com,+14808957800,http://lifecareah.com/,Chandler,AZ
Noah's Ark Veterinary Hospital,info@noahsarkvet.com,+18043318734,http://noahsarkvet.com/,Williamsburg,VA
Tecumseh Animal Clinic,pepperhillvet@gmail.com,+14023353334,https://tecumsehanimal.com/,Tecumseh,NE
Taylor Crossing Animal Hospital,tcah@svp.vet,+13342609256,http://taylorcrossingvet.com/,Montgomery,AL
Fort Worth Animal Emergency Hospital,records@fortworthanimalemergency.com,+18172632900,https://www.fortworthanimalemergency.com/,Fort Worth,TX
Ark Veterinary Hospital,arkanimalstaff@outlook.com,+12549687916,https://www.arkveterinary.com/,Stephenville,TX
Seaside Veterinary Hospital,clientcare.seaside@svp.vet,+19126345941,http://seasidevets.com/,St Simons Island,GA
KindVet of Sarasota Urgent Care,office@kindvetsarasota.com,+19419220880,https://kindvetsarasota.com/,Sarasota,FL
"Sonja C. Webster-Hills, DVM",Staff@islandsvet.com,+13603782333,http://islandsvet.com/,Friday Harbor,WA
Small Door Veterinary - West Village,hi@smalldoorvet.com,+12129339044,https://www.smalldoorvet.com/,New York,NY
Bend Animal Emergency and Specialty Center,info@bendanimaler.com,+15413859110,https://www.bendanimaler.com/,Bend,OR
Four Paws Veterinary Center,fourpawsdublin@gmail.com,+19258297297,https://fourpawsdublin.com/,Dublin,CA
Redstone Animal Hospital,info@mypetsplace.com,+13036831675,https://www.redstonevet.com/,Littleton,CO
Redstone Animal Hospital,info@redstonevet.com,+13036831675,https://www.redstonevet.com/,Littleton,CO
Livewell Animal Hospital of Little Elm,hello@livewelllittleelm.com,+14694308902,https://livewellanimallittleelm.com/,Frisco,TX
Plum Creek Veterinary Services,info@plumcreekveterinaryservices.com,+13036601600,http://plumcreekveterinaryservices.com/,Castle Rock,CO
Buzzards Bay Veterinary Associates,info@buzzardsbayvetassociates.com,+15087592521,https://buzzardsbayvetassociates.com/?oo-step=true&wait-before-scraping=1000&save-html=false&save-markdown=true,Buzzards Bay,MA
Veterinary Institute of Paducah,drjones@vipaducah.com,+12708453847,https://www.vipaducah.com/,Paducah,KY
Veterinary Institute of Paducah,staff@vipaducah.com,+12708453847,https://www.vipaducah.com/,Paducah,KY
Check In Veterinary,info.nppc@gmail.com,+16088376252,https://www.naturespreservepetcare.com/,Sun Prairie,WI
Baker Bristol Pet Hospital,bakerbristolpethospital@gmail.com,+17145460010,https://bakerbristolpethospital.com/,Costa Mesa,CA
Zoot Pet Hospital and Luxury Boarding,hospital.zoot@svp.vet,+15128649668,http://zootpets.com/,Georgetown,TX
Aspen Veterinary Clinic,info@aspenvetflagstaff.com,+19285262423,http://aspenvetflagstaff.com/,Flagstaff,AZ
North Fork Animal Clinic,northforkclinic@gmail.com,+17407737387,http://northforkanimalclinic.com/,Chillicothe,OH
Republican Valley Animal Center,kspellman@repvalleyanimal.com,+18558557822,https://www.repvalleyanimal.com/,Alma,NE
Republican Valley Animal Center,rvac@repvalleyanimal.com,+18558557822,https://www.repvalleyanimal.com/,Alma,NE
Bayonne Animal Hospital,hobokenvet@michaeltuderdvm.com,+12014207387,https://michaeltuderdvm.com/,Bayonne,NJ
Bayonne Animal Hospital,jcheightsvet@michaeltuderdvm.com,+12014207387,https://michaeltuderdvm.com/,Bayonne,NJ
Bayonne Animal Hospital,jcdowntownvet@michaeltuderdvm.com,+12014207387,https://michaeltuderdvm.com/,Bayonne,NJ
Bayonne Animal Hospital,bayonnevet@michaeltuderdvm.com,+12014207387,https://michaeltuderdvm.com/,Bayonne,NJ
Animal Hospital of Meadville,aacinfo@pinehollowvet.com,+14404376335,https://pinehollowvet.com/,Meadville,PA
Animal Hospital of Meadville,ahminfo@pinehollowvet.com,+14404376335,https://pinehollowvet.com/,Meadville,PA
Animal Hospital of Meadville,ahoinfo@pinehollowvet.com,+14404376335,https://pinehollowvet.com/,Meadville,PA
Animal Hospital of Meadville,wracinfo@pinehollowvet.com,+14404376335,https://pinehollowvet.com/,Meadville,PA
Firehouse Animal Health Center Round Rock,roundrockinfo@firehouse.vet,+15123107387,http://firehouseroundrock.com/,Round Rock,TX
Sunshine Pet Hospital,info@sunshinepethospital.com,+16303403443,https://sunshinepethospital.com/,Aurora,IL
All-Star Veterinary Clinic,reception@all-starvet.com,+13178969993,http://all-starvet.com/,Westfield,IN
Arroyo Veterinary Clinic,info@arroyovetclinic.com,+15102788440,https://sanlorenzovets.com/,San Lorenzo,CA
Glade Valley Animal Hospital,clientcare@gvahvets.com,+13016635591,http://gladevalleyanimalhospital.net/,Frederick,MD
Red Rocks Animal Center,info@redrocksanimal.com,+13039872026,https://www.redrocksanimal.com/site/home,Lakewood,CO
Kentlands Veterinary Hospital,frontdesk@kentlandsvet.com,+13015197941,http://kentlandsvet.com/,Gaithersburg,MD
Herbst Veterinary Hospital,reception@herbstvet.com,+18302493543,http://herbstvet.com/,Boerne,TX
"Catskill Veterinary Services, PLLC",info@catskillvetservices.com,+18457965919,https://catskillvetservices.com/,Rock Hill,NY
Shadow Creek Veterinary Clinic,shadowcreekvetclinic@gmail.com,+12059648866,https://www.shadowcreekvet.com/,Pearland,TX
Standifer's Animal Clinic,standifer.frontdesk@gmail.com,+12058718186,http://standiferanimalclinic.com/,Homewood,AL
Bear Creek Animal Hospital,bearcreekanimalhospital@gmail.com,+19708245964,https://bearcreekanimalhospital.com/,Craig,CO
Jasper Animal Hospital,clinic@jaspervet.com,+13036654007,http://jaspervet.com/,Lafayette,CO
TrueHeal Veterinary Hospital,staff@truehealvet.com,+12489191888,https://www.truehealvet.com/,Livonia,MI
Duxbury Animal Hospital,info@duxburyanimalhospital.com,+17816946490,https://www.duxburyanimalhospital.com/,Duxbury,MA
Animal Clinic of Verona,vet@animalclinicofverona.com,+15402486310,https://www.animalclinicofverona.com/,Verona,VA
Waller Equine Hospital,info@wallerequine.com,+19369312900,https://wallerequine.com/,Waller,TX
MainStreetVet.net,admin@mainstreetvet.net,+16102875100,https://www.mainstreetvet.net/,Zieglerville,PA
MainStreetVet.net,souderton@mainstreetvet.net,+16102875100,https://www.mainstreetvet.net/,Zieglerville,PA
Powhatan Animal Hospital,powhatananimalhospital@gmail.com,+18045981253,http://powhatanvet.com/,Powhatan,VA
Colorado State University Veterinary Teaching Hospital,cvmbs@colostate.edu,+19702975000,https://vetmedbiosci.colostate.edu/,Fort Collins,CO
The Veterinary Center At Hunters Crossing,info@thevetcenter.com,+13527277633,https://thevetcenter.com/,Gainesville,FL
Ashton Animal Clinic & The Pet Resort,ashtonanimal@comcast.net,+19419272700,https://www.ashtonanimalclinic.com/,Sarasota,FL
Shores Animal Clinic,shoresanimal@gmail.com,+15619644488,http://shoresanimalclinic.net/,West Palm Beach,FL
Central Boulevard Veterinary Hospital,brentwoodpets@gmail.com,+19253195883,https://www.brentwoodpets.com/,Brentwood,CA
Capital Blvd Animal Hospital & Pet Inn Raleigh & Wake Forest,capitalblvdah1@gmail.com,+19199486666,https://capitalah.com/,Raleigh,NC
Harvester Animal Clinic,harvesteranimalclinic@yahoo.com,+16364473839,http://harvesteranimalclinic.com/,St Peters,MO
St Francis Animal Hospital,appts@sfah.net,+17068606617,https://www.sfah.net/,Augusta,GA
Easton Veterinary Clinic and Rehabilitation Center,eastonvetclinic@gmail.com,+14108222282,https://eastonvetclinic.net/,Easton,MD
High Point Animal Hospital,info@highpointanimalclinic.com,+19724242070,https://www.highpointanimalclinic.com/,Plano,TX
"Faith Veterinary Hospital, PLLC",info@faithurgentvet.com,+19804340208,https://faithurgentvet.com/,Mooresville,NC
Tender Paws Animal Hospital,tenderpaws@suddenlinkmail.com,+19368563339,http://tenderpaws.net/,Conroe,TX
Butler Creek Animal Hospital,clientservices@butlercreekah.com,+17705293397,http://butlercreekah.com/,Kennesaw,GA
Riverview Veterinary Center,riverviewvetstaff@gmail.com,+18103294100,https://riverviewveterinarycenter.com/,St Clair,MI
Evolution Veterinary Specialty and Emergency Hospital,info@evolutionvet.com,+17205107707,https://evolutionvet.com/,Lakewood,CO
Pell City Animal Hospital,info@pellcityvets.com,+12058844104,http://pellcityvets.com/,Cropwell,AL
Animal Amour Veterinary Hospital & Pet Lodge,animalamourga@gmail.com,+17704728610,http://animalamourpetvet.com/,Hampton,GA
Chesapeake Animal Hospital,chesapeakeanimalhospital@gmail.com,+17575478459,http://chesapeakeanimalhospital.com/,Chesapeake,VA
Animal Doctor,info@animaldoctor.com,+17852234567,https://animaldoctorks.com/,Junction City,KS
Faithful Friends Animal Hospital,faithfulfriendsah@yahoo.com,+17195962717,http://faithfulfriendsanimalhospital.com/,Colorado Springs,CO
Cliftwood Animal Hospital,cliftwoodah@gmail.com,+14042529200,https://cliftwoodanimalhospital.com/,Atlanta,GA
Juno Beach Animal Hospital,jbah@junobeachanimalhospital.com,+15616268000,http://junobeachanimalhospital.com/,North Palm Beach,FL
Purdue University Equine Hospital,vetwebteam@purdue.edu,+17654947607,https://vet.purdue.edu/,West Lafayette,IN
The Animal Clinic,info.tac@yahoo.com,+19416250742,http://theanimalclinicportcharlotte.com/,Port Charlotte,FL
Northeast Veterinary Hospital,faxnevh@gmail.com,+17067781900,http://nevethospital.com/,Cornelia,GA
Delco Veterinary Hospital,lindajmapp51vet@gmail.com,+16105861577,https://delcoveterinaryhospital.com/,Sharon Hill,PA
Paws Bay Animal Hospital,info@pawsbayah.com,+18135511377,https://pawsbayah.com/,Tampa,FL
Walker Animal Hospital,walkeranimalhosp@gmail.com,+12256657277,https://www.walkeranimalhosp.com/,Walker,LA
Jog Lantana Animal Clinic,wecare@joglantanaac.com,+15618386513,http://joglantanaac.com/,Lake Worth Corridor,FL
"Intermountain Pet Hospital, Overland",info@iphoverland.com,+12089885300,https://www.iphoverland.com/,Meridian,ID
Gateway Animal Hospital,gatewayvet1@gmail.com,+19126819131,http://gatewayvets.com/,Statesboro,GA
Lawtonka Animal Chiropractic & Vet Hospital,lawtonkavethospital@gmail.com,+15805297389,https://lacvh.com/,Lawton,OK
Golden Triangle Animal Hospital,contact@gtahtexas.net,+18178181789,https://www.goldentriangleanimalhospital.com/,Southlake,TX
Electric City Animal Clinic,info.electriccityanimalclinic@gmail.com,+18642250015,http://electriccityanimalclinic.com/,Anderson,SC
Wynn Haven Animal Hospital,clients@wynnhavenanimalhospital.com,+18505812213,http://wynnhavenanimalhospital.com/,Mary Esther,FL
Brookstone Animal Hospital,info@brookstonevet.com,+17706280651,http://brookstonevet.com/,Acworth,GA
Sand Lake Animal Clinic,slac@slacvet.com,+14078764461,http://sandlakeanimalclinic.com/,Orlando,FL
Wareham Animal Hospital,mypet@warehamanimalhospital.com,+15082737149,https://warehamanimalhospital.com/,Wareham,MA
"Hoxie Veterinary Service, P.A.",clinic@hoxievetservice.net,+17856753378,https://www.hoxievet.com/,Hoxie,KS
Coastal Veterinary Clinic,coastalvetdelray@yahoo.com,+15617748044,http://coastalvetdelray.com/,Delray Beach,FL
Orchard Road Animal Hospital,orah@orchardroadanimalhospital.com,+16308440100,https://www.orchardroadanimalhospital.com/,Montgomery,IL
Legacy Drive Animal Hospital,legacydriveanimalhospital@gmail.com,+19725172828,https://www.legacydriveah.com/,Plano,TX
Brown Animal Hospital,customerservice@brownanimalhosp.com,+18433742420,https://brownanimalhosp.com/,Lake City,SC
Community Pet Health Center,frontdesk.cphc@gmail.com,+12106530422,http://communitypethealth.com/,San Antonio,TX
Westlake Animal Hospital,receptionist@westlakeanimalhospital.net,+17279381575,https://westlakeanimalhospital.net/,Tarpon Springs,FL
The Village Vets Buckhead,buckhead@thevillagevets.com,+17707171650,https://buckhead.thevillagevets.com/,Atlanta,GA
Walk-In Veterinary Care,walk-invetcare@yourvetdoc.com,+18132138515,https://walkinvetapollobeach.com/,Apollo Beach,FL
Veterinary Urgent Care Center - East Providence,dedham@veturgentcare.com,+17742518576,https://veturgentcare.com/,East Providence,RI
Veterinary Urgent Care Center - East Providence,eastprovidence@veturgentcare.com,+17742518576,https://veturgentcare.com/,East Providence,RI
Veterinary Urgent Care Center - East Providence,easton@veturgentcare.com,+17742518576,https://veturgentcare.com/,East Providence,RI
Veterinary Urgent Care Center - East Providence,worcester@veturgentcare.com,+17742518576,https://veturgentcare.com/,East Providence,RI
Veterinary Urgent Care Center - East Providence,plymouth@veturgentcare.com,+17742518576,https://veturgentcare.com/,East Providence,RI
Veterinary Urgent Care Center - East Providence,braintree@veturgentcare.com,+17742518576,https://veturgentcare.com/,East Providence,RI
Veterinary Urgent Care Center - East Providence,saugus@veturgentcare.com,+17742518576,https://veturgentcare.com/,East Providence,RI
Chevy Chase Animal Clinic,reception@chevychaseac.com,+18592667398,http://chevychaseanimalclinic.com/,Lexington,KY
Pico Veterinary Clinic San Clemente,picoveterinaryclinic@gmail.com,+19499960104,https://picoveterinaryclinic.com/,San Clemente,CA
Cedarcrest Animal Hospital,clientservice@cedarcrestah.com,+17705440580,http://cedarcrestah.com/,Acworth,GA
Bergheim Pet Hospital & Clinic,info@bergheimpetvet.com,+18303363113,https://bergheimpetvet.com/,Boerne,TX
Animal Medical Center of Orange,amcorange@gmail.com,+17149973686,https://www.animalmedicalcenteroforange.com/,Orange,CA
Dominion Animal Hospital,info@dominionanimalhospital.com,+17034374743,http://dominionanimalhospital.com/,Herndon,VA
Keller Animal Clinic,reception@kelleranimalclinic.net,+18174319079,http://kelleranimaltx.com/,Keller,TX
Your Family Veterinarian,yfvorlando9663@gmail.com,+14075689663,http://yfvorlando.com/,Orlando,FL
Tanglewilde Veterinary Clinic,tanglewildevet@gmail.com,+17137834044,http://tanglewildevet.com/,Houston,TX
43rd Avenue Animal Hospital,info@43aah.com,+16027559648,https://www.43aah.com/,Glendale,AZ
Four Corners Veterinary Clinic,animalhospitalofmaplevalley@yahoo.com,+14254320399,http://fourcornersveterinary.com/,Maple Valley,WA
Veterinary Emergency Clinic,vetERclinicPC@gmail.com,+19412555222,http://veterinaryemergencyclinic.com/,Port Charlotte,FL
Justin Animal Hospital and Grooming,staff@justinanimalhospital.com,+19406480328,https://www.justinanimalhospital.com/,Justin,TX
Brownswitch Pet Hospital,brownswitchpet@gmail.com,+19856462025,https://brownswitchpethospital.com/,Slidell,LA
Eastside Animal Hospital,info@myathensvet.com,+12562320660,http://myathensvet.com/,Athens,AL
Kokinos Equine Services Inc: John J Kokinos DVM,kokinosequine@icloud.com,+13159279030,http://kokinosvet.com/,Vernon,NY
Premium Vet Care - Mobile Animal Hospital,records@premiumvetcare.com,+17549002030,https://premiumvetcare.com/,Sunny Isles Beach,FL
Timuquana Animal Hospital,7790311@comcast.net,+19047790311,http://timuquanaanimalhospital.com/,Jacksonville,FL
Broadway Veterinary Hospital,frontdesk@broadwayvh.com,+12063225444,https://www.broadwayvh.com/,Seattle,WA
Lefferts Animal Hospital,leffertsah@yahoo.com,+19175215174,https://leffertsvet.com/,Richmond Hill,NY
Latah Creek Animal Hospital,frontdesk@latahcreekah.com,+15094627387,http://latahcreekah.com/,Spokane,WA
Brunswick Animal Hospital,brunswickanimal948@gmail.com,+19109392393,http://brunswickah.com/,Supply,NC
Acredale Animal Hospital,info@acredaleanimalhospital.com,+18042234567,http://acredaleanimalhospital.com/,Virginia Beach,VA
Crestview Veterinary Clinic on Airport Blvd,info@crestviewvcairport.com,+17372439650,http://crestviewveterinaryclinicairport.com/,Austin,TX
Total Care Animal Hospital,totalcareanimalhospital@gmail.com,+19723470900,http://totalcareanimalhospital.com/,Prosper,TX
Murrayville Veterinary Clinic,murrayvilleveter@bellsouth.net,+17705350280,http://murrayvillevet.com/,Murrayville,GA
Livewell Animal Hospital of Anchorage,hello@livewellanchorage.com,+15022433226,https://livewellanimalanchorage.com/,Louisville,KY
Prairie Animal Hospital,prairieanimalhospitalpeoria@gmail.com,+13099815112,https://peoriapetvet.com/,Peoria,IL
Old Town Veterinary Hospital,recep@otvethospital.com,+17373562400,http://otvethospital.com/,Georgetown,TX
Sienna Plantation Animal Hospital,clientservice@siennavet.com,+12817785246,http://siennaplantationanimalhospital.com/,Missouri City,TX
Southeastern Veterinary Surgery Center,info@sevetsurgery.com,+17065755479,https://www.sevetsurgery.com/,Columbus,GA
Sierra Animal Hospital,info@sierraah.com,+18136410707,http://sierraah.com/,Apollo Beach,FL
Oklahoma Veterinary Specialists,Careers@okvets.com,+19182994900,https://www.okvets.com/,Tulsa,OK
Oklahoma Veterinary Specialists,Emergency@okvets.com,+19182994900,https://www.okvets.com/,Tulsa,OK
Oklahoma Veterinary Specialists,Internalmedicine@okvets.com,+19182994900,https://www.okvets.com/,Tulsa,OK
Oklahoma Veterinary Specialists,OVSsurgery@gmail.com,+19182994900,https://www.okvets.com/,Tulsa,OK
Oklahoma Veterinary Specialists,Ophthalmology@okvets.com,+19182994900,https://www.okvets.com/,Tulsa,OK
Oklahoma Veterinary Specialists,Dermatology@okvets.com,+19182994900,https://www.okvets.com/,Tulsa,OK
Pleasant Hill Animal Hospital,pleasanthilldr@gmail.com,+17704769339,http://pleasanthillanimalhospital.com/,Duluth,GA
Britt Animal Hospital,clientcare.brittah@svp.vet,+12059672652,http://brittanimalhospital.com/,Birmingham,AL
Plymouth Veterinary Hospital,plymouthvethospital@gmail.com,+17344530485,http://plymouthvet.com/,Plymouth,MI
Germantown Parkway Animal Hospital,info@germantownah.com,+19017575093,https://www.germantownah.com/site/home,Cordova,TN
Cypress Square Animal Clinic,cypresssquareanimalclinic@gmail.com,+12814699633,http://cypresssquareanimalclinic.com/,Houston,TX
Westside Animal Hospital,clientservices@westsideanimal.com,+19193835578,http://westsideanimal.com/,Durham,NC
Cornerstone Animal Hospital,info@cornerstoneah.com,+18175148387,http://cornerstoneah.com/,North Richland Hills,TX
Harrisburg Animal Hospital,HarrisburgAH@gmail.com,+17049321182,https://harrisburganimalhospital.com/,Harrisburg,NC
Valleydale Animal Clinic,clientcare@valleydaleanimalclinic.com,+12059915416,http://valleydaleanimalclinic.com/,Birmingham,AL
Downtown Veterinary Associates,hobokenvet@michaeltuderdvm.com,+12014207387,https://michaeltuderdvm.com/,Jersey City,NJ
Downtown Veterinary Associates,jcheightsvet@michaeltuderdvm.com,+12014207387,https://michaeltuderdvm.com/,Jersey City,NJ
Downtown Veterinary Associates,jcdowntownvet@michaeltuderdvm.com,+12014207387,https://michaeltuderdvm.com/,Jersey City,NJ
Downtown Veterinary Associates,bayonnevet@michaeltuderdvm.com,+12014207387,https://michaeltuderdvm.com/,Jersey City,NJ
Betty Baugh's Animal Clinic,clientcare.bettyb@svp.vet,+18042887387,http://bettybaughsanimalclinic.com/,Richmond,VA
Animal Care Centers,info@animalcarectrs.com,+19733984111,https://animalcarectrs.com/,Flanders,NJ
South Flower Mound Animal Hospital,clientcare.flower@svp.vet,+19727247297,http://sfmah.net/,Flower Mound,TX
Graceful Animal Hospital,vet@gracefulanimalhospital.com,+19092919222,https://www.gracefulanimalhospital.com/,Rancho Cucamonga,CA
Animal Medical Center of Jupiter,amcjupiter@gmail.com,+15616580708,http://amcofjupiter.com/,Jupiter,FL
Horn Lake Animal Hospital and Urgent Care,hlahrads@yahoo.com,+16623938426,http://hornlakeanimal.com/,Horn Lake,MS
EMMAvet,frontdesk@emmavet.com,+17033733774,http://emmavet.com/,Alexandria,VA
Sun Lakes Chandler Animal Clinic,office@slcac.com,+14808957633,https://slcac.com/,Sun Lakes,AZ
Shohola Veterinary Hospital,happypaws@shoholaveterinaryhospital.org,+15704093565,http://shoholavet.com/,Shohola,PA
Sploot Veterinary Care - Highlands,info@splootvets.com,+13125846127,https://www.splootvets.com/,Denver,CO
Friendship Veterinary Hospital,info@friendship.vet,+18508629813,http://friendshipvethospital.com/,Fort Walton Beach,FL
Western Reserve Animal Clinic,aacinfo@pinehollowvet.com,+14404376335,https://pinehollowvet.com/,Pierpont,OH
Western Reserve Animal Clinic,ahminfo@pinehollowvet.com,+14404376335,https://pinehollowvet.com/,Pierpont,OH
Western Reserve Animal Clinic,ahoinfo@pinehollowvet.com,+14404376335,https://pinehollowvet.com/,Pierpont,OH
Western Reserve Animal Clinic,wracinfo@pinehollowvet.com,+14404376335,https://pinehollowvet.com/,Pierpont,OH
Ceglinski Animal Clinic,cacpaducah@gmail.com,+12705540171,https://ceglinskianimalclinic.com/,Paducah,KY
Gunbarrel Veterinary Hospital,clientservices@gunbarrelvet.com,+13035302500,https://www.gunbarrelvet.com/,Boulder,CO
Avondale Haslet Animal Clinic,avondalehasletac@gmail.com,+18174395252,http://avondalehasletanimalclinic.com/,Haslet,TX
Foster Creek Veterinary Hospital,office@fcvethospital.com,+18323631227,http://fostercreekvethospital.com/,Richmond,TX
The Oncology Service - Springfield,leesburg@tosvets.com,+15712091176,https://www.tosvets.com/,Springfield,VA
The Oncology Service - Springfield,richmond@tosvets.com,+15712091176,https://www.tosvets.com/,Springfield,VA
The Oncology Service - Springfield,springfield@tosvets.com,+15712091176,https://www.tosvets.com/,Springfield,VA
Curry Ford Animal Hospital,curryfordanimalhospital@vipvetshots.com,+14072755397,http://curryfordvets.com/,Orlando,FL
Highlands Animal Care,hello@pawshealthpartners.com,+17025086414,https://pawshealthpartners.com/,Henderson,NV
Rice Village Animal Hospital,info@rvahpet.com,+17135270489,https://www.rvahpet.com/,Houston,TX
BEEVET Animal Hospital,info@mybeevet.com,+15122639292,http://mybeevet.com/,Austin,TX
Pet Care Center,petcareclientservices@gmail.com,+15048872999,http://petcarecenterinc.com/,Metairie,LA
Goshen Animal Clinic,services@goshenanimalclinic.net,+15022281827,https://goshenanimalclinic.net/,Prospect,KY
Animal Hospital of Old Metairie,info@ahofom.com,+15043047367,http://animalhospitalofoldmetairie.com/,Metairie,LA
Parkside Animal Hospital,reception@parksideanimalhospital.com,+18172811111,http://parksideanimalhospital.com/,Keller,TX
Gailor Animal Hospital,info@gailoranimalhospital.com,+15023676400,https://www.gailoranimalhospital.com/,Louisville,KY
Sploot Veterinary Care - Belmar,info@splootvets.com,+13125846127,https://www.splootvets.com/,Lakewood,CO
Baker Animal Clinic,baker-ac@hotmail.com,+14053724525,http://bakeranimal.com/,Stillwater,OK
Bloomfield Animal Hospital,bloomfieldpet@yahoo.com,+15624029717,https://www.bloomfieldvet.com/,Lakewood,CA
Creekside Animal Hospital,creeksideah@gmail.com,+17657372742,https://www.creeksideah.com/,Lafayette,IN
Village Way Veterinary,villagewayvet@villagewayvet.com,+17043267324,http://villagewayvet.com/,Advance,NC
Veterinary Urgent Care Center - Plymouth,dedham@veturgentcare.com,+17742518576,https://veturgentcare.com/,Plymouth,MA
Veterinary Urgent Care Center - Plymouth,eastprovidence@veturgentcare.com,+17742518576,https://veturgentcare.com/,Plymouth,MA
Veterinary Urgent Care Center - Plymouth,easton@veturgentcare.com,+17742518576,https://veturgentcare.com/,Plymouth,MA
Veterinary Urgent Care Center - Plymouth,worcester@veturgentcare.com,+17742518576,https://veturgentcare.com/,Plymouth,MA
Veterinary Urgent Care Center - Plymouth,plymouth@veturgentcare.com,+17742518576,https://veturgentcare.com/,Plymouth,MA
Veterinary Urgent Care Center - Plymouth,braintree@veturgentcare.com,+17742518576,https://veturgentcare.com/,Plymouth,MA
Veterinary Urgent Care Center - Plymouth,saugus@veturgentcare.com,+17742518576,https://veturgentcare.com/,Plymouth,MA
Ocala Equine Hospital,info@oehvet.com,+13523681616,https://www.ocalaequinehospital.com/,Ocala,FL
Family Veterinary Clinic,info@familyveterinaryclinic.com,+14107214545,http://familyveterinaryclinic.com/,Gambrills,MD
Village Veterinary Hospital,info@vvhcny.com,+13153638700,https://vvhcny.com/,Canastota,NY
Village Veterinary Hospital,rehab@vvhcny.com,+13153638700,https://vvhcny.com/,Canastota,NY